# Calls offered to a service line over 20 weekdays (day 1 = Monday), 08:00-20:00.
# arrival_h: arrival time in hours since midnight; handle_min: talk + wrap-up time in minutes.
# Known issues: a telephony outage on day 8 (13:00-14:30, no calls logged); a few handle times of 0 are dropped connections.
# Generated by tools/make_course_data.py from engstoch.models.call_centre_rate (seed 2026). Columns: day, weekday, arrival_h, handle_min.
day,weekday,arrival_h,handle_min
1,Mon,8.01544,2.587
1,Mon,8.03647,2.233
1,Mon,8.04126,4.906
1,Mon,8.04783,1.372
1,Mon,8.08029,4.460
1,Mon,8.09566,14.508
1,Mon,8.11967,2.113
1,Mon,8.13873,7.757
1,Mon,8.15991,4.302
1,Mon,8.16340,2.757
1,Mon,8.17743,1.311
1,Mon,8.23389,13.052
1,Mon,8.23887,1.496
1,Mon,8.25227,2.430
1,Mon,8.26212,4.494
1,Mon,8.26826,5.349
1,Mon,8.31790,11.008
1,Mon,8.31847,1.153
1,Mon,8.32014,4.603
1,Mon,8.36163,5.266
1,Mon,8.36659,1.635
1,Mon,8.36848,8.334
1,Mon,8.38125,7.808
1,Mon,8.41007,4.874
1,Mon,8.43459,2.413
1,Mon,8.44604,4.053
1,Mon,8.45643,3.490
1,Mon,8.46227,5.431
1,Mon,8.47859,1.466
1,Mon,8.48329,2.021
1,Mon,8.49411,2.024
1,Mon,8.51470,2.687
1,Mon,8.51492,13.482
1,Mon,8.51671,4.366
1,Mon,8.51900,4.945
1,Mon,8.53947,0.863
1,Mon,8.54412,0.719
1,Mon,8.56982,2.629
1,Mon,8.58643,3.737
1,Mon,8.59471,3.526
1,Mon,8.59637,1.976
1,Mon,8.60701,1.939
1,Mon,8.62315,3.771
1,Mon,8.62430,6.696
1,Mon,8.65306,5.769
1,Mon,8.70089,2.171
1,Mon,8.70408,4.978
1,Mon,8.70542,2.363
1,Mon,8.70696,2.480
1,Mon,8.71270,0.618
1,Mon,8.72018,5.340
1,Mon,8.72620,2.076
1,Mon,8.72925,2.047
1,Mon,8.72967,1.814
1,Mon,8.73804,5.846
1,Mon,8.74546,3.076
1,Mon,8.74598,2.652
1,Mon,8.74652,0.681
1,Mon,8.76798,2.238
1,Mon,8.78309,1.430
1,Mon,8.78799,10.240
1,Mon,8.80241,2.240
1,Mon,8.80874,5.297
1,Mon,8.81531,1.468
1,Mon,8.82446,4.081
1,Mon,8.84622,0.851
1,Mon,8.85587,3.535
1,Mon,8.87566,3.374
1,Mon,8.89566,3.137
1,Mon,8.92892,2.059
1,Mon,8.93154,0.831
1,Mon,8.93794,0.613
1,Mon,8.97597,4.724
1,Mon,8.97719,4.083
1,Mon,8.97744,1.431
1,Mon,8.98262,0.350
1,Mon,8.98733,8.799
1,Mon,9.00903,4.407
1,Mon,9.01758,5.999
1,Mon,9.02034,4.551
1,Mon,9.02076,1.442
1,Mon,9.03958,1.207
1,Mon,9.04919,0.864
1,Mon,9.06425,2.972
1,Mon,9.07131,1.535
1,Mon,9.10697,1.104
1,Mon,9.10843,1.981
1,Mon,9.10869,25.176
1,Mon,9.11395,19.055
1,Mon,9.11613,6.819
1,Mon,9.11963,2.744
1,Mon,9.12868,3.036
1,Mon,9.14756,3.671
1,Mon,9.17718,1.894
1,Mon,9.19008,2.863
1,Mon,9.19309,3.728
1,Mon,9.21615,16.296
1,Mon,9.21629,1.158
1,Mon,9.22601,4.330
1,Mon,9.23797,4.563
1,Mon,9.25924,5.270
1,Mon,9.26453,2.180
1,Mon,9.26671,1.116
1,Mon,9.26832,2.938
1,Mon,9.27562,4.930
1,Mon,9.29789,1.188
1,Mon,9.29885,3.842
1,Mon,9.31743,0.953
1,Mon,9.32109,7.840
1,Mon,9.32340,2.537
1,Mon,9.32494,6.359
1,Mon,9.32510,2.834
1,Mon,9.33723,11.893
1,Mon,9.35088,2.964
1,Mon,9.35385,2.302
1,Mon,9.35566,5.271
1,Mon,9.36973,9.344
1,Mon,9.37328,1.817
1,Mon,9.38264,1.299
1,Mon,9.38308,1.888
1,Mon,9.41096,6.708
1,Mon,9.41342,4.034
1,Mon,9.41576,3.620
1,Mon,9.42242,3.680
1,Mon,9.42381,1.775
1,Mon,9.43355,2.146
1,Mon,9.43634,2.960
1,Mon,9.43698,2.565
1,Mon,9.44208,9.244
1,Mon,9.47668,3.865
1,Mon,9.48374,2.653
1,Mon,9.48400,4.647
1,Mon,9.50341,6.151
1,Mon,9.50814,2.376
1,Mon,9.52163,2.803
1,Mon,9.52717,1.981
1,Mon,9.53577,0.803
1,Mon,9.54795,0.612
1,Mon,9.55583,6.058
1,Mon,9.57251,1.601
1,Mon,9.57593,4.157
1,Mon,9.57763,3.726
1,Mon,9.58231,2.184
1,Mon,9.58470,4.926
1,Mon,9.59288,1.551
1,Mon,9.59772,1.441
1,Mon,9.62229,2.990
1,Mon,9.63144,0.895
1,Mon,9.63410,1.583
1,Mon,9.63838,2.661
1,Mon,9.65124,3.834
1,Mon,9.65504,7.110
1,Mon,9.65820,7.779
1,Mon,9.66154,8.220
1,Mon,9.67030,3.776
1,Mon,9.68284,2.250
1,Mon,9.68769,5.817
1,Mon,9.69295,2.650
1,Mon,9.69600,0.720
1,Mon,9.69867,2.939
1,Mon,9.69893,1.756
1,Mon,9.70447,2.646
1,Mon,9.70694,1.461
1,Mon,9.71335,1.332
1,Mon,9.72032,2.349
1,Mon,9.72694,2.864
1,Mon,9.73788,5.140
1,Mon,9.74810,3.669
1,Mon,9.75748,3.337
1,Mon,9.76024,5.368
1,Mon,9.76593,1.122
1,Mon,9.77505,8.407
1,Mon,9.77891,1.044
1,Mon,9.82178,14.274
1,Mon,9.82810,2.399
1,Mon,9.82986,4.405
1,Mon,9.86168,2.942
1,Mon,9.86918,5.076
1,Mon,9.87222,2.939
1,Mon,9.87425,1.240
1,Mon,9.87441,3.727
1,Mon,9.87836,2.139
1,Mon,9.88252,8.920
1,Mon,9.88931,6.248
1,Mon,9.89363,5.704
1,Mon,9.89367,1.461
1,Mon,9.89426,1.857
1,Mon,9.89757,1.715
1,Mon,9.89867,1.964
1,Mon,9.90774,4.284
1,Mon,9.90994,3.162
1,Mon,9.91258,1.375
1,Mon,9.91319,3.547
1,Mon,9.92017,3.903
1,Mon,9.92132,2.215
1,Mon,9.92450,5.499
1,Mon,9.92462,3.274
1,Mon,9.92891,2.782
1,Mon,9.93197,1.444
1,Mon,9.93302,4.378
1,Mon,9.93792,1.717
1,Mon,9.94426,4.332
1,Mon,9.95497,1.323
1,Mon,9.96798,5.431
1,Mon,9.97076,1.793
1,Mon,9.97822,1.851
1,Mon,9.97847,4.727
1,Mon,9.97905,5.030
1,Mon,9.98275,2.143
1,Mon,9.98961,4.658
1,Mon,9.99643,1.217
1,Mon,9.99647,3.607
1,Mon,10.01331,4.270
1,Mon,10.01741,6.061
1,Mon,10.04537,1.938
1,Mon,10.04605,2.160
1,Mon,10.04869,1.337
1,Mon,10.05228,2.000
1,Mon,10.06771,5.802
1,Mon,10.07050,4.001
1,Mon,10.07799,1.214
1,Mon,10.07969,4.421
1,Mon,10.08124,11.467
1,Mon,10.09957,2.348
1,Mon,10.09966,7.866
1,Mon,10.10800,2.780
1,Mon,10.12614,1.439
1,Mon,10.13292,5.656
1,Mon,10.15657,3.243
1,Mon,10.15824,3.808
1,Mon,10.17403,3.911
1,Mon,10.17442,6.403
1,Mon,10.18351,7.683
1,Mon,10.18418,1.491
1,Mon,10.18598,2.178
1,Mon,10.20113,4.045
1,Mon,10.21045,1.310
1,Mon,10.21214,2.256
1,Mon,10.22119,1.551
1,Mon,10.25453,2.085
1,Mon,10.25974,4.329
1,Mon,10.27424,1.891
1,Mon,10.27653,1.248
1,Mon,10.28192,1.716
1,Mon,10.29906,2.667
1,Mon,10.30216,3.633
1,Mon,10.30612,0.396
1,Mon,10.30868,2.703
1,Mon,10.30908,3.287
1,Mon,10.31774,3.625
1,Mon,10.31884,4.063
1,Mon,10.32807,3.168
1,Mon,10.33455,2.646
1,Mon,10.33887,4.452
1,Mon,10.34709,1.537
1,Mon,10.35112,7.932
1,Mon,10.35398,1.144
1,Mon,10.35480,5.048
1,Mon,10.35605,4.124
1,Mon,10.35791,3.134
1,Mon,10.36059,7.945
1,Mon,10.36066,3.442
1,Mon,10.36256,6.687
1,Mon,10.37422,0.363
1,Mon,10.37768,2.248
1,Mon,10.37943,0.780
1,Mon,10.38005,2.897
1,Mon,10.38892,8.389
1,Mon,10.38943,2.280
1,Mon,10.41072,3.384
1,Mon,10.41928,3.456
1,Mon,10.42024,2.327
1,Mon,10.42289,2.903
1,Mon,10.44218,5.094
1,Mon,10.44906,1.373
1,Mon,10.46589,5.463
1,Mon,10.46734,6.253
1,Mon,10.47146,12.967
1,Mon,10.47239,4.740
1,Mon,10.47431,2.419
1,Mon,10.48288,4.382
1,Mon,10.48295,2.901
1,Mon,10.48570,1.445
1,Mon,10.48753,1.227
1,Mon,10.50604,6.292
1,Mon,10.51331,4.124
1,Mon,10.52046,5.951
1,Mon,10.52124,2.666
1,Mon,10.52156,4.739
1,Mon,10.52389,1.815
1,Mon,10.53148,5.823
1,Mon,10.53240,2.080
1,Mon,10.53656,2.479
1,Mon,10.54968,3.218
1,Mon,10.55120,1.989
1,Mon,10.55529,2.237
1,Mon,10.56036,1.307
1,Mon,10.56934,2.493
1,Mon,10.57340,1.317
1,Mon,10.58368,4.071
1,Mon,10.58590,2.967
1,Mon,10.59435,9.305
1,Mon,10.59557,1.169
1,Mon,10.59562,4.104
1,Mon,10.60205,1.617
1,Mon,10.60209,1.876
1,Mon,10.60739,3.219
1,Mon,10.60958,1.531
1,Mon,10.62353,6.074
1,Mon,10.62804,1.870
1,Mon,10.62984,0.901
1,Mon,10.63001,5.316
1,Mon,10.64784,3.140
1,Mon,10.67167,5.597
1,Mon,10.67378,3.085
1,Mon,10.67989,6.664
1,Mon,10.68561,5.353
1,Mon,10.70517,26.969
1,Mon,10.70973,2.304
1,Mon,10.71267,2.126
1,Mon,10.71795,2.597
1,Mon,10.72056,1.332
1,Mon,10.72840,0.630
1,Mon,10.72899,3.539
1,Mon,10.73129,5.117
1,Mon,10.73593,9.185
1,Mon,10.73600,4.811
1,Mon,10.74102,2.760
1,Mon,10.74562,2.008
1,Mon,10.75462,2.073
1,Mon,10.75942,17.459
1,Mon,10.76168,6.262
1,Mon,10.76285,5.410
1,Mon,10.76295,4.157
1,Mon,10.76807,2.020
1,Mon,10.77289,8.560
1,Mon,10.77532,3.916
1,Mon,10.78684,7.921
1,Mon,10.80717,2.755
1,Mon,10.80733,3.401
1,Mon,10.81301,3.423
1,Mon,10.82363,3.410
1,Mon,10.82459,0.914
1,Mon,10.82849,4.992
1,Mon,10.84020,1.790
1,Mon,10.84083,2.480
1,Mon,10.84167,4.242
1,Mon,10.84307,1.678
1,Mon,10.85264,8.957
1,Mon,10.85285,2.125
1,Mon,10.85946,7.793
1,Mon,10.86252,0.909
1,Mon,10.86405,3.275
1,Mon,10.87296,4.274
1,Mon,10.87951,11.673
1,Mon,10.88069,0.834
1,Mon,10.88479,7.532
1,Mon,10.89906,3.581
1,Mon,10.90258,1.306
1,Mon,10.91643,1.891
1,Mon,10.93204,2.109
1,Mon,10.93383,1.633
1,Mon,10.93601,1.533
1,Mon,10.94399,2.128
1,Mon,10.95251,0.909
1,Mon,10.95437,7.136
1,Mon,10.96396,12.261
1,Mon,10.96418,1.638
1,Mon,10.96429,3.366
1,Mon,10.96703,2.936
1,Mon,10.97624,1.440
1,Mon,10.97801,2.179
1,Mon,10.98622,1.692
1,Mon,10.99287,1.409
1,Mon,10.99301,2.186
1,Mon,10.99639,2.958
1,Mon,10.99672,2.477
1,Mon,10.99973,4.163
1,Mon,11.00010,3.436
1,Mon,11.00619,11.418
1,Mon,11.02164,2.535
1,Mon,11.02181,1.572
1,Mon,11.02344,1.734
1,Mon,11.02345,2.905
1,Mon,11.03547,3.875
1,Mon,11.03734,2.289
1,Mon,11.04093,1.511
1,Mon,11.04156,1.122
1,Mon,11.04259,2.040
1,Mon,11.05195,1.417
1,Mon,11.05575,2.189
1,Mon,11.05727,4.077
1,Mon,11.05871,2.756
1,Mon,11.06146,5.312
1,Mon,11.06277,2.254
1,Mon,11.07725,3.099
1,Mon,11.08307,5.370
1,Mon,11.09535,1.887
1,Mon,11.11161,1.455
1,Mon,11.11266,1.248
1,Mon,11.11992,1.205
1,Mon,11.12001,5.338
1,Mon,11.15048,9.193
1,Mon,11.16078,6.408
1,Mon,11.19765,5.104
1,Mon,11.20111,2.578
1,Mon,11.20484,2.348
1,Mon,11.20751,2.090
1,Mon,11.20923,3.481
1,Mon,11.20929,6.144
1,Mon,11.21001,4.796
1,Mon,11.21328,4.197
1,Mon,11.22727,0.826
1,Mon,11.22735,4.600
1,Mon,11.24197,10.696
1,Mon,11.24372,5.631
1,Mon,11.25168,3.076
1,Mon,11.27443,4.936
1,Mon,11.28381,6.098
1,Mon,11.28943,2.333
1,Mon,11.29066,7.913
1,Mon,11.29423,6.458
1,Mon,11.29513,2.127
1,Mon,11.30126,2.842
1,Mon,11.30304,5.525
1,Mon,11.31863,9.212
1,Mon,11.32760,7.667
1,Mon,11.33326,2.939
1,Mon,11.33390,4.857
1,Mon,11.36019,2.910
1,Mon,11.37332,3.015
1,Mon,11.37398,2.135
1,Mon,11.37494,14.071
1,Mon,11.37715,7.771
1,Mon,11.38896,14.990
1,Mon,11.39695,2.908
1,Mon,11.40155,6.872
1,Mon,11.41981,1.371
1,Mon,11.42176,3.548
1,Mon,11.44161,2.479
1,Mon,11.44669,3.211
1,Mon,11.44715,10.844
1,Mon,11.44945,0.424
1,Mon,11.45320,2.270
1,Mon,11.45358,5.002
1,Mon,11.45856,3.067
1,Mon,11.47649,3.460
1,Mon,11.47682,1.658
1,Mon,11.47734,2.549
1,Mon,11.48353,6.647
1,Mon,11.48918,3.160
1,Mon,11.49017,2.148
1,Mon,11.50589,4.926
1,Mon,11.51319,5.857
1,Mon,11.52116,1.397
1,Mon,11.52466,0.688
1,Mon,11.52523,8.408
1,Mon,11.56344,10.844
1,Mon,11.56360,9.514
1,Mon,11.57475,2.833
1,Mon,11.57523,3.136
1,Mon,11.57707,11.736
1,Mon,11.57980,3.973
1,Mon,11.58538,1.467
1,Mon,11.58656,10.003
1,Mon,11.60633,5.387
1,Mon,11.61908,7.018
1,Mon,11.62967,3.639
1,Mon,11.63117,8.482
1,Mon,11.64223,1.559
1,Mon,11.65368,4.000
1,Mon,11.65615,2.977
1,Mon,11.65966,8.856
1,Mon,11.66075,2.818
1,Mon,11.66324,2.900
1,Mon,11.66879,1.695
1,Mon,11.66940,2.495
1,Mon,11.68161,4.882
1,Mon,11.68486,1.723
1,Mon,11.68557,0.565
1,Mon,11.69022,1.781
1,Mon,11.69571,1.026
1,Mon,11.70355,2.688
1,Mon,11.71433,2.951
1,Mon,11.71605,2.778
1,Mon,11.73161,1.315
1,Mon,11.73712,4.787
1,Mon,11.75250,1.018
1,Mon,11.76530,1.338
1,Mon,11.77245,2.198
1,Mon,11.78200,1.489
1,Mon,11.78940,3.177
1,Mon,11.79938,4.049
1,Mon,11.80121,2.768
1,Mon,11.80218,3.274
1,Mon,11.82197,2.459
1,Mon,11.82282,1.298
1,Mon,11.82474,5.694
1,Mon,11.82786,6.207
1,Mon,11.82863,1.646
1,Mon,11.83647,2.811
1,Mon,11.84024,2.537
1,Mon,11.84172,1.727
1,Mon,11.84399,1.561
1,Mon,11.84594,10.758
1,Mon,11.84796,1.915
1,Mon,11.85134,2.898
1,Mon,11.87491,4.361
1,Mon,11.88069,2.046
1,Mon,11.88354,0.829
1,Mon,11.88378,5.477
1,Mon,11.89620,6.063
1,Mon,11.89771,4.634
1,Mon,11.90297,2.685
1,Mon,11.91321,6.776
1,Mon,11.92265,1.671
1,Mon,11.92950,2.365
1,Mon,11.93087,3.125
1,Mon,11.93199,4.270
1,Mon,11.94448,0.808
1,Mon,11.98169,1.925
1,Mon,11.98854,3.396
1,Mon,12.00195,2.751
1,Mon,12.01846,2.308
1,Mon,12.02287,2.101
1,Mon,12.03734,0.791
1,Mon,12.04138,1.768
1,Mon,12.04444,4.202
1,Mon,12.04658,2.029
1,Mon,12.06777,1.967
1,Mon,12.07028,1.452
1,Mon,12.07296,5.273
1,Mon,12.07503,2.819
1,Mon,12.09557,1.413
1,Mon,12.10070,1.482
1,Mon,12.12153,1.910
1,Mon,12.12200,6.000
1,Mon,12.12683,4.282
1,Mon,12.12925,4.444
1,Mon,12.13069,2.512
1,Mon,12.13369,4.396
1,Mon,12.14528,11.223
1,Mon,12.15354,4.366
1,Mon,12.15731,3.685
1,Mon,12.17150,1.190
1,Mon,12.17389,5.015
1,Mon,12.19111,3.460
1,Mon,12.19266,2.078
1,Mon,12.19581,3.638
1,Mon,12.20362,6.341
1,Mon,12.20536,1.057
1,Mon,12.20706,2.781
1,Mon,12.22359,3.558
1,Mon,12.24273,2.045
1,Mon,12.25116,2.178
1,Mon,12.25220,6.813
1,Mon,12.25396,4.655
1,Mon,12.26587,5.114
1,Mon,12.26883,3.440
1,Mon,12.27424,1.751
1,Mon,12.27739,4.597
1,Mon,12.28173,1.135
1,Mon,12.28243,3.008
1,Mon,12.28710,4.819
1,Mon,12.30376,3.957
1,Mon,12.30460,3.908
1,Mon,12.31581,1.736
1,Mon,12.31615,5.569
1,Mon,12.35464,1.253
1,Mon,12.35962,5.967
1,Mon,12.36558,1.769
1,Mon,12.37636,2.069
1,Mon,12.38458,1.657
1,Mon,12.38527,4.962
1,Mon,12.39485,6.052
1,Mon,12.41241,4.064
1,Mon,12.41502,9.172
1,Mon,12.43613,10.561
1,Mon,12.44096,1.150
1,Mon,12.45036,1.543
1,Mon,12.45679,5.146
1,Mon,12.45962,1.525
1,Mon,12.46384,1.413
1,Mon,12.46814,0.695
1,Mon,12.47297,6.298
1,Mon,12.47316,3.402
1,Mon,12.48305,1.010
1,Mon,12.48417,4.340
1,Mon,12.48658,5.686
1,Mon,12.48928,1.416
1,Mon,12.50797,6.421
1,Mon,12.51642,3.613
1,Mon,12.51643,1.171
1,Mon,12.53770,6.927
1,Mon,12.55396,2.504
1,Mon,12.59037,1.487
1,Mon,12.59916,1.413
1,Mon,12.60749,1.443
1,Mon,12.61796,6.519
1,Mon,12.61968,6.201
1,Mon,12.62481,4.292
1,Mon,12.64028,1.187
1,Mon,12.65566,0.716
1,Mon,12.69997,9.610
1,Mon,12.70729,8.393
1,Mon,12.71053,5.114
1,Mon,12.71197,18.895
1,Mon,12.71631,3.507
1,Mon,12.72514,1.881
1,Mon,12.73100,1.910
1,Mon,12.73380,5.397
1,Mon,12.73382,4.302
1,Mon,12.76591,6.354
1,Mon,12.78238,5.978
1,Mon,12.78559,3.722
1,Mon,12.81783,1.367
1,Mon,12.82681,3.007
1,Mon,12.83999,5.448
1,Mon,12.84575,4.754
1,Mon,12.85916,6.917
1,Mon,12.85960,0.000
1,Mon,12.87096,1.013
1,Mon,12.87420,1.322
1,Mon,12.87681,5.088
1,Mon,12.91125,4.035
1,Mon,12.91484,1.377
1,Mon,12.92079,2.524
1,Mon,12.92137,1.271
1,Mon,12.92490,10.179
1,Mon,12.93053,1.846
1,Mon,12.93191,2.953
1,Mon,12.93940,14.627
1,Mon,12.94484,1.318
1,Mon,12.95590,5.406
1,Mon,12.96465,2.824
1,Mon,12.97481,5.490
1,Mon,12.98323,1.090
1,Mon,12.99238,1.803
1,Mon,12.99848,7.342
1,Mon,12.99998,1.137
1,Mon,13.00050,1.228
1,Mon,13.00969,2.164
1,Mon,13.02994,4.961
1,Mon,13.03685,1.077
1,Mon,13.07476,5.326
1,Mon,13.09610,3.626
1,Mon,13.10735,3.187
1,Mon,13.12015,2.330
1,Mon,13.13114,3.739
1,Mon,13.14288,3.271
1,Mon,13.14626,2.214
1,Mon,13.15669,1.894
1,Mon,13.16408,2.081
1,Mon,13.16536,3.314
1,Mon,13.17115,1.901
1,Mon,13.17492,0.432
1,Mon,13.18499,5.618
1,Mon,13.19808,2.253
1,Mon,13.20230,2.749
1,Mon,13.21421,1.938
1,Mon,13.23330,1.345
1,Mon,13.24470,1.654
1,Mon,13.26630,12.205
1,Mon,13.27303,1.924
1,Mon,13.27691,4.939
1,Mon,13.27802,6.767
1,Mon,13.29166,1.442
1,Mon,13.29670,1.825
1,Mon,13.30964,6.688
1,Mon,13.31014,1.792
1,Mon,13.31259,1.063
1,Mon,13.32189,12.584
1,Mon,13.33411,3.972
1,Mon,13.33930,8.005
1,Mon,13.34439,21.271
1,Mon,13.35049,11.065
1,Mon,13.36604,2.014
1,Mon,13.37458,1.927
1,Mon,13.37615,2.879
1,Mon,13.37709,12.636
1,Mon,13.38292,1.525
1,Mon,13.38840,1.247
1,Mon,13.39785,3.600
1,Mon,13.39932,3.203
1,Mon,13.42165,5.395
1,Mon,13.42399,4.560
1,Mon,13.42486,1.271
1,Mon,13.43717,4.765
1,Mon,13.44945,2.691
1,Mon,13.45762,2.919
1,Mon,13.46255,3.867
1,Mon,13.47991,9.963
1,Mon,13.49579,2.659
1,Mon,13.50464,3.149
1,Mon,13.50491,3.073
1,Mon,13.50566,4.951
1,Mon,13.50606,8.056
1,Mon,13.50623,1.241
1,Mon,13.50773,3.865
1,Mon,13.51536,6.014
1,Mon,13.53040,2.479
1,Mon,13.53865,4.656
1,Mon,13.54983,2.532
1,Mon,13.56279,4.904
1,Mon,13.56535,2.894
1,Mon,13.56716,2.415
1,Mon,13.58482,1.941
1,Mon,13.58669,1.843
1,Mon,13.59966,1.484
1,Mon,13.61730,0.884
1,Mon,13.61754,5.661
1,Mon,13.62386,3.362
1,Mon,13.63600,2.626
1,Mon,13.65006,6.319
1,Mon,13.65502,10.962
1,Mon,13.66147,1.668
1,Mon,13.67158,4.140
1,Mon,13.67627,1.206
1,Mon,13.68172,2.289
1,Mon,13.68441,5.150
1,Mon,13.69001,1.555
1,Mon,13.70258,2.884
1,Mon,13.70426,4.961
1,Mon,13.71024,2.885
1,Mon,13.73195,2.134
1,Mon,13.75006,0.954
1,Mon,13.75510,2.553
1,Mon,13.75892,4.601
1,Mon,13.76107,2.251
1,Mon,13.76737,4.929
1,Mon,13.77566,2.840
1,Mon,13.78323,4.885
1,Mon,13.78809,5.625
1,Mon,13.78884,3.299
1,Mon,13.79608,0.672
1,Mon,13.80248,6.124
1,Mon,13.83447,3.929
1,Mon,13.83968,0.717
1,Mon,13.85567,0.876
1,Mon,13.85765,1.665
1,Mon,13.85904,8.054
1,Mon,13.86302,1.336
1,Mon,13.87415,0.846
1,Mon,13.90018,2.188
1,Mon,13.91964,3.461
1,Mon,13.92773,2.204
1,Mon,13.93174,12.333
1,Mon,13.93618,7.056
1,Mon,13.94028,8.685
1,Mon,13.95127,2.164
1,Mon,13.95172,1.413
1,Mon,13.96009,3.557
1,Mon,13.97095,5.991
1,Mon,14.03061,4.583
1,Mon,14.03255,6.396
1,Mon,14.03734,2.924
1,Mon,14.03864,1.526
1,Mon,14.04050,3.084
1,Mon,14.04489,2.521
1,Mon,14.05300,3.364
1,Mon,14.05394,5.173
1,Mon,14.06625,2.687
1,Mon,14.06643,4.161
1,Mon,14.06839,8.669
1,Mon,14.07229,5.999
1,Mon,14.07897,4.157
1,Mon,14.08589,3.121
1,Mon,14.08624,4.078
1,Mon,14.08772,6.181
1,Mon,14.09455,13.983
1,Mon,14.09668,4.069
1,Mon,14.12832,3.716
1,Mon,14.13316,4.998
1,Mon,14.14697,3.529
1,Mon,14.14708,1.317
1,Mon,14.15299,6.128
1,Mon,14.15897,6.728
1,Mon,14.16918,2.102
1,Mon,14.20053,2.878
1,Mon,14.20796,2.084
1,Mon,14.20939,6.466
1,Mon,14.21012,1.870
1,Mon,14.21251,6.003
1,Mon,14.23178,2.261
1,Mon,14.23194,5.138
1,Mon,14.26365,5.116
1,Mon,14.27418,2.505
1,Mon,14.27459,3.275
1,Mon,14.29552,5.682
1,Mon,14.29758,9.297
1,Mon,14.29922,0.803
1,Mon,14.30161,5.412
1,Mon,14.30185,1.093
1,Mon,14.30493,3.556
1,Mon,14.30740,5.255
1,Mon,14.31119,1.365
1,Mon,14.31697,1.920
1,Mon,14.31965,1.082
1,Mon,14.33259,3.818
1,Mon,14.33327,3.313
1,Mon,14.34344,7.296
1,Mon,14.35591,1.425
1,Mon,14.40275,1.226
1,Mon,14.41426,6.384
1,Mon,14.42267,1.821
1,Mon,14.44802,1.247
1,Mon,14.45409,3.446
1,Mon,14.45465,1.451
1,Mon,14.45631,5.154
1,Mon,14.46028,0.997
1,Mon,14.46654,9.870
1,Mon,14.47308,2.346
1,Mon,14.47854,1.208
1,Mon,14.48664,2.836
1,Mon,14.56005,4.593
1,Mon,14.56017,1.987
1,Mon,14.56231,13.418
1,Mon,14.58297,2.710
1,Mon,14.59207,10.536
1,Mon,14.59305,8.790
1,Mon,14.61132,5.379
1,Mon,14.61658,3.481
1,Mon,14.61860,3.176
1,Mon,14.62846,1.337
1,Mon,14.63442,1.713
1,Mon,14.63779,0.432
1,Mon,14.63833,5.573
1,Mon,14.65076,3.494
1,Mon,14.66997,1.959
1,Mon,14.67503,3.023
1,Mon,14.67692,3.715
1,Mon,14.68105,1.002
1,Mon,14.68890,5.154
1,Mon,14.70398,5.603
1,Mon,14.70539,1.052
1,Mon,14.72455,3.563
1,Mon,14.72954,2.224
1,Mon,14.73443,2.711
1,Mon,14.73681,2.394
1,Mon,14.73878,4.935
1,Mon,14.75916,2.043
1,Mon,14.76711,24.152
1,Mon,14.79071,1.744
1,Mon,14.79276,5.547
1,Mon,14.81656,2.774
1,Mon,14.81694,6.650
1,Mon,14.82762,3.664
1,Mon,14.82780,1.746
1,Mon,14.82823,2.817
1,Mon,14.84366,8.348
1,Mon,14.86580,1.337
1,Mon,14.87397,1.380
1,Mon,14.87746,1.026
1,Mon,14.88490,1.318
1,Mon,14.89041,1.312
1,Mon,14.90403,1.086
1,Mon,14.91375,5.905
1,Mon,14.91683,11.013
1,Mon,14.92188,1.584
1,Mon,14.92906,2.763
1,Mon,14.93436,2.536
1,Mon,14.93461,2.786
1,Mon,14.94462,2.466
1,Mon,14.94809,3.595
1,Mon,14.95906,3.684
1,Mon,14.96067,3.192
1,Mon,14.96651,2.000
1,Mon,14.97088,0.922
1,Mon,14.97795,1.489
1,Mon,14.98186,5.248
1,Mon,14.98231,2.119
1,Mon,14.98379,2.641
1,Mon,14.98490,1.936
1,Mon,14.98575,2.623
1,Mon,14.98830,5.464
1,Mon,15.02590,3.330
1,Mon,15.02845,6.100
1,Mon,15.03882,0.399
1,Mon,15.04029,3.738
1,Mon,15.05127,2.675
1,Mon,15.05290,3.987
1,Mon,15.07204,0.830
1,Mon,15.08021,1.032
1,Mon,15.08083,1.383
1,Mon,15.09379,2.542
1,Mon,15.09430,5.423
1,Mon,15.10301,2.042
1,Mon,15.11467,8.417
1,Mon,15.12874,5.435
1,Mon,15.13091,1.730
1,Mon,15.14138,1.211
1,Mon,15.15529,0.756
1,Mon,15.17058,2.309
1,Mon,15.17062,12.802
1,Mon,15.17909,6.934
1,Mon,15.19370,3.571
1,Mon,15.21408,4.742
1,Mon,15.21515,2.871
1,Mon,15.23964,5.922
1,Mon,15.24150,2.092
1,Mon,15.24513,2.132
1,Mon,15.24541,1.726
1,Mon,15.24749,4.602
1,Mon,15.24800,3.095
1,Mon,15.25260,1.809
1,Mon,15.26099,2.369
1,Mon,15.26783,6.381
1,Mon,15.30853,1.896
1,Mon,15.31356,0.539
1,Mon,15.32688,1.499
1,Mon,15.33066,1.579
1,Mon,15.33978,1.640
1,Mon,15.35033,6.904
1,Mon,15.36362,2.656
1,Mon,15.36594,4.768
1,Mon,15.37165,1.413
1,Mon,15.37380,2.359
1,Mon,15.40917,1.479
1,Mon,15.41037,5.555
1,Mon,15.41650,0.743
1,Mon,15.41881,2.660
1,Mon,15.42813,2.262
1,Mon,15.42845,5.810
1,Mon,15.43646,4.219
1,Mon,15.43649,7.151
1,Mon,15.44012,11.320
1,Mon,15.44134,2.026
1,Mon,15.44772,2.210
1,Mon,15.46815,4.899
1,Mon,15.49349,2.583
1,Mon,15.49664,1.090
1,Mon,15.49737,5.290
1,Mon,15.50262,3.099
1,Mon,15.51048,3.318
1,Mon,15.51254,2.334
1,Mon,15.51982,5.464
1,Mon,15.52337,4.422
1,Mon,15.55408,4.091
1,Mon,15.55851,1.056
1,Mon,15.55988,0.547
1,Mon,15.56025,8.927
1,Mon,15.57403,2.113
1,Mon,15.57768,8.495
1,Mon,15.58268,6.564
1,Mon,15.59713,4.138
1,Mon,15.60319,2.751
1,Mon,15.60325,5.420
1,Mon,15.60718,1.995
1,Mon,15.60774,0.903
1,Mon,15.61268,3.562
1,Mon,15.61742,4.805
1,Mon,15.64927,5.971
1,Mon,15.66703,6.089
1,Mon,15.67250,2.820
1,Mon,15.67270,2.815
1,Mon,15.67725,2.058
1,Mon,15.68781,1.604
1,Mon,15.71083,1.787
1,Mon,15.71743,2.259
1,Mon,15.72157,3.859
1,Mon,15.73918,4.577
1,Mon,15.73925,2.348
1,Mon,15.74222,1.660
1,Mon,15.74356,5.477
1,Mon,15.74569,3.406
1,Mon,15.74797,0.750
1,Mon,15.76350,3.592
1,Mon,15.77460,2.274
1,Mon,15.78038,0.446
1,Mon,15.79693,2.291
1,Mon,15.80202,4.456
1,Mon,15.82595,2.563
1,Mon,15.84965,3.699
1,Mon,15.85169,4.618
1,Mon,15.85765,1.541
1,Mon,15.85872,3.127
1,Mon,15.89595,3.457
1,Mon,15.90437,2.649
1,Mon,15.91526,3.225
1,Mon,15.92503,6.332
1,Mon,15.92841,1.361
1,Mon,15.92901,1.303
1,Mon,15.93150,2.364
1,Mon,15.94512,0.757
1,Mon,15.94747,6.022
1,Mon,15.95485,2.169
1,Mon,15.97586,1.728
1,Mon,16.00531,4.542
1,Mon,16.01623,1.620
1,Mon,16.01791,3.476
1,Mon,16.02595,1.009
1,Mon,16.07792,5.152
1,Mon,16.08310,2.835
1,Mon,16.08686,4.640
1,Mon,16.08905,1.480
1,Mon,16.09226,4.134
1,Mon,16.09667,4.970
1,Mon,16.11278,2.248
1,Mon,16.11822,1.552
1,Mon,16.17127,1.821
1,Mon,16.18451,1.593
1,Mon,16.18874,2.057
1,Mon,16.21882,2.451
1,Mon,16.21891,4.480
1,Mon,16.25005,3.582
1,Mon,16.25436,2.007
1,Mon,16.27149,5.849
1,Mon,16.27334,6.378
1,Mon,16.28189,5.354
1,Mon,16.28798,4.868
1,Mon,16.29250,4.819
1,Mon,16.29323,1.300
1,Mon,16.30968,2.201
1,Mon,16.32413,2.052
1,Mon,16.33041,2.211
1,Mon,16.35056,4.680
1,Mon,16.35891,2.511
1,Mon,16.36330,5.631
1,Mon,16.36659,6.121
1,Mon,16.37135,3.621
1,Mon,16.37692,2.559
1,Mon,16.38660,7.377
1,Mon,16.46040,1.473
1,Mon,16.47556,8.493
1,Mon,16.48036,3.528
1,Mon,16.48818,10.717
1,Mon,16.58677,2.894
1,Mon,16.61844,2.705
1,Mon,16.63235,3.561
1,Mon,16.63749,3.013
1,Mon,16.67801,1.609
1,Mon,16.68906,1.546
1,Mon,16.69896,16.986
1,Mon,16.70086,4.408
1,Mon,16.72746,4.630
1,Mon,16.75447,6.900
1,Mon,16.75813,2.057
1,Mon,16.77608,2.267
1,Mon,16.78147,5.528
1,Mon,16.79327,3.091
1,Mon,16.83661,1.465
1,Mon,16.87494,1.302
1,Mon,16.88087,4.239
1,Mon,16.89387,6.165
1,Mon,16.91307,3.157
1,Mon,16.91516,1.964
1,Mon,16.92201,1.398
1,Mon,16.92695,2.053
1,Mon,16.93555,7.122
1,Mon,16.94665,3.737
1,Mon,16.98131,2.803
1,Mon,16.98238,3.188
1,Mon,16.98442,3.062
1,Mon,17.00402,2.551
1,Mon,17.00741,2.845
1,Mon,17.04936,2.905
1,Mon,17.06490,3.511
1,Mon,17.07430,3.979
1,Mon,17.11256,19.696
1,Mon,17.13356,4.529
1,Mon,17.14925,7.524
1,Mon,17.16180,3.061
1,Mon,17.16423,1.331
1,Mon,17.18823,7.169
1,Mon,17.19938,4.276
1,Mon,17.23032,3.291
1,Mon,17.24100,8.903
1,Mon,17.26279,2.922
1,Mon,17.30507,3.249
1,Mon,17.33776,3.025
1,Mon,17.36451,3.656
1,Mon,17.37657,1.093
1,Mon,17.37756,8.665
1,Mon,17.41068,4.648
1,Mon,17.43360,6.387
1,Mon,17.43680,11.326
1,Mon,17.52499,0.920
1,Mon,17.53967,2.023
1,Mon,17.54249,12.186
1,Mon,17.56190,3.124
1,Mon,17.56890,2.366
1,Mon,17.59791,9.290
1,Mon,17.60170,4.075
1,Mon,17.60382,3.628
1,Mon,17.60497,2.786
1,Mon,17.63401,2.976
1,Mon,17.64957,5.878
1,Mon,17.70915,5.677
1,Mon,17.71447,13.818
1,Mon,17.75703,3.950
1,Mon,17.76643,3.863
1,Mon,17.77404,2.559
1,Mon,17.78074,4.320
1,Mon,17.78702,0.943
1,Mon,17.80500,0.672
1,Mon,17.80781,3.032
1,Mon,17.82476,7.859
1,Mon,17.82601,7.151
1,Mon,17.85744,2.219
1,Mon,17.87163,0.849
1,Mon,17.88758,2.787
1,Mon,17.89413,18.627
1,Mon,17.92633,1.082
1,Mon,17.94796,1.652
1,Mon,17.95652,8.287
1,Mon,18.02976,1.416
1,Mon,18.04002,0.610
1,Mon,18.08448,11.766
1,Mon,18.09213,4.895
1,Mon,18.10808,0.831
1,Mon,18.13113,1.172
1,Mon,18.19685,1.023
1,Mon,18.20048,2.464
1,Mon,18.20425,10.101
1,Mon,18.27332,9.280
1,Mon,18.30811,2.514
1,Mon,18.32286,1.037
1,Mon,18.37989,2.138
1,Mon,18.38604,5.263
1,Mon,18.39489,1.433
1,Mon,18.40891,2.471
1,Mon,18.44969,1.276
1,Mon,18.46364,5.932
1,Mon,18.50346,0.862
1,Mon,18.60031,0.629
1,Mon,18.60921,4.111
1,Mon,18.61698,2.207
1,Mon,18.63452,3.981
1,Mon,18.64100,0.867
1,Mon,18.68226,0.930
1,Mon,18.68890,3.038
1,Mon,18.69083,1.427
1,Mon,18.71898,1.615
1,Mon,18.72239,4.215
1,Mon,18.76292,1.785
1,Mon,18.77679,7.697
1,Mon,18.77740,5.672
1,Mon,18.77815,1.678
1,Mon,18.79797,5.886
1,Mon,18.79895,1.041
1,Mon,18.81462,7.218
1,Mon,18.82318,7.730
1,Mon,18.83290,3.096
1,Mon,18.84027,3.754
1,Mon,18.88270,8.365
1,Mon,18.91232,2.013
1,Mon,18.93391,1.564
1,Mon,18.97146,4.303
1,Mon,18.99516,1.788
1,Mon,19.00387,1.131
1,Mon,19.00709,5.021
1,Mon,19.02759,2.589
1,Mon,19.02824,3.129
1,Mon,19.03650,7.341
1,Mon,19.06527,5.591
1,Mon,19.06645,4.461
1,Mon,19.07258,1.988
1,Mon,19.08118,2.718
1,Mon,19.10771,4.176
1,Mon,19.11056,4.095
1,Mon,19.14437,0.945
1,Mon,19.20439,3.000
1,Mon,19.22348,4.723
1,Mon,19.23812,1.703
1,Mon,19.25181,2.721
1,Mon,19.28153,2.266
1,Mon,19.28209,1.583
1,Mon,19.30009,6.091
1,Mon,19.30799,1.150
1,Mon,19.34691,3.246
1,Mon,19.38676,2.584
1,Mon,19.39421,5.067
1,Mon,19.40133,2.917
1,Mon,19.42347,5.585
1,Mon,19.42852,3.346
1,Mon,19.43113,6.671
1,Mon,19.46772,17.675
1,Mon,19.48498,1.929
1,Mon,19.48958,3.646
1,Mon,19.55392,3.360
1,Mon,19.56487,1.051
1,Mon,19.56706,8.685
1,Mon,19.56822,2.323
1,Mon,19.59122,7.276
1,Mon,19.64240,6.031
1,Mon,19.64334,10.525
1,Mon,19.69288,3.380
1,Mon,19.78768,11.736
1,Mon,19.84461,2.204
1,Mon,19.85010,2.292
1,Mon,19.85112,6.955
1,Mon,19.87262,1.787
1,Mon,19.89689,6.273
1,Mon,19.90262,0.926
1,Mon,19.90659,5.703
1,Mon,19.91607,4.449
1,Mon,19.94000,1.077
1,Mon,19.98038,10.592
2,Tue,8.03001,3.452
2,Tue,8.04460,4.904
2,Tue,8.05128,15.552
2,Tue,8.05233,1.077
2,Tue,8.05602,3.607
2,Tue,8.05699,10.249
2,Tue,8.08422,1.316
2,Tue,8.11240,10.598
2,Tue,8.11508,4.711
2,Tue,8.13619,7.778
2,Tue,8.15551,5.231
2,Tue,8.17655,2.474
2,Tue,8.20350,2.096
2,Tue,8.22173,0.000
2,Tue,8.23008,1.703
2,Tue,8.23567,5.342
2,Tue,8.24675,1.957
2,Tue,8.25173,9.214
2,Tue,8.26710,1.583
2,Tue,8.28736,10.135
2,Tue,8.29119,1.516
2,Tue,8.31447,2.825
2,Tue,8.34359,4.571
2,Tue,8.34892,0.497
2,Tue,8.35051,0.687
2,Tue,8.35973,5.072
2,Tue,8.36166,5.455
2,Tue,8.37211,1.760
2,Tue,8.39812,0.580
2,Tue,8.40888,1.711
2,Tue,8.40935,3.681
2,Tue,8.42499,2.124
2,Tue,8.42601,2.473
2,Tue,8.43945,3.498
2,Tue,8.45682,6.596
2,Tue,8.47061,0.765
2,Tue,8.48295,1.366
2,Tue,8.50447,4.104
2,Tue,8.53609,2.164
2,Tue,8.53627,2.006
2,Tue,8.54974,4.475
2,Tue,8.55345,4.429
2,Tue,8.55717,0.817
2,Tue,8.57820,1.799
2,Tue,8.57960,5.255
2,Tue,8.58089,1.225
2,Tue,8.58315,3.460
2,Tue,8.59047,3.579
2,Tue,8.59254,1.132
2,Tue,8.59904,2.496
2,Tue,8.62951,1.944
2,Tue,8.63312,3.197
2,Tue,8.63346,4.079
2,Tue,8.66307,6.917
2,Tue,8.67257,2.009
2,Tue,8.68970,3.259
2,Tue,8.69804,2.026
2,Tue,8.72562,3.011
2,Tue,8.73437,4.896
2,Tue,8.74027,2.675
2,Tue,8.74275,2.192
2,Tue,8.75887,2.014
2,Tue,8.79929,12.982
2,Tue,8.80809,2.406
2,Tue,8.81201,5.872
2,Tue,8.82996,1.974
2,Tue,8.84252,1.560
2,Tue,8.84934,5.987
2,Tue,8.87409,1.653
2,Tue,8.89489,4.447
2,Tue,8.90276,1.609
2,Tue,8.90887,1.109
2,Tue,8.92460,6.292
2,Tue,8.93730,7.887
2,Tue,8.94219,7.480
2,Tue,8.94622,2.998
2,Tue,8.94808,2.559
2,Tue,8.97202,6.127
2,Tue,8.97229,3.468
2,Tue,9.00349,5.951
2,Tue,9.03578,2.627
2,Tue,9.04269,1.668
2,Tue,9.05915,8.354
2,Tue,9.06955,2.721
2,Tue,9.07218,1.970
2,Tue,9.08900,1.929
2,Tue,9.10081,6.797
2,Tue,9.11597,7.472
2,Tue,9.12971,2.273
2,Tue,9.13011,3.066
2,Tue,9.13193,3.295
2,Tue,9.13522,1.950
2,Tue,9.16992,0.520
2,Tue,9.18123,2.283
2,Tue,9.18708,6.452
2,Tue,9.18727,2.712
2,Tue,9.21444,0.995
2,Tue,9.21897,2.369
2,Tue,9.22905,2.495
2,Tue,9.23473,4.213
2,Tue,9.23594,4.693
2,Tue,9.23643,1.181
2,Tue,9.24900,3.958
2,Tue,9.25154,3.879
2,Tue,9.27188,6.183
2,Tue,9.29109,9.157
2,Tue,9.29120,2.338
2,Tue,9.30108,4.809
2,Tue,9.30532,1.534
2,Tue,9.30646,2.252
2,Tue,9.31085,9.513
2,Tue,9.31655,2.369
2,Tue,9.32785,4.501
2,Tue,9.35097,3.214
2,Tue,9.35506,5.238
2,Tue,9.37073,0.567
2,Tue,9.37386,2.281
2,Tue,9.42662,7.005
2,Tue,9.43398,5.771
2,Tue,9.44112,5.557
2,Tue,9.44193,3.783
2,Tue,9.44781,9.822
2,Tue,9.45253,3.431
2,Tue,9.45966,3.217
2,Tue,9.46925,1.898
2,Tue,9.47092,2.818
2,Tue,9.49439,0.757
2,Tue,9.49910,3.847
2,Tue,9.50748,4.429
2,Tue,9.51195,4.572
2,Tue,9.51801,5.840
2,Tue,9.51855,2.017
2,Tue,9.51937,4.203
2,Tue,9.52247,1.425
2,Tue,9.52531,2.409
2,Tue,9.53044,1.394
2,Tue,9.54473,1.879
2,Tue,9.57872,3.636
2,Tue,9.58200,7.399
2,Tue,9.58376,4.559
2,Tue,9.59659,4.612
2,Tue,9.60148,3.470
2,Tue,9.61065,1.091
2,Tue,9.62119,1.209
2,Tue,9.62250,3.953
2,Tue,9.64045,7.268
2,Tue,9.64485,1.279
2,Tue,9.65511,1.391
2,Tue,9.66225,0.858
2,Tue,9.67488,5.452
2,Tue,9.69149,3.164
2,Tue,9.69801,0.923
2,Tue,9.71130,3.051
2,Tue,9.73257,1.723
2,Tue,9.73462,4.313
2,Tue,9.73488,1.111
2,Tue,9.73807,2.092
2,Tue,9.73947,3.798
2,Tue,9.74201,6.159
2,Tue,9.74727,1.636
2,Tue,9.75628,0.000
2,Tue,9.76534,7.571
2,Tue,9.77745,1.559
2,Tue,9.78177,1.360
2,Tue,9.79188,1.480
2,Tue,9.79237,2.845
2,Tue,9.80256,5.177
2,Tue,9.80934,2.291
2,Tue,9.81743,0.883
2,Tue,9.81875,3.128
2,Tue,9.81912,7.238
2,Tue,9.82653,5.886
2,Tue,9.84769,5.385
2,Tue,9.84919,4.027
2,Tue,9.85112,5.226
2,Tue,9.85359,2.191
2,Tue,9.85449,0.764
2,Tue,9.86729,3.366
2,Tue,9.88818,5.649
2,Tue,9.89511,10.487
2,Tue,9.90158,3.132
2,Tue,9.91896,3.218
2,Tue,9.93019,2.696
2,Tue,9.93175,2.284
2,Tue,9.93865,1.571
2,Tue,9.95463,11.622
2,Tue,9.95730,0.937
2,Tue,9.96490,10.188
2,Tue,9.96573,1.884
2,Tue,9.96609,2.250
2,Tue,9.96896,3.160
2,Tue,9.97351,0.407
2,Tue,9.98114,2.723
2,Tue,9.98971,11.939
2,Tue,10.00398,6.612
2,Tue,10.00444,1.001
2,Tue,10.01138,6.038
2,Tue,10.02891,1.631
2,Tue,10.03203,0.862
2,Tue,10.03256,0.915
2,Tue,10.03712,2.460
2,Tue,10.04833,0.884
2,Tue,10.05635,3.363
2,Tue,10.05787,3.442
2,Tue,10.06059,6.582
2,Tue,10.06782,7.730
2,Tue,10.06820,8.956
2,Tue,10.07603,3.583
2,Tue,10.07689,4.939
2,Tue,10.08312,10.362
2,Tue,10.08658,3.457
2,Tue,10.09820,3.024
2,Tue,10.10765,1.827
2,Tue,10.10790,2.795
2,Tue,10.11149,4.463
2,Tue,10.11287,2.511
2,Tue,10.11439,2.882
2,Tue,10.12019,8.905
2,Tue,10.12224,0.743
2,Tue,10.12952,1.474
2,Tue,10.12998,7.495
2,Tue,10.13011,4.070
2,Tue,10.13774,4.009
2,Tue,10.13959,0.780
2,Tue,10.14834,3.466
2,Tue,10.15558,4.259
2,Tue,10.15982,3.698
2,Tue,10.19469,5.714
2,Tue,10.20120,4.030
2,Tue,10.22231,3.635
2,Tue,10.22447,1.339
2,Tue,10.23259,6.551
2,Tue,10.23496,4.469
2,Tue,10.23782,7.386
2,Tue,10.25733,3.057
2,Tue,10.25943,2.948
2,Tue,10.28498,6.932
2,Tue,10.28921,2.883
2,Tue,10.30738,6.404
2,Tue,10.30749,1.219
2,Tue,10.31169,2.948
2,Tue,10.32639,2.096
2,Tue,10.32923,0.976
2,Tue,10.33298,3.534
2,Tue,10.33505,2.058
2,Tue,10.33768,0.643
2,Tue,10.33970,2.142
2,Tue,10.35589,2.142
2,Tue,10.36294,1.943
2,Tue,10.36721,3.223
2,Tue,10.36738,2.172
2,Tue,10.36752,3.955
2,Tue,10.37662,2.058
2,Tue,10.37705,3.643
2,Tue,10.37815,5.451
2,Tue,10.38088,1.867
2,Tue,10.38351,4.419
2,Tue,10.38476,5.948
2,Tue,10.38602,3.412
2,Tue,10.40263,5.589
2,Tue,10.40493,6.304
2,Tue,10.42370,5.128
2,Tue,10.44027,4.089
2,Tue,10.44366,1.797
2,Tue,10.44931,7.772
2,Tue,10.45480,4.776
2,Tue,10.47347,3.145
2,Tue,10.48145,3.454
2,Tue,10.48844,3.464
2,Tue,10.48969,3.269
2,Tue,10.49255,2.646
2,Tue,10.49384,1.485
2,Tue,10.49652,7.422
2,Tue,10.52493,3.196
2,Tue,10.53221,10.584
2,Tue,10.55164,1.657
2,Tue,10.55658,1.285
2,Tue,10.58227,6.469
2,Tue,10.58499,2.962
2,Tue,10.58696,0.857
2,Tue,10.59644,1.210
2,Tue,10.59906,5.015
2,Tue,10.60077,4.477
2,Tue,10.61090,2.430
2,Tue,10.61763,3.148
2,Tue,10.62497,2.207
2,Tue,10.62605,5.993
2,Tue,10.62988,4.207
2,Tue,10.63004,0.989
2,Tue,10.64723,4.414
2,Tue,10.64823,1.629
2,Tue,10.67859,1.603
2,Tue,10.68960,1.133
2,Tue,10.69980,4.127
2,Tue,10.70177,4.111
2,Tue,10.71101,10.678
2,Tue,10.72157,1.641
2,Tue,10.73038,4.881
2,Tue,10.73476,3.478
2,Tue,10.74442,4.984
2,Tue,10.74521,1.677
2,Tue,10.74544,2.484
2,Tue,10.75718,3.591
2,Tue,10.76615,0.585
2,Tue,10.77961,8.459
2,Tue,10.78018,9.955
2,Tue,10.78025,1.193
2,Tue,10.78539,2.616
2,Tue,10.80960,6.864
2,Tue,10.82089,2.563
2,Tue,10.82661,3.150
2,Tue,10.82666,0.938
2,Tue,10.83296,2.875
2,Tue,10.84766,1.149
2,Tue,10.85080,11.566
2,Tue,10.85117,14.289
2,Tue,10.85766,2.312
2,Tue,10.86284,2.853
2,Tue,10.86351,2.338
2,Tue,10.86581,1.403
2,Tue,10.87663,3.860
2,Tue,10.87922,7.440
2,Tue,10.88563,1.409
2,Tue,10.89701,2.194
2,Tue,10.90353,1.645
2,Tue,10.92357,1.459
2,Tue,10.92960,3.214
2,Tue,10.93217,1.237
2,Tue,10.93401,1.910
2,Tue,10.93506,2.313
2,Tue,10.94413,4.054
2,Tue,10.94512,0.863
2,Tue,10.95104,2.736
2,Tue,10.95627,1.720
2,Tue,10.95710,1.354
2,Tue,10.96605,1.113
2,Tue,10.98821,3.223
2,Tue,10.98936,3.453
2,Tue,10.99032,1.215
2,Tue,10.99143,2.162
2,Tue,10.99419,1.841
2,Tue,10.99553,3.670
2,Tue,11.00672,4.164
2,Tue,11.01055,4.241
2,Tue,11.02480,3.119
2,Tue,11.04535,2.605
2,Tue,11.04538,3.900
2,Tue,11.06168,3.143
2,Tue,11.07098,4.400
2,Tue,11.07782,4.863
2,Tue,11.07900,5.153
2,Tue,11.09357,2.964
2,Tue,11.09970,16.488
2,Tue,11.10800,39.300
2,Tue,11.12858,3.489
2,Tue,11.14207,1.230
2,Tue,11.16073,1.040
2,Tue,11.16539,1.784
2,Tue,11.17258,0.958
2,Tue,11.17707,4.379
2,Tue,11.18917,4.350
2,Tue,11.21453,4.748
2,Tue,11.21504,0.885
2,Tue,11.22550,6.574
2,Tue,11.23539,6.511
2,Tue,11.23774,1.243
2,Tue,11.25149,1.678
2,Tue,11.26198,1.211
2,Tue,11.26864,3.388
2,Tue,11.29413,2.037
2,Tue,11.31032,1.416
2,Tue,11.32940,2.159
2,Tue,11.34463,1.469
2,Tue,11.34518,5.263
2,Tue,11.34530,6.013
2,Tue,11.34536,3.631
2,Tue,11.36141,2.904
2,Tue,11.36609,5.324
2,Tue,11.36937,1.170
2,Tue,11.37969,4.066
2,Tue,11.38272,2.499
2,Tue,11.39679,4.946
2,Tue,11.39898,8.767
2,Tue,11.40044,2.397
2,Tue,11.40377,6.909
2,Tue,11.40436,2.550
2,Tue,11.41668,4.434
2,Tue,11.41773,3.179
2,Tue,11.42855,1.665
2,Tue,11.43539,2.651
2,Tue,11.49173,1.298
2,Tue,11.49905,2.035
2,Tue,11.51232,1.155
2,Tue,11.51849,5.628
2,Tue,11.52100,1.446
2,Tue,11.52240,3.255
2,Tue,11.53764,1.198
2,Tue,11.56602,5.061
2,Tue,11.57533,2.784
2,Tue,11.57835,16.761
2,Tue,11.58446,6.252
2,Tue,11.58511,3.647
2,Tue,11.58771,4.444
2,Tue,11.62471,1.725
2,Tue,11.63012,3.559
2,Tue,11.64493,8.867
2,Tue,11.65274,6.605
2,Tue,11.67283,5.149
2,Tue,11.67672,4.874
2,Tue,11.68177,2.898
2,Tue,11.68196,5.225
2,Tue,11.69458,3.052
2,Tue,11.69664,1.763
2,Tue,11.69726,2.354
2,Tue,11.70451,1.069
2,Tue,11.71191,1.761
2,Tue,11.71265,1.806
2,Tue,11.71615,3.985
2,Tue,11.72165,8.249
2,Tue,11.72771,1.179
2,Tue,11.73863,4.206
2,Tue,11.74042,1.674
2,Tue,11.74229,1.532
2,Tue,11.75215,4.177
2,Tue,11.75415,1.151
2,Tue,11.76326,2.253
2,Tue,11.76968,2.389
2,Tue,11.77499,2.324
2,Tue,11.77950,1.623
2,Tue,11.78282,9.757
2,Tue,11.78448,6.078
2,Tue,11.79002,3.262
2,Tue,11.79475,4.424
2,Tue,11.79493,12.978
2,Tue,11.80326,4.706
2,Tue,11.80351,2.696
2,Tue,11.80884,7.404
2,Tue,11.82461,2.062
2,Tue,11.84623,4.781
2,Tue,11.85261,10.627
2,Tue,11.86131,0.597
2,Tue,11.86251,1.761
2,Tue,11.86362,1.095
2,Tue,11.86391,1.483
2,Tue,11.86993,1.485
2,Tue,11.88211,2.351
2,Tue,11.88730,4.973
2,Tue,11.89444,0.907
2,Tue,11.89590,0.995
2,Tue,11.89765,8.065
2,Tue,11.89955,3.582
2,Tue,11.90449,3.667
2,Tue,11.90975,4.269
2,Tue,11.92010,2.327
2,Tue,11.92976,2.915
2,Tue,11.93788,0.811
2,Tue,11.93877,1.709
2,Tue,11.93978,10.109
2,Tue,11.94071,11.667
2,Tue,11.94243,1.343
2,Tue,11.96098,3.951
2,Tue,11.96860,1.516
2,Tue,11.98333,1.108
2,Tue,11.98496,3.816
2,Tue,11.99067,7.074
2,Tue,12.01697,1.463
2,Tue,12.03744,2.321
2,Tue,12.03902,3.326
2,Tue,12.03921,2.532
2,Tue,12.05212,3.572
2,Tue,12.06362,1.792
2,Tue,12.06873,11.803
2,Tue,12.08026,1.575
2,Tue,12.11337,6.390
2,Tue,12.11603,4.158
2,Tue,12.13370,1.243
2,Tue,12.13455,1.910
2,Tue,12.13921,2.537
2,Tue,12.14024,1.494
2,Tue,12.16592,4.905
2,Tue,12.18456,4.884
2,Tue,12.18758,2.918
2,Tue,12.19279,3.636
2,Tue,12.22170,8.018
2,Tue,12.22469,2.637
2,Tue,12.22749,2.965
2,Tue,12.25646,3.900
2,Tue,12.29515,5.053
2,Tue,12.29667,3.438
2,Tue,12.31310,7.438
2,Tue,12.32606,9.126
2,Tue,12.34134,0.691
2,Tue,12.34349,1.301
2,Tue,12.34503,1.370
2,Tue,12.34535,6.268
2,Tue,12.35493,4.324
2,Tue,12.41473,5.977
2,Tue,12.41925,2.835
2,Tue,12.42832,6.614
2,Tue,12.43282,2.626
2,Tue,12.45301,2.778
2,Tue,12.45539,5.738
2,Tue,12.46128,3.256
2,Tue,12.46493,0.869
2,Tue,12.47006,3.443
2,Tue,12.47837,0.829
2,Tue,12.48373,2.587
2,Tue,12.52030,2.344
2,Tue,12.52405,2.136
2,Tue,12.53202,2.673
2,Tue,12.53408,4.212
2,Tue,12.53908,2.018
2,Tue,12.54255,2.457
2,Tue,12.55796,1.476
2,Tue,12.56867,5.130
2,Tue,12.58513,4.393
2,Tue,12.59245,3.884
2,Tue,12.59701,2.794
2,Tue,12.59925,3.909
2,Tue,12.61017,3.941
2,Tue,12.61550,2.014
2,Tue,12.62549,4.518
2,Tue,12.66569,3.620
2,Tue,12.67342,1.569
2,Tue,12.68594,17.051
2,Tue,12.68788,1.447
2,Tue,12.70361,3.843
2,Tue,12.71350,2.729
2,Tue,12.71532,2.015
2,Tue,12.74936,4.773
2,Tue,12.75540,5.873
2,Tue,12.77906,1.266
2,Tue,12.78820,1.354
2,Tue,12.79255,0.897
2,Tue,12.82193,2.887
2,Tue,12.83019,1.817
2,Tue,12.83807,8.615
2,Tue,12.84534,6.576
2,Tue,12.85613,3.550
2,Tue,12.85769,2.738
2,Tue,12.88577,5.200
2,Tue,12.89465,2.000
2,Tue,12.91795,5.121
2,Tue,12.92768,4.913
2,Tue,12.94876,4.813
2,Tue,12.96082,2.809
2,Tue,12.97814,0.959
2,Tue,12.98518,1.346
2,Tue,12.99433,2.554
2,Tue,13.01969,2.343
2,Tue,13.02195,4.132
2,Tue,13.03101,2.404
2,Tue,13.04947,5.151
2,Tue,13.05798,1.670
2,Tue,13.08622,4.106
2,Tue,13.08854,9.713
2,Tue,13.09084,2.143
2,Tue,13.09243,1.900
2,Tue,13.11072,2.457
2,Tue,13.14619,3.476
2,Tue,13.14882,0.000
2,Tue,13.17496,12.544
2,Tue,13.18391,5.291
2,Tue,13.18690,1.963
2,Tue,13.20237,13.654
2,Tue,13.22849,4.025
2,Tue,13.23188,10.308
2,Tue,13.25732,2.687
2,Tue,13.27764,0.658
2,Tue,13.29045,2.013
2,Tue,13.29659,5.139
2,Tue,13.30658,2.314
2,Tue,13.31116,8.391
2,Tue,13.32568,3.382
2,Tue,13.32989,7.110
2,Tue,13.33626,2.070
2,Tue,13.33646,5.189
2,Tue,13.37518,1.081
2,Tue,13.38311,2.782
2,Tue,13.38576,3.513
2,Tue,13.39481,7.426
2,Tue,13.39660,5.573
2,Tue,13.40775,5.321
2,Tue,13.42535,4.215
2,Tue,13.43227,2.944
2,Tue,13.44625,2.259
2,Tue,13.45143,1.343
2,Tue,13.45193,7.057
2,Tue,13.46801,9.160
2,Tue,13.47436,0.897
2,Tue,13.48167,3.074
2,Tue,13.49696,5.549
2,Tue,13.49894,4.011
2,Tue,13.49976,5.081
2,Tue,13.50572,2.104
2,Tue,13.51706,3.698
2,Tue,13.54284,2.713
2,Tue,13.54646,2.646
2,Tue,13.54951,1.328
2,Tue,13.55928,2.924
2,Tue,13.56669,1.393
2,Tue,13.57421,7.057
2,Tue,13.59283,4.580
2,Tue,13.61191,3.309
2,Tue,13.62500,0.676
2,Tue,13.66753,5.622
2,Tue,13.67375,1.790
2,Tue,13.68574,5.641
2,Tue,13.69743,5.476
2,Tue,13.71181,8.452
2,Tue,13.71714,3.694
2,Tue,13.71775,5.388
2,Tue,13.72601,5.176
2,Tue,13.72633,3.632
2,Tue,13.73070,4.803
2,Tue,13.73629,3.492
2,Tue,13.74284,4.462
2,Tue,13.75581,2.373
2,Tue,13.76118,2.033
2,Tue,13.76181,6.949
2,Tue,13.77239,3.399
2,Tue,13.78097,6.168
2,Tue,13.78924,0.654
2,Tue,13.79026,4.438
2,Tue,13.79351,2.447
2,Tue,13.81089,6.453
2,Tue,13.81154,2.127
2,Tue,13.82227,0.590
2,Tue,13.83831,1.256
2,Tue,13.84510,9.537
2,Tue,13.85548,1.884
2,Tue,13.89068,3.371
2,Tue,13.89223,4.848
2,Tue,13.90310,2.120
2,Tue,13.91509,6.578
2,Tue,13.91570,2.717
2,Tue,13.93078,3.344
2,Tue,13.96815,6.116
2,Tue,14.00219,1.106
2,Tue,14.01527,5.355
2,Tue,14.01638,6.689
2,Tue,14.02540,9.149
2,Tue,14.04628,1.542
2,Tue,14.05166,4.420
2,Tue,14.05654,29.544
2,Tue,14.06198,3.581
2,Tue,14.06502,8.072
2,Tue,14.07095,3.127
2,Tue,14.10837,2.132
2,Tue,14.13430,3.584
2,Tue,14.14301,3.919
2,Tue,14.14339,5.401
2,Tue,14.14462,7.090
2,Tue,14.14739,3.416
2,Tue,14.15629,2.235
2,Tue,14.15897,1.772
2,Tue,14.16461,3.014
2,Tue,14.17285,7.046
2,Tue,14.17669,6.986
2,Tue,14.18308,3.296
2,Tue,14.18901,5.333
2,Tue,14.19198,2.907
2,Tue,14.20148,2.543
2,Tue,14.20387,3.499
2,Tue,14.21490,7.750
2,Tue,14.22225,3.302
2,Tue,14.22378,2.032
2,Tue,14.22857,4.616
2,Tue,14.23389,14.588
2,Tue,14.23644,12.922
2,Tue,14.23797,8.902
2,Tue,14.24120,1.965
2,Tue,14.24578,1.690
2,Tue,14.25277,6.695
2,Tue,14.26059,11.141
2,Tue,14.28858,6.341
2,Tue,14.29032,1.067
2,Tue,14.29199,2.833
2,Tue,14.30166,7.932
2,Tue,14.31022,3.725
2,Tue,14.31304,3.176
2,Tue,14.31407,4.214
2,Tue,14.31733,1.798
2,Tue,14.32240,6.329
2,Tue,14.35504,2.744
2,Tue,14.37262,3.224
2,Tue,14.37545,4.537
2,Tue,14.38203,9.711
2,Tue,14.38720,2.351
2,Tue,14.38938,3.175
2,Tue,14.40843,1.834
2,Tue,14.40872,3.471
2,Tue,14.41060,2.098
2,Tue,14.42081,4.432
2,Tue,14.45692,2.847
2,Tue,14.48092,10.244
2,Tue,14.48822,1.529
2,Tue,14.49049,8.580
2,Tue,14.50446,1.936
2,Tue,14.51291,5.121
2,Tue,14.51820,8.549
2,Tue,14.51844,4.384
2,Tue,14.52598,5.598
2,Tue,14.53373,0.914
2,Tue,14.53451,4.555
2,Tue,14.54532,9.355
2,Tue,14.54772,8.236
2,Tue,14.56024,4.153
2,Tue,14.58736,2.256
2,Tue,14.59823,2.870
2,Tue,14.62224,2.970
2,Tue,14.62530,3.359
2,Tue,14.64080,6.077
2,Tue,14.65164,1.846
2,Tue,14.66071,2.763
2,Tue,14.67910,10.118
2,Tue,14.68368,1.619
2,Tue,14.68939,2.703
2,Tue,14.70839,4.489
2,Tue,14.70903,1.473
2,Tue,14.70991,3.628
2,Tue,14.71309,2.689
2,Tue,14.73495,5.821
2,Tue,14.73620,3.656
2,Tue,14.74233,1.746
2,Tue,14.75106,2.738
2,Tue,14.76176,16.355
2,Tue,14.76375,0.000
2,Tue,14.77683,1.742
2,Tue,14.78824,6.690
2,Tue,14.80745,1.663
2,Tue,14.81590,2.115
2,Tue,14.81940,6.298
2,Tue,14.82445,4.257
2,Tue,14.82726,4.263
2,Tue,14.83328,1.393
2,Tue,14.84219,21.306
2,Tue,14.84743,2.796
2,Tue,14.85014,3.013
2,Tue,14.85275,2.900
2,Tue,14.86798,2.235
2,Tue,14.86835,2.286
2,Tue,14.87176,5.784
2,Tue,14.88023,2.917
2,Tue,14.88138,1.946
2,Tue,14.89458,4.489
2,Tue,14.93153,1.527
2,Tue,14.93982,2.567
2,Tue,14.95740,1.060
2,Tue,14.96191,2.261
2,Tue,15.00456,1.087
2,Tue,15.01883,1.184
2,Tue,15.02350,3.494
2,Tue,15.03064,13.090
2,Tue,15.03463,4.195
2,Tue,15.04532,2.567
2,Tue,15.05435,4.598
2,Tue,15.06183,5.655
2,Tue,15.06219,5.450
2,Tue,15.07595,3.000
2,Tue,15.07934,2.257
2,Tue,15.08877,6.422
2,Tue,15.09512,3.639
2,Tue,15.12336,3.405
2,Tue,15.13141,2.820
2,Tue,15.14396,1.099
2,Tue,15.14862,7.749
2,Tue,15.15368,1.820
2,Tue,15.19835,4.395
2,Tue,15.21205,4.137
2,Tue,15.22990,2.261
2,Tue,15.23590,1.374
2,Tue,15.24605,3.493
2,Tue,15.24827,4.310
2,Tue,15.25379,1.086
2,Tue,15.26324,2.061
2,Tue,15.29548,1.593
2,Tue,15.30029,2.255
2,Tue,15.33431,1.091
2,Tue,15.33981,4.421
2,Tue,15.34159,3.096
2,Tue,15.35280,1.134
2,Tue,15.36026,5.427
2,Tue,15.36486,3.393
2,Tue,15.36627,4.150
2,Tue,15.38213,4.132
2,Tue,15.38414,1.473
2,Tue,15.39701,1.196
2,Tue,15.40314,0.963
2,Tue,15.42036,4.119
2,Tue,15.42898,2.094
2,Tue,15.42939,2.604
2,Tue,15.43480,3.448
2,Tue,15.46259,4.823
2,Tue,15.49005,6.009
2,Tue,15.49238,5.731
2,Tue,15.51037,6.381
2,Tue,15.52588,1.309
2,Tue,15.54493,2.878
2,Tue,15.56111,6.652
2,Tue,15.58058,7.291
2,Tue,15.58263,1.808
2,Tue,15.60005,1.876
2,Tue,15.61003,2.355
2,Tue,15.61475,3.014
2,Tue,15.61990,3.032
2,Tue,15.62406,7.828
2,Tue,15.62481,11.064
2,Tue,15.62792,2.284
2,Tue,15.63768,5.087
2,Tue,15.64153,2.582
2,Tue,15.64217,6.687
2,Tue,15.64236,2.927
2,Tue,15.64435,2.159
2,Tue,15.65889,0.980
2,Tue,15.66618,2.449
2,Tue,15.67247,1.462
2,Tue,15.69056,6.339
2,Tue,15.69383,4.446
2,Tue,15.69483,2.785
2,Tue,15.70645,2.797
2,Tue,15.75019,0.962
2,Tue,15.75061,2.602
2,Tue,15.75382,4.575
2,Tue,15.75908,4.306
2,Tue,15.77475,1.841
2,Tue,15.77663,0.949
2,Tue,15.80477,2.010
2,Tue,15.82182,3.535
2,Tue,15.85230,2.082
2,Tue,15.85655,1.373
2,Tue,15.88141,1.726
2,Tue,15.88421,0.000
2,Tue,15.89897,3.264
2,Tue,15.90108,1.343
2,Tue,15.91251,1.922
2,Tue,15.91954,1.894
2,Tue,15.95887,4.138
2,Tue,15.99249,1.663
2,Tue,15.99458,2.526
2,Tue,16.00127,2.355
2,Tue,16.01894,8.754
2,Tue,16.03996,3.861
2,Tue,16.04049,2.683
2,Tue,16.04124,3.426
2,Tue,16.04129,5.305
2,Tue,16.04227,2.188
2,Tue,16.05281,1.576
2,Tue,16.05500,1.335
2,Tue,16.10559,3.274
2,Tue,16.11178,1.962
2,Tue,16.12738,2.957
2,Tue,16.16930,1.157
2,Tue,16.17018,4.798
2,Tue,16.17386,1.883
2,Tue,16.17939,5.552
2,Tue,16.18141,2.725
2,Tue,16.20090,3.445
2,Tue,16.21929,1.266
2,Tue,16.22962,4.405
2,Tue,16.23032,1.565
2,Tue,16.23147,5.892
2,Tue,16.23916,2.373
2,Tue,16.24233,4.435
2,Tue,16.24306,2.182
2,Tue,16.24401,1.510
2,Tue,16.24755,4.672
2,Tue,16.25169,16.848
2,Tue,16.25360,2.236
2,Tue,16.25397,3.805
2,Tue,16.26131,2.707
2,Tue,16.26569,1.310
2,Tue,16.27079,5.386
2,Tue,16.29096,1.863
2,Tue,16.29496,5.450
2,Tue,16.29553,1.873
2,Tue,16.29560,3.264
2,Tue,16.31862,0.892
2,Tue,16.34130,5.401
2,Tue,16.39279,2.340
2,Tue,16.43090,19.135
2,Tue,16.44467,3.074
2,Tue,16.46046,0.653
2,Tue,16.51512,16.602
2,Tue,16.51920,4.945
2,Tue,16.55100,5.508
2,Tue,16.57273,5.370
2,Tue,16.57365,4.974
2,Tue,16.57727,1.209
2,Tue,16.58070,3.457
2,Tue,16.58103,1.516
2,Tue,16.58236,4.874
2,Tue,16.59938,0.785
2,Tue,16.60955,0.792
2,Tue,16.63080,7.641
2,Tue,16.63127,2.875
2,Tue,16.64169,6.513
2,Tue,16.66753,4.616
2,Tue,16.67513,1.822
2,Tue,16.67814,3.016
2,Tue,16.69086,12.584
2,Tue,16.69122,8.192
2,Tue,16.70721,1.719
2,Tue,16.70731,0.893
2,Tue,16.71099,2.355
2,Tue,16.72758,14.382
2,Tue,16.73406,3.420
2,Tue,16.74704,2.438
2,Tue,16.75364,4.110
2,Tue,16.76118,10.132
2,Tue,16.76779,1.281
2,Tue,16.84388,7.056
2,Tue,16.86046,2.879
2,Tue,16.94944,1.351
2,Tue,16.97595,8.887
2,Tue,16.98841,1.398
2,Tue,16.99009,4.212
2,Tue,17.05561,6.448
2,Tue,17.09115,2.719
2,Tue,17.11713,0.753
2,Tue,17.12020,5.354
2,Tue,17.24960,3.292
2,Tue,17.26530,1.960
2,Tue,17.26869,1.766
2,Tue,17.28458,2.699
2,Tue,17.28776,3.189
2,Tue,17.33783,3.844
2,Tue,17.37430,4.925
2,Tue,17.47204,1.756
2,Tue,17.47641,3.689
2,Tue,17.54460,1.187
2,Tue,17.55556,5.629
2,Tue,17.57458,3.259
2,Tue,17.70021,3.322
2,Tue,17.70478,2.161
2,Tue,17.71616,0.929
2,Tue,17.72370,3.288
2,Tue,17.72669,17.794
2,Tue,17.75310,3.777
2,Tue,17.76507,7.382
2,Tue,17.77978,0.951
2,Tue,17.79167,8.463
2,Tue,17.79881,4.043
2,Tue,17.81128,3.966
2,Tue,17.82346,2.095
2,Tue,17.86678,4.031
2,Tue,17.88192,9.580
2,Tue,17.90507,16.598
2,Tue,17.95564,4.127
2,Tue,17.97814,2.754
2,Tue,18.02695,5.541
2,Tue,18.03025,4.260
2,Tue,18.04160,2.497
2,Tue,18.06678,9.469
2,Tue,18.11109,8.177
2,Tue,18.16524,1.370
2,Tue,18.17484,5.836
2,Tue,18.21856,1.529
2,Tue,18.25070,4.381
2,Tue,18.29071,1.697
2,Tue,18.35153,2.515
2,Tue,18.36052,2.730
2,Tue,18.37046,5.103
2,Tue,18.37097,2.202
2,Tue,18.43083,4.882
2,Tue,18.45026,4.769
2,Tue,18.46677,0.885
2,Tue,18.47517,12.737
2,Tue,18.48836,2.096
2,Tue,18.49926,8.333
2,Tue,18.54296,1.578
2,Tue,18.54523,3.984
2,Tue,18.56159,2.111
2,Tue,18.56447,1.941
2,Tue,18.56735,21.317
2,Tue,18.62432,6.252
2,Tue,18.65198,1.488
2,Tue,18.68837,1.466
2,Tue,18.69679,2.496
2,Tue,18.70711,0.000
2,Tue,18.74869,1.149
2,Tue,18.75595,0.860
2,Tue,18.75918,3.813
2,Tue,18.76539,4.429
2,Tue,18.82424,2.173
2,Tue,18.85776,4.589
2,Tue,18.87375,5.036
2,Tue,18.87916,2.119
2,Tue,18.91480,6.732
2,Tue,18.92845,1.188
2,Tue,18.94785,2.197
2,Tue,18.95815,7.737
2,Tue,18.97256,4.005
2,Tue,19.00530,2.486
2,Tue,19.01852,2.148
2,Tue,19.03991,1.887
2,Tue,19.12634,1.458
2,Tue,19.13013,8.615
2,Tue,19.16147,2.711
2,Tue,19.19612,4.631
2,Tue,19.19825,4.533
2,Tue,19.26746,3.889
2,Tue,19.29192,3.143
2,Tue,19.33930,1.762
2,Tue,19.44907,0.541
2,Tue,19.47476,0.896
2,Tue,19.47540,2.747
2,Tue,19.47677,1.996
2,Tue,19.48056,3.744
2,Tue,19.55051,3.237
2,Tue,19.56422,0.862
2,Tue,19.56565,2.601
2,Tue,19.57505,3.869
2,Tue,19.57754,2.384
2,Tue,19.63795,5.469
2,Tue,19.64310,8.231
2,Tue,19.64737,5.683
2,Tue,19.66400,4.366
2,Tue,19.66520,8.984
2,Tue,19.66839,1.643
2,Tue,19.68969,2.720
2,Tue,19.74222,3.218
2,Tue,19.74223,2.734
2,Tue,19.75275,2.741
2,Tue,19.75374,4.594
2,Tue,19.77319,0.910
2,Tue,19.81387,3.865
2,Tue,19.82521,2.202
2,Tue,19.82803,6.478
2,Tue,19.82898,8.780
2,Tue,19.83001,1.701
2,Tue,19.90999,2.222
2,Tue,19.95690,5.681
2,Tue,19.99113,3.838
2,Tue,19.99264,12.141
2,Tue,19.99895,10.814
3,Wed,8.03180,4.836
3,Wed,8.04932,1.801
3,Wed,8.05517,5.818
3,Wed,8.05847,2.096
3,Wed,8.07380,1.599
3,Wed,8.12474,5.375
3,Wed,8.14130,4.038
3,Wed,8.14328,2.897
3,Wed,8.14673,3.574
3,Wed,8.15650,3.120
3,Wed,8.16775,3.424
3,Wed,8.19954,5.331
3,Wed,8.20457,2.209
3,Wed,8.22446,2.617
3,Wed,8.25317,2.582
3,Wed,8.25343,6.137
3,Wed,8.27788,1.013
3,Wed,8.30386,3.629
3,Wed,8.30941,3.801
3,Wed,8.31295,1.019
3,Wed,8.31623,1.426
3,Wed,8.33998,3.720
3,Wed,8.38151,12.058
3,Wed,8.39199,5.755
3,Wed,8.39528,3.821
3,Wed,8.40425,7.247
3,Wed,8.42030,0.784
3,Wed,8.42375,10.411
3,Wed,8.42859,6.521
3,Wed,8.44226,3.510
3,Wed,8.47536,6.050
3,Wed,8.47902,6.449
3,Wed,8.49240,3.700
3,Wed,8.53474,4.688
3,Wed,8.53626,2.858
3,Wed,8.55368,3.628
3,Wed,8.57880,2.209
3,Wed,8.59390,1.560
3,Wed,8.59779,1.325
3,Wed,8.60623,6.069
3,Wed,8.60764,3.208
3,Wed,8.61218,1.481
3,Wed,8.62245,2.345
3,Wed,8.66496,3.282
3,Wed,8.67984,1.539
3,Wed,8.70782,3.106
3,Wed,8.71846,4.328
3,Wed,8.72817,5.592
3,Wed,8.75254,0.684
3,Wed,8.75604,6.528
3,Wed,8.78219,2.770
3,Wed,8.79912,3.715
3,Wed,8.80015,6.427
3,Wed,8.81972,1.387
3,Wed,8.81978,1.015
3,Wed,8.83414,1.218
3,Wed,8.85075,1.808
3,Wed,8.85145,1.719
3,Wed,8.85988,4.130
3,Wed,8.86793,3.791
3,Wed,8.87434,2.491
3,Wed,8.90765,13.600
3,Wed,8.91847,1.397
3,Wed,8.96821,1.550
3,Wed,8.97148,2.494
3,Wed,8.98486,2.328
3,Wed,9.00818,4.154
3,Wed,9.04860,1.035
3,Wed,9.05895,5.763
3,Wed,9.06492,3.354
3,Wed,9.07129,2.394
3,Wed,9.07749,0.000
3,Wed,9.08784,4.917
3,Wed,9.09557,1.376
3,Wed,9.09697,0.000
3,Wed,9.10758,1.454
3,Wed,9.11102,8.686
3,Wed,9.11358,1.476
3,Wed,9.13141,1.579
3,Wed,9.13148,0.929
3,Wed,9.13527,11.303
3,Wed,9.14658,4.790
3,Wed,9.15408,4.170
3,Wed,9.16551,3.251
3,Wed,9.16878,3.119
3,Wed,9.17551,10.855
3,Wed,9.18564,3.367
3,Wed,9.19072,2.742
3,Wed,9.19586,5.288
3,Wed,9.20551,2.456
3,Wed,9.20988,2.083
3,Wed,9.21237,3.132
3,Wed,9.22133,2.688
3,Wed,9.22499,0.612
3,Wed,9.22682,1.262
3,Wed,9.23463,1.838
3,Wed,9.23534,3.582
3,Wed,9.24980,1.295
3,Wed,9.25853,3.125
3,Wed,9.26003,4.041
3,Wed,9.28946,9.622
3,Wed,9.29260,3.609
3,Wed,9.30464,6.085
3,Wed,9.31726,3.594
3,Wed,9.31774,5.051
3,Wed,9.31946,1.211
3,Wed,9.32369,3.617
3,Wed,9.33717,1.788
3,Wed,9.33932,1.246
3,Wed,9.34098,2.686
3,Wed,9.34351,2.720
3,Wed,9.35529,0.837
3,Wed,9.35980,2.235
3,Wed,9.37493,1.134
3,Wed,9.39737,1.194
3,Wed,9.40203,2.774
3,Wed,9.40252,1.879
3,Wed,9.40561,7.551
3,Wed,9.41944,1.424
3,Wed,9.42866,0.652
3,Wed,9.42873,2.499
3,Wed,9.45503,2.519
3,Wed,9.45742,11.322
3,Wed,9.45764,2.205
3,Wed,9.45802,7.932
3,Wed,9.46994,1.566
3,Wed,9.48225,2.205
3,Wed,9.49429,2.360
3,Wed,9.49625,11.393
3,Wed,9.49799,2.782
3,Wed,9.50559,0.617
3,Wed,9.50848,3.219
3,Wed,9.51212,5.954
3,Wed,9.51356,2.604
3,Wed,9.52155,5.195
3,Wed,9.52971,1.005
3,Wed,9.53113,4.948
3,Wed,9.53205,2.852
3,Wed,9.53668,3.282
3,Wed,9.54652,1.507
3,Wed,9.56308,1.053
3,Wed,9.56555,1.811
3,Wed,9.58481,1.405
3,Wed,9.59374,11.246
3,Wed,9.60611,1.571
3,Wed,9.61493,1.305
3,Wed,9.61590,1.061
3,Wed,9.63945,5.727
3,Wed,9.64245,3.270
3,Wed,9.65229,3.420
3,Wed,9.65599,7.551
3,Wed,9.65758,4.399
3,Wed,9.66178,1.828
3,Wed,9.67790,2.594
3,Wed,9.67934,4.043
3,Wed,9.69637,1.708
3,Wed,9.70625,3.731
3,Wed,9.71274,10.126
3,Wed,9.71864,1.862
3,Wed,9.72065,8.707
3,Wed,9.72304,5.509
3,Wed,9.75542,2.189
3,Wed,9.75547,8.423
3,Wed,9.75710,3.140
3,Wed,9.75936,3.074
3,Wed,9.76592,2.260
3,Wed,9.77091,8.350
3,Wed,9.78180,3.564
3,Wed,9.78791,0.658
3,Wed,9.80954,4.961
3,Wed,9.82891,5.428
3,Wed,9.83656,3.222
3,Wed,9.83733,1.566
3,Wed,9.85919,3.840
3,Wed,9.86267,2.334
3,Wed,9.87085,2.477
3,Wed,9.87183,1.947
3,Wed,9.89311,5.189
3,Wed,9.90387,2.104
3,Wed,9.91386,4.273
3,Wed,9.93042,0.824
3,Wed,9.93236,4.309
3,Wed,9.94359,1.775
3,Wed,9.95095,4.221
3,Wed,9.95183,2.266
3,Wed,9.96350,4.019
3,Wed,9.97198,5.699
3,Wed,9.98190,1.518
3,Wed,9.99344,1.118
3,Wed,9.99890,7.344
3,Wed,10.01093,3.776
3,Wed,10.01400,4.026
3,Wed,10.01670,3.230
3,Wed,10.02352,4.164
3,Wed,10.02536,1.265
3,Wed,10.05435,4.485
3,Wed,10.06268,2.236
3,Wed,10.06783,3.756
3,Wed,10.08005,0.830
3,Wed,10.08570,3.620
3,Wed,10.08694,1.607
3,Wed,10.09390,4.654
3,Wed,10.10179,7.972
3,Wed,10.11365,5.650
3,Wed,10.11771,2.640
3,Wed,10.11825,1.909
3,Wed,10.12155,4.115
3,Wed,10.12391,2.313
3,Wed,10.12637,5.939
3,Wed,10.12950,5.406
3,Wed,10.14867,1.403
3,Wed,10.15050,11.067
3,Wed,10.15110,4.031
3,Wed,10.15562,5.166
3,Wed,10.15994,2.125
3,Wed,10.16942,8.965
3,Wed,10.17156,4.582
3,Wed,10.17607,2.099
3,Wed,10.19716,0.903
3,Wed,10.19838,2.376
3,Wed,10.19970,2.221
3,Wed,10.19979,1.774
3,Wed,10.20360,3.574
3,Wed,10.20623,12.833
3,Wed,10.20947,2.163
3,Wed,10.22393,2.894
3,Wed,10.22805,3.961
3,Wed,10.23393,3.070
3,Wed,10.26018,4.177
3,Wed,10.26932,1.032
3,Wed,10.28753,5.459
3,Wed,10.28832,1.575
3,Wed,10.29689,0.000
3,Wed,10.30472,3.374
3,Wed,10.30675,1.334
3,Wed,10.31757,5.293
3,Wed,10.32147,2.447
3,Wed,10.34486,0.704
3,Wed,10.34543,1.780
3,Wed,10.35447,2.741
3,Wed,10.35468,2.737
3,Wed,10.36694,5.900
3,Wed,10.37392,6.634
3,Wed,10.37696,7.671
3,Wed,10.38048,3.234
3,Wed,10.38095,2.251
3,Wed,10.39041,1.098
3,Wed,10.40870,3.513
3,Wed,10.41138,14.176
3,Wed,10.41836,3.075
3,Wed,10.41982,1.331
3,Wed,10.42036,4.646
3,Wed,10.42650,6.288
3,Wed,10.42818,3.894
3,Wed,10.42839,1.813
3,Wed,10.44746,1.304
3,Wed,10.45837,3.184
3,Wed,10.46585,0.599
3,Wed,10.46819,8.243
3,Wed,10.47088,3.074
3,Wed,10.47395,1.917
3,Wed,10.48702,3.014
3,Wed,10.48831,9.864
3,Wed,10.48906,1.493
3,Wed,10.50670,2.645
3,Wed,10.52394,2.777
3,Wed,10.54733,1.516
3,Wed,10.55081,1.727
3,Wed,10.56171,13.085
3,Wed,10.56287,1.581
3,Wed,10.56659,5.928
3,Wed,10.57258,4.091
3,Wed,10.57520,1.549
3,Wed,10.57719,1.066
3,Wed,10.58258,2.223
3,Wed,10.59041,1.446
3,Wed,10.59124,3.771
3,Wed,10.59415,3.137
3,Wed,10.59688,9.233
3,Wed,10.60177,4.592
3,Wed,10.60203,4.895
3,Wed,10.60837,9.120
3,Wed,10.61258,3.210
3,Wed,10.62410,9.945
3,Wed,10.63664,3.725
3,Wed,10.63939,3.501
3,Wed,10.65063,2.616
3,Wed,10.66003,6.105
3,Wed,10.66724,1.916
3,Wed,10.67100,0.830
3,Wed,10.67592,1.929
3,Wed,10.67602,2.243
3,Wed,10.68804,2.287
3,Wed,10.68863,2.940
3,Wed,10.69150,11.680
3,Wed,10.69279,2.064
3,Wed,10.69439,4.237
3,Wed,10.70519,5.610
3,Wed,10.71356,2.998
3,Wed,10.73209,2.189
3,Wed,10.74531,2.441
3,Wed,10.74683,3.109
3,Wed,10.75072,7.081
3,Wed,10.75244,5.333
3,Wed,10.75466,8.431
3,Wed,10.76149,12.071
3,Wed,10.78013,2.220
3,Wed,10.78217,4.073
3,Wed,10.79147,7.336
3,Wed,10.79428,2.858
3,Wed,10.79440,3.615
3,Wed,10.79701,1.671
3,Wed,10.79835,3.455
3,Wed,10.80232,3.634
3,Wed,10.81340,4.064
3,Wed,10.81769,3.594
3,Wed,10.83187,2.049
3,Wed,10.83452,8.758
3,Wed,10.83640,2.840
3,Wed,10.83825,7.803
3,Wed,10.83908,1.123
3,Wed,10.84275,5.570
3,Wed,10.84424,3.740
3,Wed,10.85591,2.085
3,Wed,10.85785,3.059
3,Wed,10.86252,1.549
3,Wed,10.86290,4.444
3,Wed,10.86321,8.033
3,Wed,10.87815,1.956
3,Wed,10.88243,5.626
3,Wed,10.89838,7.159
3,Wed,10.90980,2.803
3,Wed,10.91625,0.730
3,Wed,10.91656,5.560
3,Wed,10.91804,1.965
3,Wed,10.94188,1.045
3,Wed,10.94863,3.635
3,Wed,10.95652,8.931
3,Wed,10.95941,0.982
3,Wed,10.96610,2.252
3,Wed,10.97322,3.022
3,Wed,10.97768,4.950
3,Wed,10.98333,5.602
3,Wed,10.98737,4.628
3,Wed,10.98788,1.564
3,Wed,11.00688,0.957
3,Wed,11.00732,1.759
3,Wed,11.00841,1.841
3,Wed,11.01591,5.543
3,Wed,11.01740,2.314
3,Wed,11.01796,1.022
3,Wed,11.02416,4.979
3,Wed,11.02532,4.120
3,Wed,11.04774,5.910
3,Wed,11.04783,2.812
3,Wed,11.05340,0.454
3,Wed,11.05587,1.958
3,Wed,11.05942,1.062
3,Wed,11.06871,1.905
3,Wed,11.07080,1.021
3,Wed,11.10292,1.573
3,Wed,11.10463,2.998
3,Wed,11.10912,1.133
3,Wed,11.12885,4.709
3,Wed,11.13543,3.894
3,Wed,11.14283,6.296
3,Wed,11.15424,2.654
3,Wed,11.15491,1.281
3,Wed,11.15643,4.799
3,Wed,11.17026,7.617
3,Wed,11.19106,2.533
3,Wed,11.20360,2.104
3,Wed,11.20369,2.517
3,Wed,11.21675,4.590
3,Wed,11.22408,1.088
3,Wed,11.22994,3.321
3,Wed,11.23109,4.695
3,Wed,11.23512,5.192
3,Wed,11.23623,2.563
3,Wed,11.24845,2.880
3,Wed,11.25874,5.973
3,Wed,11.27015,1.442
3,Wed,11.27062,1.192
3,Wed,11.30052,2.091
3,Wed,11.32034,2.917
3,Wed,11.32506,1.121
3,Wed,11.32577,2.133
3,Wed,11.35252,4.689
3,Wed,11.35659,2.052
3,Wed,11.35716,10.048
3,Wed,11.35779,1.988
3,Wed,11.38267,3.587
3,Wed,11.38483,1.441
3,Wed,11.38913,3.167
3,Wed,11.39983,3.154
3,Wed,11.40122,6.243
3,Wed,11.40149,1.518
3,Wed,11.43082,1.556
3,Wed,11.43223,1.688
3,Wed,11.46890,2.120
3,Wed,11.50363,3.153
3,Wed,11.53676,5.333
3,Wed,11.53752,6.011
3,Wed,11.53775,2.560
3,Wed,11.53906,2.529
3,Wed,11.54134,3.298
3,Wed,11.54188,3.978
3,Wed,11.54882,1.404
3,Wed,11.57065,0.939
3,Wed,11.57698,4.083
3,Wed,11.58272,3.947
3,Wed,11.59144,1.855
3,Wed,11.59589,3.909
3,Wed,11.61543,4.885
3,Wed,11.62015,0.837
3,Wed,11.63986,1.751
3,Wed,11.64646,6.762
3,Wed,11.65091,9.372
3,Wed,11.66631,2.100
3,Wed,11.67857,5.450
3,Wed,11.68234,2.170
3,Wed,11.68740,11.530
3,Wed,11.69761,1.137
3,Wed,11.69786,1.098
3,Wed,11.70262,1.741
3,Wed,11.70402,5.319
3,Wed,11.72449,9.259
3,Wed,11.72470,3.167
3,Wed,11.76506,0.746
3,Wed,11.76905,0.781
3,Wed,11.77860,3.276
3,Wed,11.77926,2.140
3,Wed,11.78038,1.607
3,Wed,11.78346,3.475
3,Wed,11.80168,5.242
3,Wed,11.80514,2.925
3,Wed,11.81179,1.350
3,Wed,11.81183,1.690
3,Wed,11.81817,1.782
3,Wed,11.82753,1.839
3,Wed,11.83305,23.267
3,Wed,11.83863,4.132
3,Wed,11.85562,3.472
3,Wed,11.85946,0.796
3,Wed,11.87390,5.299
3,Wed,11.87531,1.814
3,Wed,11.88111,1.390
3,Wed,11.88336,9.273
3,Wed,11.89468,2.604
3,Wed,11.90667,2.470
3,Wed,11.90707,1.872
3,Wed,11.91216,3.499
3,Wed,11.91666,1.338
3,Wed,11.91706,2.151
3,Wed,11.92795,5.425
3,Wed,11.93721,2.437
3,Wed,11.94661,4.431
3,Wed,11.96658,5.810
3,Wed,11.97054,2.522
3,Wed,11.97722,3.642
3,Wed,11.98121,1.858
3,Wed,11.99029,2.078
3,Wed,12.06161,4.550
3,Wed,12.06425,4.497
3,Wed,12.07365,3.345
3,Wed,12.08126,6.567
3,Wed,12.11130,0.000
3,Wed,12.11546,0.853
3,Wed,12.12560,7.342
3,Wed,12.13458,3.883
3,Wed,12.15844,9.954
3,Wed,12.15969,1.553
3,Wed,12.16605,1.295
3,Wed,12.17861,1.308
3,Wed,12.18066,7.347
3,Wed,12.18469,2.614
3,Wed,12.18657,8.990
3,Wed,12.18804,3.119
3,Wed,12.19436,6.197
3,Wed,12.22143,5.386
3,Wed,12.24883,1.359
3,Wed,12.24890,0.767
3,Wed,12.26481,3.579
3,Wed,12.28350,2.530
3,Wed,12.28383,6.013
3,Wed,12.29242,3.808
3,Wed,12.31220,3.144
3,Wed,12.34390,2.844
3,Wed,12.35361,3.767
3,Wed,12.36636,2.021
3,Wed,12.37130,3.147
3,Wed,12.37946,6.278
3,Wed,12.39637,0.878
3,Wed,12.39758,2.611
3,Wed,12.40655,3.246
3,Wed,12.41418,1.341
3,Wed,12.41587,12.397
3,Wed,12.41671,8.109
3,Wed,12.42036,1.151
3,Wed,12.42350,5.274
3,Wed,12.42480,1.250
3,Wed,12.43697,4.635
3,Wed,12.44760,4.305
3,Wed,12.45031,1.047
3,Wed,12.45733,2.763
3,Wed,12.46070,3.756
3,Wed,12.46514,2.420
3,Wed,12.47542,7.615
3,Wed,12.47573,3.786
3,Wed,12.49727,0.631
3,Wed,12.49758,3.169
3,Wed,12.49858,6.366
3,Wed,12.50527,3.115
3,Wed,12.50629,1.580
3,Wed,12.50824,6.595
3,Wed,12.51141,3.385
3,Wed,12.52056,2.322
3,Wed,12.53140,6.560
3,Wed,12.53405,3.186
3,Wed,12.53606,4.044
3,Wed,12.55866,3.575
3,Wed,12.58676,4.531
3,Wed,12.59507,1.281
3,Wed,12.61354,4.177
3,Wed,12.61799,5.071
3,Wed,12.62865,2.895
3,Wed,12.63525,1.864
3,Wed,12.64367,2.723
3,Wed,12.65213,6.557
3,Wed,12.66303,7.070
3,Wed,12.67622,5.431
3,Wed,12.67710,5.096
3,Wed,12.68448,12.458
3,Wed,12.69196,2.795
3,Wed,12.69470,0.000
3,Wed,12.69710,2.172
3,Wed,12.70258,2.845
3,Wed,12.70459,4.740
3,Wed,12.70941,8.895
3,Wed,12.71035,3.243
3,Wed,12.73229,4.205
3,Wed,12.73514,2.325
3,Wed,12.76298,3.275
3,Wed,12.79096,0.880
3,Wed,12.82053,1.797
3,Wed,12.82511,1.474
3,Wed,12.83271,1.029
3,Wed,12.84443,1.933
3,Wed,12.84450,0.945
3,Wed,12.86029,1.785
3,Wed,12.86476,3.138
3,Wed,12.86735,6.067
3,Wed,12.86782,8.613
3,Wed,12.87231,4.493
3,Wed,12.87313,5.824
3,Wed,12.87622,7.592
3,Wed,12.88891,2.908
3,Wed,12.90286,5.832
3,Wed,12.90622,1.008
3,Wed,12.91095,1.023
3,Wed,12.94199,1.440
3,Wed,12.95146,0.863
3,Wed,12.95511,4.036
3,Wed,12.95564,3.673
3,Wed,12.96302,2.278
3,Wed,12.96330,1.275
3,Wed,12.97508,1.304
3,Wed,12.97571,3.422
3,Wed,12.97635,2.195
3,Wed,12.97705,8.009
3,Wed,12.97915,2.527
3,Wed,12.98507,8.370
3,Wed,12.99378,2.501
3,Wed,12.99404,0.347
3,Wed,13.00435,6.115
3,Wed,13.01347,5.897
3,Wed,13.02645,0.626
3,Wed,13.03049,11.207
3,Wed,13.03428,0.889
3,Wed,13.04014,3.377
3,Wed,13.04066,3.380
3,Wed,13.05284,1.522
3,Wed,13.06020,5.278
3,Wed,13.07152,4.564
3,Wed,13.08956,1.451
3,Wed,13.08967,2.044
3,Wed,13.09677,9.377
3,Wed,13.10112,5.036
3,Wed,13.11186,2.122
3,Wed,13.12103,5.085
3,Wed,13.13041,2.361
3,Wed,13.14231,2.554
3,Wed,13.16083,3.902
3,Wed,13.16325,3.247
3,Wed,13.16712,2.971
3,Wed,13.18082,2.902
3,Wed,13.18184,2.784
3,Wed,13.18305,0.509
3,Wed,13.18617,2.265
3,Wed,13.20324,2.139
3,Wed,13.20911,0.729
3,Wed,13.22399,1.654
3,Wed,13.24364,2.604
3,Wed,13.24607,3.893
3,Wed,13.24896,1.489
3,Wed,13.27162,1.066
3,Wed,13.27295,2.065
3,Wed,13.28901,6.533
3,Wed,13.30563,1.826
3,Wed,13.30656,1.635
3,Wed,13.31110,4.670
3,Wed,13.31748,1.477
3,Wed,13.32437,1.491
3,Wed,13.33055,4.552
3,Wed,13.33898,4.088
3,Wed,13.33989,1.642
3,Wed,13.34509,23.614
3,Wed,13.35045,2.009
3,Wed,13.35331,6.783
3,Wed,13.36075,0.929
3,Wed,13.36469,4.905
3,Wed,13.37103,2.867
3,Wed,13.38125,2.458
3,Wed,13.39489,5.038
3,Wed,13.45802,3.524
3,Wed,13.45926,5.606
3,Wed,13.47193,0.812
3,Wed,13.47485,1.325
3,Wed,13.47892,3.295
3,Wed,13.47953,1.688
3,Wed,13.48273,6.584
3,Wed,13.49284,4.499
3,Wed,13.50598,1.697
3,Wed,13.51032,1.765
3,Wed,13.51071,2.854
3,Wed,13.53339,2.032
3,Wed,13.53420,12.456
3,Wed,13.54934,2.479
3,Wed,13.56201,0.831
3,Wed,13.56619,1.029
3,Wed,13.57386,5.710
3,Wed,13.58741,7.311
3,Wed,13.58962,5.862
3,Wed,13.60109,1.381
3,Wed,13.60727,2.457
3,Wed,13.61591,6.901
3,Wed,13.61605,4.808
3,Wed,13.62501,0.766
3,Wed,13.62751,0.698
3,Wed,13.62771,10.133
3,Wed,13.62893,3.864
3,Wed,13.63469,2.733
3,Wed,13.64033,4.364
3,Wed,13.64577,0.972
3,Wed,13.66122,1.530
3,Wed,13.66412,2.957
3,Wed,13.67812,2.788
3,Wed,13.68957,4.772
3,Wed,13.70025,6.288
3,Wed,13.71297,10.690
3,Wed,13.71408,4.217
3,Wed,13.72380,6.493
3,Wed,13.73861,11.309
3,Wed,13.74295,13.095
3,Wed,13.75427,2.802
3,Wed,13.75493,9.269
3,Wed,13.76012,1.596
3,Wed,13.79484,2.254
3,Wed,13.80441,1.292
3,Wed,13.81663,2.272
3,Wed,13.81865,5.352
3,Wed,13.84038,8.697
3,Wed,13.84316,7.396
3,Wed,13.84489,3.605
3,Wed,13.84746,1.204
3,Wed,13.85241,3.969
3,Wed,13.88067,2.231
3,Wed,13.88480,2.723
3,Wed,13.88704,2.285
3,Wed,13.90756,2.169
3,Wed,13.92372,2.179
3,Wed,13.92860,5.573
3,Wed,13.93322,4.954
3,Wed,13.93354,2.462
3,Wed,13.93764,1.226
3,Wed,13.95149,4.077
3,Wed,13.95785,2.492
3,Wed,13.96191,8.638
3,Wed,13.96243,2.130
3,Wed,13.96656,3.070
3,Wed,13.96963,4.471
3,Wed,13.98785,10.595
3,Wed,13.99410,1.817
3,Wed,14.00053,4.559
3,Wed,14.01192,5.009
3,Wed,14.03095,2.419
3,Wed,14.03219,3.005
3,Wed,14.04133,2.886
3,Wed,14.07326,1.213
3,Wed,14.08151,10.543
3,Wed,14.08184,14.784
3,Wed,14.09261,3.469
3,Wed,14.09464,6.145
3,Wed,14.10238,1.592
3,Wed,14.11411,3.938
3,Wed,14.11433,0.947
3,Wed,14.11809,2.230
3,Wed,14.11950,1.249
3,Wed,14.12347,13.510
3,Wed,14.13360,1.067
3,Wed,14.14212,3.948
3,Wed,14.14372,3.499
3,Wed,14.15002,3.155
3,Wed,14.15652,1.332
3,Wed,14.17639,5.340
3,Wed,14.18071,2.367
3,Wed,14.18292,1.540
3,Wed,14.19365,3.863
3,Wed,14.19686,1.776
3,Wed,14.20085,3.262
3,Wed,14.20393,3.530
3,Wed,14.22638,2.063
3,Wed,14.25769,8.936
3,Wed,14.27192,1.323
3,Wed,14.27244,1.521
3,Wed,14.27281,7.092
3,Wed,14.27557,1.856
3,Wed,14.29152,6.251
3,Wed,14.29244,1.489
3,Wed,14.30045,22.024
3,Wed,14.31637,2.627
3,Wed,14.32346,2.800
3,Wed,14.32520,4.996
3,Wed,14.32746,15.344
3,Wed,14.34545,2.903
3,Wed,14.35056,4.857
3,Wed,14.35611,2.944
3,Wed,14.35769,5.414
3,Wed,14.36024,3.504
3,Wed,14.37465,2.442
3,Wed,14.38123,2.252
3,Wed,14.40734,1.471
3,Wed,14.41657,1.888
3,Wed,14.41730,5.156
3,Wed,14.43896,3.528
3,Wed,14.44330,1.577
3,Wed,14.44449,2.685
3,Wed,14.44576,2.304
3,Wed,14.45884,9.452
3,Wed,14.46458,1.937
3,Wed,14.47042,5.835
3,Wed,14.47308,3.804
3,Wed,14.47445,2.468
3,Wed,14.47900,4.377
3,Wed,14.48595,1.175
3,Wed,14.48654,2.689
3,Wed,14.48801,3.511
3,Wed,14.49247,7.926
3,Wed,14.50251,5.376
3,Wed,14.50403,3.160
3,Wed,14.50444,4.813
3,Wed,14.50751,5.547
3,Wed,14.52128,3.837
3,Wed,14.52703,5.154
3,Wed,14.55664,1.158
3,Wed,14.55668,4.130
3,Wed,14.56084,7.347
3,Wed,14.59634,1.487
3,Wed,14.60224,2.362
3,Wed,14.62219,3.394
3,Wed,14.63386,11.710
3,Wed,14.64269,5.713
3,Wed,14.65083,3.784
3,Wed,14.66167,1.758
3,Wed,14.66411,7.885
3,Wed,14.66629,2.547
3,Wed,14.68121,1.843
3,Wed,14.68194,4.055
3,Wed,14.68903,7.333
3,Wed,14.68919,0.963
3,Wed,14.69516,14.186
3,Wed,14.72929,1.374
3,Wed,14.73277,4.211
3,Wed,14.77130,4.181
3,Wed,14.77376,1.723
3,Wed,14.77894,2.501
3,Wed,14.82933,0.893
3,Wed,14.83093,2.736
3,Wed,14.83245,3.439
3,Wed,14.83736,1.312
3,Wed,14.88766,3.896
3,Wed,14.90220,15.226
3,Wed,14.90434,5.079
3,Wed,14.90890,7.050
3,Wed,14.90981,1.020
3,Wed,14.91100,1.091
3,Wed,14.91396,2.421
3,Wed,14.92632,0.602
3,Wed,14.94380,6.485
3,Wed,14.96661,2.183
3,Wed,14.97128,7.186
3,Wed,14.99804,1.093
3,Wed,15.00115,14.329
3,Wed,15.01419,1.800
3,Wed,15.03681,1.182
3,Wed,15.04359,2.530
3,Wed,15.06594,4.049
3,Wed,15.08758,2.757
3,Wed,15.08770,5.315
3,Wed,15.10056,4.986
3,Wed,15.14418,1.226
3,Wed,15.15101,1.126
3,Wed,15.15393,1.910
3,Wed,15.15402,5.191
3,Wed,15.15822,6.044
3,Wed,15.17843,0.951
3,Wed,15.18214,4.612
3,Wed,15.18380,3.981
3,Wed,15.18924,2.763
3,Wed,15.20535,1.851
3,Wed,15.22616,5.238
3,Wed,15.22623,2.022
3,Wed,15.23197,7.870
3,Wed,15.23222,2.852
3,Wed,15.23282,12.748
3,Wed,15.23791,4.469
3,Wed,15.24162,2.117
3,Wed,15.24402,1.712
3,Wed,15.24547,7.560
3,Wed,15.25418,1.075
3,Wed,15.27912,3.053
3,Wed,15.28025,2.101
3,Wed,15.28228,2.228
3,Wed,15.29023,5.593
3,Wed,15.30008,2.266
3,Wed,15.30350,3.254
3,Wed,15.30656,2.898
3,Wed,15.31115,2.230
3,Wed,15.34196,1.991
3,Wed,15.34365,1.051
3,Wed,15.36145,1.229
3,Wed,15.37118,1.920
3,Wed,15.39655,2.168
3,Wed,15.40638,1.620
3,Wed,15.41554,3.350
3,Wed,15.42037,2.668
3,Wed,15.42314,5.488
3,Wed,15.42458,1.127
3,Wed,15.42464,1.402
3,Wed,15.43584,3.236
3,Wed,15.44095,1.920
3,Wed,15.44658,2.362
3,Wed,15.46433,2.391
3,Wed,15.46897,3.836
3,Wed,15.47743,6.940
3,Wed,15.48740,1.690
3,Wed,15.50076,1.482
3,Wed,15.50264,3.150
3,Wed,15.50893,1.380
3,Wed,15.53271,2.671
3,Wed,15.54260,4.675
3,Wed,15.54587,1.728
3,Wed,15.56754,0.636
3,Wed,15.58055,3.650
3,Wed,15.58177,0.993
3,Wed,15.59621,2.801
3,Wed,15.59714,2.783
3,Wed,15.60727,1.527
3,Wed,15.61638,2.087
3,Wed,15.62437,2.141
3,Wed,15.62519,1.914
3,Wed,15.63051,3.381
3,Wed,15.66632,1.001
3,Wed,15.67795,3.136
3,Wed,15.68220,1.598
3,Wed,15.68979,0.884
3,Wed,15.69236,2.338
3,Wed,15.71020,1.773
3,Wed,15.72507,1.037
3,Wed,15.74918,0.723
3,Wed,15.78277,3.227
3,Wed,15.78855,4.596
3,Wed,15.79015,2.779
3,Wed,15.79026,3.227
3,Wed,15.79996,1.089
3,Wed,15.80463,21.170
3,Wed,15.80865,1.680
3,Wed,15.81306,7.086
3,Wed,15.81407,2.297
3,Wed,15.83068,4.382
3,Wed,15.85092,1.946
3,Wed,15.85745,8.551
3,Wed,15.90110,2.153
3,Wed,15.90221,4.085
3,Wed,15.91997,3.834
3,Wed,15.92428,12.217
3,Wed,15.94101,2.585
3,Wed,15.96242,2.814
3,Wed,15.97407,3.330
3,Wed,15.97797,4.790
3,Wed,15.99409,2.900
3,Wed,15.99432,8.583
3,Wed,16.01391,2.236
3,Wed,16.03557,5.729
3,Wed,16.04900,2.946
3,Wed,16.09694,2.221
3,Wed,16.09844,1.025
3,Wed,16.11118,2.357
3,Wed,16.11620,2.979
3,Wed,16.12317,2.106
3,Wed,16.13254,1.509
3,Wed,16.13792,3.565
3,Wed,16.15478,1.966
3,Wed,16.17169,4.076
3,Wed,16.17473,4.980
3,Wed,16.17548,3.732
3,Wed,16.18689,3.342
3,Wed,16.18875,3.183
3,Wed,16.19197,2.792
3,Wed,16.23794,2.313
3,Wed,16.26576,2.961
3,Wed,16.27053,4.164
3,Wed,16.27148,6.621
3,Wed,16.28422,4.625
3,Wed,16.29416,3.761
3,Wed,16.30664,4.632
3,Wed,16.30710,2.726
3,Wed,16.32062,5.509
3,Wed,16.32967,3.404
3,Wed,16.33095,7.892
3,Wed,16.36967,5.068
3,Wed,16.38453,1.957
3,Wed,16.40787,1.538
3,Wed,16.41374,6.208
3,Wed,16.41777,5.173
3,Wed,16.42550,3.206
3,Wed,16.42963,0.591
3,Wed,16.43768,5.279
3,Wed,16.45078,3.401
3,Wed,16.45462,1.657
3,Wed,16.47603,2.019
3,Wed,16.49545,3.111
3,Wed,16.56390,0.697
3,Wed,16.56410,2.407
3,Wed,16.62463,5.674
3,Wed,16.63244,8.573
3,Wed,16.65665,3.854
3,Wed,16.66230,2.244
3,Wed,16.66698,9.744
3,Wed,16.67635,7.609
3,Wed,16.67737,3.933
3,Wed,16.68138,13.820
3,Wed,16.68361,1.320
3,Wed,16.68371,2.956
3,Wed,16.69493,4.600
3,Wed,16.69597,2.740
3,Wed,16.73275,5.954
3,Wed,16.75517,0.864
3,Wed,16.76287,8.934
3,Wed,16.76924,2.809
3,Wed,16.77825,2.616
3,Wed,16.77938,3.018
3,Wed,16.81857,2.360
3,Wed,16.82026,2.961
3,Wed,16.83068,2.528
3,Wed,16.83917,3.997
3,Wed,16.84820,4.069
3,Wed,16.86263,1.746
3,Wed,16.87396,9.196
3,Wed,16.87928,2.918
3,Wed,16.89325,3.033
3,Wed,16.90254,0.525
3,Wed,16.93478,2.573
3,Wed,16.94708,4.029
3,Wed,16.98213,2.708
3,Wed,16.98293,2.342
3,Wed,16.99600,2.941
3,Wed,17.00041,9.056
3,Wed,17.00755,3.135
3,Wed,17.04837,1.770
3,Wed,17.12539,1.077
3,Wed,17.13224,1.421
3,Wed,17.14023,12.726
3,Wed,17.17269,1.709
3,Wed,17.17662,6.811
3,Wed,17.18942,4.384
3,Wed,17.20182,1.029
3,Wed,17.21614,2.899
3,Wed,17.24384,5.190
3,Wed,17.25413,4.972
3,Wed,17.25963,6.211
3,Wed,17.35974,8.328
3,Wed,17.37520,1.640
3,Wed,17.37864,1.527
3,Wed,17.38095,2.480
3,Wed,17.43772,3.433
3,Wed,17.44991,2.108
3,Wed,17.48297,9.012
3,Wed,17.48972,1.786
3,Wed,17.50125,4.340
3,Wed,17.50997,2.253
3,Wed,17.51223,12.100
3,Wed,17.52234,2.303
3,Wed,17.52905,4.634
3,Wed,17.54656,5.182
3,Wed,17.54962,6.295
3,Wed,17.55861,1.124
3,Wed,17.57143,6.843
3,Wed,17.61643,3.201
3,Wed,17.62175,1.194
3,Wed,17.67082,6.263
3,Wed,17.72137,4.102
3,Wed,17.77465,2.943
3,Wed,17.78015,2.252
3,Wed,17.78175,20.589
3,Wed,17.81170,1.233
3,Wed,17.84486,0.917
3,Wed,17.91751,1.908
3,Wed,17.92429,3.910
3,Wed,17.92577,3.087
3,Wed,17.97616,2.017
3,Wed,17.98059,7.781
3,Wed,18.00168,1.640
3,Wed,18.00770,1.883
3,Wed,18.03423,4.191
3,Wed,18.09397,5.451
3,Wed,18.10843,2.208
3,Wed,18.22299,2.412
3,Wed,18.24899,3.217
3,Wed,18.25121,4.761
3,Wed,18.27834,2.705
3,Wed,18.28001,3.882
3,Wed,18.29965,4.478
3,Wed,18.33678,4.686
3,Wed,18.34718,1.878
3,Wed,18.34970,2.266
3,Wed,18.38033,6.707
3,Wed,18.38788,2.216
3,Wed,18.43406,2.775
3,Wed,18.44058,2.511
3,Wed,18.45844,4.253
3,Wed,18.56366,0.776
3,Wed,18.62718,2.317
3,Wed,18.69256,2.618
3,Wed,18.72226,3.605
3,Wed,18.75974,2.231
3,Wed,18.77979,3.653
3,Wed,18.80362,4.052
3,Wed,18.80913,16.094
3,Wed,18.81259,2.441
3,Wed,18.85366,2.267
3,Wed,18.85865,2.263
3,Wed,18.93367,1.493
3,Wed,18.96259,7.361
3,Wed,18.96946,4.716
3,Wed,19.03410,2.671
3,Wed,19.04264,2.725
3,Wed,19.04386,10.007
3,Wed,19.10564,1.710
3,Wed,19.16608,1.077
3,Wed,19.19845,2.761
3,Wed,19.20555,2.600
3,Wed,19.22846,4.408
3,Wed,19.24345,1.264
3,Wed,19.25803,1.541
3,Wed,19.27179,6.782
3,Wed,19.27925,2.729
3,Wed,19.30443,9.120
3,Wed,19.36782,15.380
3,Wed,19.41860,2.063
3,Wed,19.41958,0.980
3,Wed,19.42560,3.189
3,Wed,19.51372,0.000
3,Wed,19.53268,0.992
3,Wed,19.54716,5.013
3,Wed,19.54762,1.852
3,Wed,19.55232,0.519
3,Wed,19.56016,3.675
3,Wed,19.57350,3.957
3,Wed,19.59904,2.150
3,Wed,19.60016,1.430
3,Wed,19.63643,1.162
3,Wed,19.64043,6.032
3,Wed,19.64514,3.493
3,Wed,19.75626,2.169
3,Wed,19.80387,2.725
3,Wed,19.81378,3.461
3,Wed,19.82175,1.599
3,Wed,19.82251,4.602
3,Wed,19.88002,1.019
3,Wed,19.90949,1.868
3,Wed,19.92046,1.208
3,Wed,19.93353,4.307
3,Wed,19.95889,3.135
3,Wed,19.97550,4.349
4,Thu,8.00832,3.522
4,Thu,8.02909,5.197
4,Thu,8.03183,3.267
4,Thu,8.04845,7.671
4,Thu,8.05245,12.129
4,Thu,8.05600,1.611
4,Thu,8.06903,8.429
4,Thu,8.06912,6.152
4,Thu,8.11392,0.913
4,Thu,8.11656,0.967
4,Thu,8.15229,1.897
4,Thu,8.15841,3.269
4,Thu,8.17690,3.202
4,Thu,8.18871,8.360
4,Thu,8.19199,8.279
4,Thu,8.19293,1.736
4,Thu,8.23503,3.801
4,Thu,8.25347,1.576
4,Thu,8.25552,1.389
4,Thu,8.26714,20.209
4,Thu,8.31908,1.393
4,Thu,8.32050,0.764
4,Thu,8.34234,5.068
4,Thu,8.34238,4.785
4,Thu,8.34347,2.855
4,Thu,8.40327,3.559
4,Thu,8.40971,2.802
4,Thu,8.41404,2.187
4,Thu,8.42119,2.528
4,Thu,8.42146,3.930
4,Thu,8.46948,1.109
4,Thu,8.47301,14.399
4,Thu,8.47305,2.860
4,Thu,8.50682,1.236
4,Thu,8.52332,4.556
4,Thu,8.52813,0.901
4,Thu,8.53490,1.930
4,Thu,8.53748,4.244
4,Thu,8.54425,6.649
4,Thu,8.54670,2.810
4,Thu,8.56981,5.452
4,Thu,8.57190,5.419
4,Thu,8.57202,0.958
4,Thu,8.57644,6.129
4,Thu,8.57761,3.410
4,Thu,8.59232,8.800
4,Thu,8.60255,3.686
4,Thu,8.61621,1.158
4,Thu,8.61925,3.554
4,Thu,8.65134,0.954
4,Thu,8.66281,1.720
4,Thu,8.71047,0.749
4,Thu,8.72101,5.554
4,Thu,8.72535,1.282
4,Thu,8.72551,2.380
4,Thu,8.72740,6.144
4,Thu,8.74642,3.669
4,Thu,8.77103,2.238
4,Thu,8.77790,9.347
4,Thu,8.78874,2.181
4,Thu,8.79472,1.363
4,Thu,8.79800,2.266
4,Thu,8.82437,5.228
4,Thu,8.84508,0.532
4,Thu,8.85388,1.755
4,Thu,8.86241,3.402
4,Thu,8.86437,2.126
4,Thu,8.87051,3.138
4,Thu,8.88843,1.428
4,Thu,8.89527,4.633
4,Thu,8.90329,5.012
4,Thu,8.90405,1.529
4,Thu,8.91016,1.731
4,Thu,8.92054,8.005
4,Thu,8.92064,4.080
4,Thu,8.93014,4.147
4,Thu,8.93559,2.899
4,Thu,8.93956,8.196
4,Thu,8.95195,4.171
4,Thu,8.95242,3.376
4,Thu,8.95332,1.572
4,Thu,8.96378,5.912
4,Thu,8.97441,4.366
4,Thu,8.97967,10.752
4,Thu,8.97994,2.278
4,Thu,8.98107,12.671
4,Thu,9.00566,1.514
4,Thu,9.01074,4.875
4,Thu,9.03391,7.683
4,Thu,9.03871,15.838
4,Thu,9.06070,2.798
4,Thu,9.07276,0.560
4,Thu,9.09073,2.649
4,Thu,9.09699,27.531
4,Thu,9.09749,3.143
4,Thu,9.10333,6.725
4,Thu,9.10708,5.590
4,Thu,9.10926,4.786
4,Thu,9.11252,0.868
4,Thu,9.12350,9.022
4,Thu,9.12652,8.019
4,Thu,9.12839,1.685
4,Thu,9.13523,1.514
4,Thu,9.14415,10.729
4,Thu,9.15793,3.596
4,Thu,9.17847,2.831
4,Thu,9.21980,8.498
4,Thu,9.22478,6.753
4,Thu,9.22689,12.335
4,Thu,9.24134,1.243
4,Thu,9.27693,2.787
4,Thu,9.29814,8.061
4,Thu,9.32358,2.949
4,Thu,9.33368,1.226
4,Thu,9.33799,0.000
4,Thu,9.37262,2.829
4,Thu,9.38810,18.608
4,Thu,9.39062,3.981
4,Thu,9.39133,4.209
4,Thu,9.40613,7.645
4,Thu,9.42496,0.774
4,Thu,9.43149,5.339
4,Thu,9.43543,9.142
4,Thu,9.44356,1.956
4,Thu,9.44693,2.482
4,Thu,9.45109,2.524
4,Thu,9.46047,4.610
4,Thu,9.49228,7.347
4,Thu,9.51501,0.000
4,Thu,9.52638,3.857
4,Thu,9.53937,4.881
4,Thu,9.54630,2.911
4,Thu,9.55589,1.395
4,Thu,9.55797,2.029
4,Thu,9.55825,1.996
4,Thu,9.55913,3.070
4,Thu,9.56079,2.115
4,Thu,9.57234,10.565
4,Thu,9.58865,8.555
4,Thu,9.59285,3.205
4,Thu,9.59289,6.443
4,Thu,9.60000,1.192
4,Thu,9.62950,2.511
4,Thu,9.63801,1.276
4,Thu,9.65376,5.943
4,Thu,9.65404,3.868
4,Thu,9.67405,4.455
4,Thu,9.67623,40.792
4,Thu,9.67831,1.858
4,Thu,9.68462,1.235
4,Thu,9.68672,2.594
4,Thu,9.69618,2.744
4,Thu,9.70468,1.023
4,Thu,9.71336,1.248
4,Thu,9.71775,6.029
4,Thu,9.72603,5.339
4,Thu,9.73809,3.022
4,Thu,9.74559,2.573
4,Thu,9.74990,5.506
4,Thu,9.76870,0.875
4,Thu,9.77061,2.903
4,Thu,9.77285,1.991
4,Thu,9.78125,3.982
4,Thu,9.79521,13.833
4,Thu,9.79599,6.453
4,Thu,9.79778,8.343
4,Thu,9.80085,5.219
4,Thu,9.81359,1.221
4,Thu,9.81624,0.926
4,Thu,9.82780,2.066
4,Thu,9.83484,7.706
4,Thu,9.83931,3.327
4,Thu,9.85947,4.673
4,Thu,9.87287,2.384
4,Thu,9.89848,2.511
4,Thu,9.90570,1.854
4,Thu,9.90688,4.138
4,Thu,9.91282,4.945
4,Thu,9.91476,2.239
4,Thu,9.91484,3.906
4,Thu,9.91859,3.041
4,Thu,9.91947,3.045
4,Thu,9.93111,1.311
4,Thu,9.93909,2.476
4,Thu,9.94054,2.404
4,Thu,9.94173,2.828
4,Thu,9.94420,1.930
4,Thu,9.94673,3.809
4,Thu,9.96595,6.378
4,Thu,9.96794,5.193
4,Thu,9.96934,4.043
4,Thu,9.97057,5.980
4,Thu,9.98210,15.145
4,Thu,9.98781,1.744
4,Thu,9.98793,5.492
4,Thu,9.99533,2.033
4,Thu,10.00138,5.665
4,Thu,10.00175,1.557
4,Thu,10.00445,3.837
4,Thu,10.01447,5.457
4,Thu,10.03283,0.884
4,Thu,10.04183,1.255
4,Thu,10.05321,1.209
4,Thu,10.05420,8.906
4,Thu,10.06611,3.013
4,Thu,10.08286,11.249
4,Thu,10.08297,12.701
4,Thu,10.09965,0.877
4,Thu,10.10274,3.488
4,Thu,10.10343,2.521
4,Thu,10.10461,3.127
4,Thu,10.11653,3.990
4,Thu,10.12341,3.885
4,Thu,10.12387,1.497
4,Thu,10.13682,6.678
4,Thu,10.14769,1.127
4,Thu,10.16462,0.476
4,Thu,10.18489,7.529
4,Thu,10.18995,5.990
4,Thu,10.19688,4.538
4,Thu,10.20640,1.072
4,Thu,10.22125,2.255
4,Thu,10.23215,8.223
4,Thu,10.23573,8.110
4,Thu,10.23671,3.376
4,Thu,10.23735,1.327
4,Thu,10.24203,1.479
4,Thu,10.24509,4.523
4,Thu,10.25128,2.647
4,Thu,10.26696,6.782
4,Thu,10.28685,1.527
4,Thu,10.29579,2.061
4,Thu,10.31610,2.119
4,Thu,10.31734,8.312
4,Thu,10.32130,3.481
4,Thu,10.32379,0.619
4,Thu,10.32659,2.008
4,Thu,10.32880,2.171
4,Thu,10.33379,1.999
4,Thu,10.33448,2.016
4,Thu,10.36338,4.607
4,Thu,10.36388,2.948
4,Thu,10.36475,1.398
4,Thu,10.36790,4.168
4,Thu,10.36825,3.176
4,Thu,10.36834,1.279
4,Thu,10.36844,5.685
4,Thu,10.38197,8.732
4,Thu,10.38290,4.068
4,Thu,10.38314,1.306
4,Thu,10.38707,10.367
4,Thu,10.39194,1.759
4,Thu,10.40145,4.488
4,Thu,10.41364,1.872
4,Thu,10.41665,3.776
4,Thu,10.41684,4.990
4,Thu,10.41740,0.883
4,Thu,10.41803,4.618
4,Thu,10.42576,3.146
4,Thu,10.42759,5.995
4,Thu,10.42894,3.026
4,Thu,10.43210,3.561
4,Thu,10.43739,2.172
4,Thu,10.43893,4.539
4,Thu,10.44247,5.176
4,Thu,10.44293,1.817
4,Thu,10.45030,2.069
4,Thu,10.45452,18.285
4,Thu,10.45550,1.245
4,Thu,10.45800,4.220
4,Thu,10.45949,3.620
4,Thu,10.46406,1.100
4,Thu,10.47059,0.709
4,Thu,10.47529,0.718
4,Thu,10.48447,2.294
4,Thu,10.49512,2.196
4,Thu,10.49681,5.410
4,Thu,10.50236,3.867
4,Thu,10.51442,2.152
4,Thu,10.52319,2.353
4,Thu,10.52838,3.390
4,Thu,10.53613,3.734
4,Thu,10.55577,3.293
4,Thu,10.56066,10.874
4,Thu,10.56225,1.994
4,Thu,10.56477,3.726
4,Thu,10.57292,3.082
4,Thu,10.57573,9.295
4,Thu,10.57611,3.674
4,Thu,10.57865,6.162
4,Thu,10.57933,2.784
4,Thu,10.58044,3.793
4,Thu,10.58321,1.413
4,Thu,10.58435,3.156
4,Thu,10.58887,2.429
4,Thu,10.59417,1.055
4,Thu,10.59451,1.866
4,Thu,10.60422,2.107
4,Thu,10.60708,5.363
4,Thu,10.61648,5.003
4,Thu,10.61711,1.679
4,Thu,10.62780,4.889
4,Thu,10.63377,3.738
4,Thu,10.63582,4.612
4,Thu,10.63612,0.709
4,Thu,10.63807,1.992
4,Thu,10.67123,2.028
4,Thu,10.67207,2.207
4,Thu,10.68888,8.973
4,Thu,10.69553,1.802
4,Thu,10.70636,6.460
4,Thu,10.70650,2.135
4,Thu,10.71851,1.363
4,Thu,10.72461,1.503
4,Thu,10.73061,3.407
4,Thu,10.73835,8.208
4,Thu,10.76617,9.260
4,Thu,10.76623,6.950
4,Thu,10.78299,2.818
4,Thu,10.78604,2.873
4,Thu,10.79114,4.635
4,Thu,10.79648,1.247
4,Thu,10.80049,1.569
4,Thu,10.80255,3.042
4,Thu,10.80532,1.175
4,Thu,10.81593,2.482
4,Thu,10.81765,2.011
4,Thu,10.82557,6.996
4,Thu,10.82722,13.328
4,Thu,10.83285,3.194
4,Thu,10.85134,0.426
4,Thu,10.85446,20.402
4,Thu,10.85647,1.814
4,Thu,10.86329,10.692
4,Thu,10.86426,15.522
4,Thu,10.86453,1.818
4,Thu,10.86764,16.490
4,Thu,10.87207,1.618
4,Thu,10.87615,6.081
4,Thu,10.88534,3.266
4,Thu,10.88901,1.575
4,Thu,10.91880,7.589
4,Thu,10.92345,1.663
4,Thu,10.93065,6.117
4,Thu,10.94330,4.323
4,Thu,10.95159,1.386
4,Thu,10.95161,1.577
4,Thu,10.95285,5.724
4,Thu,10.95625,5.855
4,Thu,10.96315,3.455
4,Thu,10.96689,6.791
4,Thu,10.99310,1.346
4,Thu,10.99428,3.337
4,Thu,10.99917,3.927
4,Thu,11.00667,13.035
4,Thu,11.01562,10.309
4,Thu,11.01625,6.943
4,Thu,11.02268,2.569
4,Thu,11.03075,2.545
4,Thu,11.03907,1.944
4,Thu,11.03950,3.220
4,Thu,11.06025,9.242
4,Thu,11.06326,2.407
4,Thu,11.06441,2.748
4,Thu,11.06511,4.793
4,Thu,11.06575,3.408
4,Thu,11.07141,2.392
4,Thu,11.07397,3.879
4,Thu,11.07593,3.198
4,Thu,11.07665,3.144
4,Thu,11.08786,1.326
4,Thu,11.08963,3.368
4,Thu,11.10006,11.174
4,Thu,11.10975,3.149
4,Thu,11.11883,2.163
4,Thu,11.12791,7.531
4,Thu,11.13063,4.079
4,Thu,11.13809,1.682
4,Thu,11.13877,0.675
4,Thu,11.13953,1.248
4,Thu,11.14832,2.783
4,Thu,11.14946,0.754
4,Thu,11.15144,4.448
4,Thu,11.15520,1.107
4,Thu,11.16514,4.547
4,Thu,11.16784,7.705
4,Thu,11.17188,1.009
4,Thu,11.17696,0.833
4,Thu,11.17714,5.281
4,Thu,11.17751,2.753
4,Thu,11.18159,2.314
4,Thu,11.19376,7.869
4,Thu,11.21881,8.376
4,Thu,11.22088,1.431
4,Thu,11.22235,2.277
4,Thu,11.22498,0.688
4,Thu,11.22506,7.288
4,Thu,11.23335,3.312
4,Thu,11.23975,4.720
4,Thu,11.24107,3.964
4,Thu,11.24604,3.794
4,Thu,11.24635,5.494
4,Thu,11.25065,3.820
4,Thu,11.25692,4.633
4,Thu,11.28884,1.135
4,Thu,11.30216,1.788
4,Thu,11.32002,2.660
4,Thu,11.32250,1.812
4,Thu,11.32598,1.227
4,Thu,11.32727,2.613
4,Thu,11.33250,1.937
4,Thu,11.33499,2.915
4,Thu,11.33583,1.127
4,Thu,11.33910,2.486
4,Thu,11.34512,6.174
4,Thu,11.35492,3.628
4,Thu,11.35775,2.471
4,Thu,11.38219,4.533
4,Thu,11.38961,1.289
4,Thu,11.39226,2.766
4,Thu,11.40857,3.181
4,Thu,11.42083,9.561
4,Thu,11.42220,1.371
4,Thu,11.48197,12.625
4,Thu,11.48903,3.499
4,Thu,11.50207,3.095
4,Thu,11.51298,0.733
4,Thu,11.51502,7.467
4,Thu,11.54747,7.151
4,Thu,11.55033,1.047
4,Thu,11.55639,6.112
4,Thu,11.56763,5.568
4,Thu,11.57463,10.249
4,Thu,11.57905,7.911
4,Thu,11.58317,8.399
4,Thu,11.59281,7.601
4,Thu,11.59514,3.280
4,Thu,11.59521,4.947
4,Thu,11.59585,7.706
4,Thu,11.62570,4.902
4,Thu,11.63499,4.455
4,Thu,11.65583,5.261
4,Thu,11.65637,6.043
4,Thu,11.66698,2.273
4,Thu,11.68331,1.152
4,Thu,11.68501,2.527
4,Thu,11.68679,4.340
4,Thu,11.69652,4.135
4,Thu,11.70230,1.838
4,Thu,11.70898,2.883
4,Thu,11.71069,4.236
4,Thu,11.71246,5.764
4,Thu,11.71973,0.563
4,Thu,11.72402,1.347
4,Thu,11.72530,2.115
4,Thu,11.73671,8.185
4,Thu,11.74249,5.886
4,Thu,11.74485,16.084
4,Thu,11.74850,3.918
4,Thu,11.74877,1.103
4,Thu,11.75688,2.417
4,Thu,11.76162,3.251
4,Thu,11.77117,1.970
4,Thu,11.77955,2.088
4,Thu,11.78081,2.026
4,Thu,11.78136,0.575
4,Thu,11.79991,2.726
4,Thu,11.81229,6.332
4,Thu,11.81302,0.900
4,Thu,11.81986,5.249
4,Thu,11.84020,1.434
4,Thu,11.84565,1.571
4,Thu,11.84867,3.826
4,Thu,11.85073,1.440
4,Thu,11.85967,7.228
4,Thu,11.86299,1.541
4,Thu,11.89290,2.741
4,Thu,11.89295,0.660
4,Thu,11.91201,2.535
4,Thu,11.93474,7.662
4,Thu,11.93735,0.959
4,Thu,11.95062,3.670
4,Thu,11.96838,6.006
4,Thu,11.97746,1.946
4,Thu,11.97850,2.679
4,Thu,12.00270,3.775
4,Thu,12.00541,1.196
4,Thu,12.02875,3.941
4,Thu,12.04580,4.776
4,Thu,12.05246,5.799
4,Thu,12.06377,1.327
4,Thu,12.06915,4.255
4,Thu,12.08573,4.203
4,Thu,12.09021,1.170
4,Thu,12.09607,1.629
4,Thu,12.11723,13.082
4,Thu,12.11751,3.407
4,Thu,12.13018,3.606
4,Thu,12.13043,5.304
4,Thu,12.13396,2.518
4,Thu,12.13785,5.450
4,Thu,12.13839,1.170
4,Thu,12.16855,1.863
4,Thu,12.16934,9.982
4,Thu,12.17152,2.508
4,Thu,12.17390,5.199
4,Thu,12.17988,3.367
4,Thu,12.18272,3.636
4,Thu,12.18808,2.965
4,Thu,12.20608,15.800
4,Thu,12.22069,1.970
4,Thu,12.22240,3.930
4,Thu,12.22464,5.418
4,Thu,12.23512,2.614
4,Thu,12.24212,1.616
4,Thu,12.26231,1.201
4,Thu,12.27124,3.108
4,Thu,12.27252,3.038
4,Thu,12.27641,2.285
4,Thu,12.29321,2.572
4,Thu,12.29650,3.973
4,Thu,12.31395,0.953
4,Thu,12.31482,4.193
4,Thu,12.32745,3.109
4,Thu,12.36809,2.233
4,Thu,12.36998,1.787
4,Thu,12.37989,3.890
4,Thu,12.38502,5.423
4,Thu,12.38691,2.171
4,Thu,12.38836,1.285
4,Thu,12.39328,2.068
4,Thu,12.39732,6.703
4,Thu,12.39832,11.516
4,Thu,12.40181,1.983
4,Thu,12.40656,3.300
4,Thu,12.41413,3.375
4,Thu,12.42851,5.193
4,Thu,12.43866,10.111
4,Thu,12.43945,4.884
4,Thu,12.45753,6.684
4,Thu,12.46811,3.171
4,Thu,12.47177,1.462
4,Thu,12.49587,5.888
4,Thu,12.51170,1.375
4,Thu,12.52104,1.559
4,Thu,12.52594,3.489
4,Thu,12.52841,5.438
4,Thu,12.55908,1.914
4,Thu,12.56268,7.404
4,Thu,12.56350,3.769
4,Thu,12.56753,2.327
4,Thu,12.57234,6.756
4,Thu,12.58007,3.332
4,Thu,12.61142,1.700
4,Thu,12.62933,3.159
4,Thu,12.63717,3.711
4,Thu,12.68423,1.145
4,Thu,12.70062,2.393
4,Thu,12.71312,2.845
4,Thu,12.74067,3.965
4,Thu,12.75559,3.082
4,Thu,12.77963,2.529
4,Thu,12.78260,4.361
4,Thu,12.79427,1.410
4,Thu,12.80574,1.793
4,Thu,12.80618,5.583
4,Thu,12.81341,4.308
4,Thu,12.81623,2.493
4,Thu,12.81755,3.431
4,Thu,12.82531,3.506
4,Thu,12.83239,2.056
4,Thu,12.83690,1.709
4,Thu,12.84237,5.421
4,Thu,12.87930,2.658
4,Thu,12.88237,2.567
4,Thu,12.88548,3.800
4,Thu,12.91469,5.403
4,Thu,12.91973,5.057
4,Thu,12.94350,1.422
4,Thu,12.94984,1.826
4,Thu,12.95609,2.113
4,Thu,12.95870,2.335
4,Thu,12.95900,1.839
4,Thu,12.96224,5.425
4,Thu,12.97037,2.177
4,Thu,12.98301,4.018
4,Thu,12.98428,3.265
4,Thu,12.99427,3.988
4,Thu,13.01485,3.205
4,Thu,13.02344,5.446
4,Thu,13.04845,2.270
4,Thu,13.04885,2.958
4,Thu,13.08048,1.680
4,Thu,13.08254,1.211
4,Thu,13.08820,4.158
4,Thu,13.09473,4.117
4,Thu,13.09493,1.291
4,Thu,13.09534,3.067
4,Thu,13.11497,2.198
4,Thu,13.11761,0.995
4,Thu,13.11772,5.285
4,Thu,13.12684,3.786
4,Thu,13.12976,12.267
4,Thu,13.14008,0.523
4,Thu,13.14642,7.241
4,Thu,13.15062,1.916
4,Thu,13.15858,3.674
4,Thu,13.17760,2.145
4,Thu,13.19034,3.490
4,Thu,13.20294,8.187
4,Thu,13.20676,3.531
4,Thu,13.22846,3.766
4,Thu,13.24380,7.423
4,Thu,13.24794,1.921
4,Thu,13.25352,1.929
4,Thu,13.26154,0.817
4,Thu,13.26912,1.010
4,Thu,13.27790,6.192
4,Thu,13.27838,4.870
4,Thu,13.28147,9.436
4,Thu,13.30018,0.744
4,Thu,13.30483,1.831
4,Thu,13.31930,7.708
4,Thu,13.32542,9.274
4,Thu,13.34213,1.706
4,Thu,13.34218,6.605
4,Thu,13.36384,2.098
4,Thu,13.36954,4.260
4,Thu,13.37681,1.292
4,Thu,13.39953,0.840
4,Thu,13.42559,7.125
4,Thu,13.42819,2.101
4,Thu,13.44423,1.185
4,Thu,13.45953,12.906
4,Thu,13.46661,0.898
4,Thu,13.46717,0.554
4,Thu,13.46925,5.981
4,Thu,13.47700,11.532
4,Thu,13.48010,3.427
4,Thu,13.48374,1.194
4,Thu,13.48591,4.258
4,Thu,13.48706,5.144
4,Thu,13.49130,1.527
4,Thu,13.52343,10.016
4,Thu,13.53247,4.871
4,Thu,13.53402,1.374
4,Thu,13.53495,3.231
4,Thu,13.55645,9.378
4,Thu,13.56279,0.415
4,Thu,13.57715,4.582
4,Thu,13.58254,2.423
4,Thu,13.58540,0.963
4,Thu,13.59061,3.425
4,Thu,13.60549,1.496
4,Thu,13.60997,2.055
4,Thu,13.61281,10.307
4,Thu,13.62672,3.050
4,Thu,13.62810,14.462
4,Thu,13.63284,4.661
4,Thu,13.63622,5.740
4,Thu,13.64471,2.502
4,Thu,13.66623,1.986
4,Thu,13.67774,1.980
4,Thu,13.67871,3.904
4,Thu,13.67951,3.424
4,Thu,13.68822,3.301
4,Thu,13.69687,1.946
4,Thu,13.71055,2.384
4,Thu,13.71851,4.371
4,Thu,13.72350,4.761
4,Thu,13.72701,1.997
4,Thu,13.72852,14.835
4,Thu,13.74367,1.095
4,Thu,13.74392,4.107
4,Thu,13.76372,6.045
4,Thu,13.76881,3.655
4,Thu,13.77495,0.987
4,Thu,13.78244,2.902
4,Thu,13.78902,1.944
4,Thu,13.79068,0.877
4,Thu,13.79091,8.827
4,Thu,13.79573,2.245
4,Thu,13.79655,7.556
4,Thu,13.80586,3.118
4,Thu,13.81807,1.979
4,Thu,13.82791,5.636
4,Thu,13.84056,6.252
4,Thu,13.85512,5.369
4,Thu,13.87095,8.276
4,Thu,13.87594,4.557
4,Thu,13.87891,0.566
4,Thu,13.88108,4.627
4,Thu,13.89273,1.983
4,Thu,13.91023,8.975
4,Thu,13.91057,9.108
4,Thu,13.91495,1.835
4,Thu,13.92245,1.383
4,Thu,13.96476,2.248
4,Thu,13.96567,3.514
4,Thu,13.99387,3.045
4,Thu,14.00284,1.115
4,Thu,14.03067,0.798
4,Thu,14.03447,3.824
4,Thu,14.05212,3.679
4,Thu,14.05362,2.433
4,Thu,14.05652,2.897
4,Thu,14.05748,1.697
4,Thu,14.06517,3.015
4,Thu,14.07448,4.346
4,Thu,14.07648,4.462
4,Thu,14.08771,0.975
4,Thu,14.09537,3.296
4,Thu,14.09606,2.364
4,Thu,14.09682,3.146
4,Thu,14.10177,6.021
4,Thu,14.10841,4.232
4,Thu,14.11862,2.427
4,Thu,14.12222,4.540
4,Thu,14.12435,1.996
4,Thu,14.13712,4.734
4,Thu,14.14027,3.212
4,Thu,14.14099,2.575
4,Thu,14.14624,9.785
4,Thu,14.14692,4.120
4,Thu,14.15321,5.385
4,Thu,14.17392,1.079
4,Thu,14.17882,3.389
4,Thu,14.18468,3.252
4,Thu,14.18503,3.025
4,Thu,14.21010,4.142
4,Thu,14.21192,3.548
4,Thu,14.21289,2.688
4,Thu,14.21395,1.137
4,Thu,14.22084,4.196
4,Thu,14.22091,0.961
4,Thu,14.22400,5.695
4,Thu,14.22705,1.686
4,Thu,14.23882,3.622
4,Thu,14.24188,1.350
4,Thu,14.25674,8.840
4,Thu,14.26518,1.500
4,Thu,14.27110,2.222
4,Thu,14.29305,4.176
4,Thu,14.30042,6.443
4,Thu,14.30640,2.138
4,Thu,14.33079,1.809
4,Thu,14.33239,6.279
4,Thu,14.34523,2.090
4,Thu,14.34584,2.719
4,Thu,14.35769,4.070
4,Thu,14.36954,2.605
4,Thu,14.37436,0.000
4,Thu,14.38780,1.083
4,Thu,14.41328,3.427
4,Thu,14.44126,5.605
4,Thu,14.45087,1.129
4,Thu,14.46811,5.511
4,Thu,14.47494,2.770
4,Thu,14.47579,1.705
4,Thu,14.48469,2.187
4,Thu,14.49975,2.404
4,Thu,14.51436,7.115
4,Thu,14.51492,4.772
4,Thu,14.52332,3.592
4,Thu,14.52848,0.712
4,Thu,14.54707,1.229
4,Thu,14.56873,3.828
4,Thu,14.57251,4.335
4,Thu,14.58519,5.408
4,Thu,14.58886,2.276
4,Thu,14.63677,2.268
4,Thu,14.63706,2.074
4,Thu,14.66025,4.522
4,Thu,14.68273,4.977
4,Thu,14.68816,3.991
4,Thu,14.69943,3.405
4,Thu,14.70287,4.550
4,Thu,14.73426,2.810
4,Thu,14.73785,9.358
4,Thu,14.74195,2.730
4,Thu,14.74670,1.558
4,Thu,14.74816,0.579
4,Thu,14.76727,1.093
4,Thu,14.77723,0.714
4,Thu,14.77852,3.791
4,Thu,14.77867,3.416
4,Thu,14.78176,4.220
4,Thu,14.79280,3.711
4,Thu,14.81309,7.440
4,Thu,14.81559,11.751
4,Thu,14.81758,4.814
4,Thu,14.82906,1.728
4,Thu,14.83390,0.832
4,Thu,14.83451,4.674
4,Thu,14.83860,1.972
4,Thu,14.84338,1.620
4,Thu,14.84345,6.576
4,Thu,14.84716,4.125
4,Thu,14.85067,3.336
4,Thu,14.85904,1.194
4,Thu,14.90106,3.598
4,Thu,14.90760,0.799
4,Thu,14.92049,4.795
4,Thu,14.94198,5.342
4,Thu,14.95026,6.524
4,Thu,14.97536,6.368
4,Thu,14.97723,1.143
4,Thu,14.97907,1.340
4,Thu,14.98299,2.329
4,Thu,14.98473,3.556
4,Thu,14.99883,5.183
4,Thu,15.01208,4.960
4,Thu,15.02858,2.053
4,Thu,15.03343,4.748
4,Thu,15.04358,3.663
4,Thu,15.04517,4.728
4,Thu,15.04765,7.890
4,Thu,15.05320,1.013
4,Thu,15.05348,1.985
4,Thu,15.06633,1.299
4,Thu,15.07626,7.037
4,Thu,15.08379,1.277
4,Thu,15.12840,6.056
4,Thu,15.13342,3.567
4,Thu,15.15246,1.489
4,Thu,15.17263,3.506
4,Thu,15.17380,1.892
4,Thu,15.17896,1.609
4,Thu,15.18134,0.409
4,Thu,15.19123,2.356
4,Thu,15.19274,2.808
4,Thu,15.19986,4.643
4,Thu,15.21333,7.351
4,Thu,15.22279,5.915
4,Thu,15.22603,13.444
4,Thu,15.23649,3.626
4,Thu,15.24199,1.896
4,Thu,15.24362,1.423
4,Thu,15.25955,6.813
4,Thu,15.26278,2.379
4,Thu,15.27248,4.067
4,Thu,15.27568,2.175
4,Thu,15.31008,11.415
4,Thu,15.31622,5.591
4,Thu,15.31910,4.329
4,Thu,15.35329,1.873
4,Thu,15.36040,1.217
4,Thu,15.37094,14.260
4,Thu,15.41648,6.543
4,Thu,15.41948,2.009
4,Thu,15.42839,1.800
4,Thu,15.42951,1.399
4,Thu,15.43129,1.567
4,Thu,15.43813,4.608
4,Thu,15.44051,1.395
4,Thu,15.44787,2.083
4,Thu,15.45306,2.190
4,Thu,15.47673,2.661
4,Thu,15.47885,6.298
4,Thu,15.49182,6.788
4,Thu,15.53153,1.597
4,Thu,15.55839,3.341
4,Thu,15.55883,3.328
4,Thu,15.56469,4.549
4,Thu,15.56624,1.153
4,Thu,15.57032,4.200
4,Thu,15.57209,2.952
4,Thu,15.59009,2.677
4,Thu,15.59043,0.796
4,Thu,15.60029,2.338
4,Thu,15.60312,1.990
4,Thu,15.61797,4.479
4,Thu,15.63106,1.520
4,Thu,15.63621,3.568
4,Thu,15.65252,2.668
4,Thu,15.65342,1.907
4,Thu,15.67189,3.087
4,Thu,15.68038,10.136
4,Thu,15.69168,0.692
4,Thu,15.69916,1.971
4,Thu,15.71064,4.896
4,Thu,15.71874,6.349
4,Thu,15.71992,5.352
4,Thu,15.72081,2.299
4,Thu,15.72446,1.149
4,Thu,15.72691,6.752
4,Thu,15.74874,1.037
4,Thu,15.75460,3.185
4,Thu,15.78892,2.052
4,Thu,15.80203,3.835
4,Thu,15.80210,4.181
4,Thu,15.82294,5.414
4,Thu,15.83110,1.135
4,Thu,15.84540,1.018
4,Thu,15.85003,7.828
4,Thu,15.85246,4.877
4,Thu,15.87403,3.189
4,Thu,15.87505,2.136
4,Thu,15.87669,2.211
4,Thu,15.89018,2.408
4,Thu,15.89288,3.923
4,Thu,15.89476,1.798
4,Thu,15.89591,2.962
4,Thu,15.91448,2.410
4,Thu,15.91656,7.502
4,Thu,15.93561,2.600
4,Thu,15.94715,0.000
4,Thu,15.95109,3.825
4,Thu,15.95621,10.223
4,Thu,15.96252,2.822
4,Thu,15.97128,11.296
4,Thu,15.98234,1.810
4,Thu,15.98260,2.931
4,Thu,15.99042,0.930
4,Thu,16.01228,2.269
4,Thu,16.01260,2.746
4,Thu,16.01973,9.905
4,Thu,16.02104,3.057
4,Thu,16.02136,2.314
4,Thu,16.06206,4.361
4,Thu,16.06780,4.524
4,Thu,16.08259,6.339
4,Thu,16.10973,2.870
4,Thu,16.11625,2.180
4,Thu,16.18356,3.218
4,Thu,16.18428,2.713
4,Thu,16.19372,0.474
4,Thu,16.21112,1.689
4,Thu,16.21840,2.193
4,Thu,16.25285,2.507
4,Thu,16.29057,4.145
4,Thu,16.31798,2.104
4,Thu,16.33248,1.099
4,Thu,16.33422,2.040
4,Thu,16.36821,1.456
4,Thu,16.37160,2.985
4,Thu,16.37554,3.481
4,Thu,16.38057,1.982
4,Thu,16.38468,3.328
4,Thu,16.40089,2.663
4,Thu,16.40652,3.717
4,Thu,16.41223,1.908
4,Thu,16.41796,2.328
4,Thu,16.42417,2.042
4,Thu,16.42964,3.854
4,Thu,16.43974,5.336
4,Thu,16.47549,4.767
4,Thu,16.48214,27.020
4,Thu,16.50321,4.899
4,Thu,16.50695,3.219
4,Thu,16.51023,5.725
4,Thu,16.52305,2.488
4,Thu,16.54861,2.061
4,Thu,16.56030,1.830
4,Thu,16.56550,2.013
4,Thu,16.58882,8.271
4,Thu,16.60050,1.415
4,Thu,16.60624,0.986
4,Thu,16.61415,2.116
4,Thu,16.61861,10.751
4,Thu,16.62154,1.912
4,Thu,16.62674,14.215
4,Thu,16.63620,3.887
4,Thu,16.64619,0.888
4,Thu,16.65558,5.161
4,Thu,16.66781,3.074
4,Thu,16.69432,8.945
4,Thu,16.74133,2.110
4,Thu,16.76041,3.838
4,Thu,16.76624,11.650
4,Thu,16.78862,4.026
4,Thu,16.81046,2.806
4,Thu,16.82057,2.159
4,Thu,16.83376,8.093
4,Thu,16.84918,1.941
4,Thu,16.92272,2.193
4,Thu,16.95178,1.484
4,Thu,16.95184,1.537
4,Thu,16.95680,1.616
4,Thu,16.97627,2.222
4,Thu,16.97850,5.304
4,Thu,17.01115,2.641
4,Thu,17.01378,1.208
4,Thu,17.01929,2.012
4,Thu,17.02331,4.375
4,Thu,17.03101,11.283
4,Thu,17.03975,3.261
4,Thu,17.11184,3.476
4,Thu,17.15233,7.658
4,Thu,17.15272,2.326
4,Thu,17.17789,1.462
4,Thu,17.17798,4.269
4,Thu,17.18321,4.334
4,Thu,17.19613,5.504
4,Thu,17.19860,4.020
4,Thu,17.25830,1.229
4,Thu,17.26357,1.934
4,Thu,17.27634,3.213
4,Thu,17.27860,5.805
4,Thu,17.30567,0.000
4,Thu,17.31231,2.752
4,Thu,17.31371,6.302
4,Thu,17.32626,1.777
4,Thu,17.33889,3.910
4,Thu,17.35147,1.876
4,Thu,17.36907,1.179
4,Thu,17.38125,5.105
4,Thu,17.38745,9.010
4,Thu,17.39509,10.507
4,Thu,17.41529,5.278
4,Thu,17.42640,1.139
4,Thu,17.43550,2.709
4,Thu,17.45757,7.272
4,Thu,17.49367,1.932
4,Thu,17.50038,0.959
4,Thu,17.51111,3.159
4,Thu,17.51889,0.707
4,Thu,17.52235,16.754
4,Thu,17.53209,5.135
4,Thu,17.53277,3.287
4,Thu,17.55381,9.255
4,Thu,17.56759,2.705
4,Thu,17.56952,4.114
4,Thu,17.57106,5.432
4,Thu,17.58219,3.212
4,Thu,17.59075,2.238
4,Thu,17.61100,0.831
4,Thu,17.61842,2.788
4,Thu,17.65433,1.300
4,Thu,17.67825,1.837
4,Thu,17.69906,4.686
4,Thu,17.70305,4.340
4,Thu,17.73815,5.624
4,Thu,17.73880,6.011
4,Thu,17.74061,10.606
4,Thu,17.74986,1.005
4,Thu,17.75533,4.649
4,Thu,17.76940,4.846
4,Thu,17.77509,2.897
4,Thu,17.78872,7.225
4,Thu,17.79442,2.283
4,Thu,17.81745,9.213
4,Thu,17.81854,4.274
4,Thu,17.82090,4.295
4,Thu,17.83002,2.482
4,Thu,17.83638,3.692
4,Thu,17.85363,2.958
4,Thu,17.86346,1.544
4,Thu,17.86435,1.046
4,Thu,17.87033,1.232
4,Thu,17.87107,3.147
4,Thu,17.87248,5.256
4,Thu,17.88368,20.870
4,Thu,17.88470,2.220
4,Thu,17.90981,2.691
4,Thu,17.96355,2.326
4,Thu,17.96596,1.785
4,Thu,17.98655,5.753
4,Thu,17.99581,1.494
4,Thu,18.00343,3.576
4,Thu,18.03280,1.419
4,Thu,18.03880,4.970
4,Thu,18.05702,2.456
4,Thu,18.07248,2.280
4,Thu,18.10180,2.701
4,Thu,18.10687,5.064
4,Thu,18.10798,0.376
4,Thu,18.11098,3.820
4,Thu,18.22882,8.854
4,Thu,18.27281,9.366
4,Thu,18.29140,1.973
4,Thu,18.29963,4.660
4,Thu,18.30147,2.025
4,Thu,18.30595,5.057
4,Thu,18.34809,2.543
4,Thu,18.36520,10.373
4,Thu,18.37184,1.497
4,Thu,18.40203,4.681
4,Thu,18.43030,8.547
4,Thu,18.43590,9.651
4,Thu,18.46605,1.450
4,Thu,18.47163,0.864
4,Thu,18.48710,5.128
4,Thu,18.49597,3.540
4,Thu,18.53137,5.443
4,Thu,18.53689,1.453
4,Thu,18.56376,5.518
4,Thu,18.58352,7.040
4,Thu,18.59033,2.790
4,Thu,18.60494,3.160
4,Thu,18.61708,2.953
4,Thu,18.62634,2.591
4,Thu,18.66352,7.202
4,Thu,18.67332,8.071
4,Thu,18.67677,3.599
4,Thu,18.67743,1.752
4,Thu,18.74969,2.180
4,Thu,18.75289,4.455
4,Thu,18.78704,2.694
4,Thu,18.80391,5.281
4,Thu,18.81625,4.290
4,Thu,18.82249,10.357
4,Thu,18.84274,6.729
4,Thu,18.84391,5.700
4,Thu,18.89185,3.847
4,Thu,18.96316,2.517
4,Thu,18.96783,3.637
4,Thu,18.97066,1.200
4,Thu,18.97261,3.110
4,Thu,18.98833,5.638
4,Thu,19.00177,3.558
4,Thu,19.10341,1.825
4,Thu,19.10599,2.284
4,Thu,19.17107,2.673
4,Thu,19.17879,2.610
4,Thu,19.23019,5.246
4,Thu,19.27007,3.944
4,Thu,19.27279,5.054
4,Thu,19.27535,1.800
4,Thu,19.29088,2.593
4,Thu,19.29636,4.101
4,Thu,19.41188,2.976
4,Thu,19.60360,3.012
4,Thu,19.68281,3.397
4,Thu,19.70477,0.937
4,Thu,19.74315,5.116
4,Thu,19.75758,1.545
4,Thu,19.76677,3.818
4,Thu,19.77201,2.626
4,Thu,19.77635,0.850
4,Thu,19.78009,4.628
4,Thu,19.80527,1.967
4,Thu,19.80555,7.042
4,Thu,19.88105,4.297
4,Thu,19.94525,3.201
4,Thu,19.94578,6.045
4,Thu,19.95881,6.698
4,Thu,19.97543,3.689
4,Thu,19.99126,3.625
5,Fri,8.02754,1.315
5,Fri,8.02788,1.013
5,Fri,8.03097,1.717
5,Fri,8.05707,3.975
5,Fri,8.08156,3.733
5,Fri,8.10084,15.135
5,Fri,8.10775,2.603
5,Fri,8.12141,3.263
5,Fri,8.17650,2.894
5,Fri,8.17955,1.436
5,Fri,8.20143,4.707
5,Fri,8.21682,5.425
5,Fri,8.23417,3.245
5,Fri,8.24912,0.933
5,Fri,8.25389,0.657
5,Fri,8.25616,0.916
5,Fri,8.26952,1.533
5,Fri,8.27308,5.292
5,Fri,8.38961,2.331
5,Fri,8.40260,1.173
5,Fri,8.42432,4.242
5,Fri,8.44834,3.454
5,Fri,8.45320,2.525
5,Fri,8.45774,1.649
5,Fri,8.46327,3.493
5,Fri,8.48369,1.592
5,Fri,8.51950,1.832
5,Fri,8.52998,4.293
5,Fri,8.53951,2.472
5,Fri,8.64725,1.169
5,Fri,8.68454,7.322
5,Fri,8.71536,3.603
5,Fri,8.72124,1.291
5,Fri,8.75153,13.516
5,Fri,8.75527,6.433
5,Fri,8.77652,6.814
5,Fri,8.78238,6.455
5,Fri,8.78239,3.148
5,Fri,8.78939,15.774
5,Fri,8.79031,1.790
5,Fri,8.79301,8.307
5,Fri,8.80872,3.758
5,Fri,8.83553,3.814
5,Fri,8.84928,3.608
5,Fri,8.85382,2.397
5,Fri,8.86026,1.543
5,Fri,8.86799,3.269
5,Fri,8.87369,0.987
5,Fri,8.88544,1.035
5,Fri,8.90751,8.769
5,Fri,8.90906,6.035
5,Fri,8.91236,10.738
5,Fri,8.91373,2.201
5,Fri,8.94136,2.319
5,Fri,8.95205,4.900
5,Fri,8.95589,0.897
5,Fri,8.97698,1.406
5,Fri,8.97894,2.516
5,Fri,8.99238,1.963
5,Fri,9.00347,2.034
5,Fri,9.01976,6.027
5,Fri,9.02634,3.724
5,Fri,9.04370,6.434
5,Fri,9.04851,3.560
5,Fri,9.07469,10.699
5,Fri,9.07561,3.122
5,Fri,9.07658,6.811
5,Fri,9.07871,2.756
5,Fri,9.08256,2.546
5,Fri,9.11580,4.046
5,Fri,9.13995,7.397
5,Fri,9.18498,4.253
5,Fri,9.18961,12.397
5,Fri,9.19789,2.410
5,Fri,9.19994,1.429
5,Fri,9.20687,5.220
5,Fri,9.22189,3.544
5,Fri,9.22881,2.012
5,Fri,9.23486,4.001
5,Fri,9.23717,1.230
5,Fri,9.23980,7.498
5,Fri,9.24111,8.989
5,Fri,9.24666,2.751
5,Fri,9.26745,2.944
5,Fri,9.28753,0.918
5,Fri,9.28873,1.886
5,Fri,9.29426,2.645
5,Fri,9.29857,4.310
5,Fri,9.30294,8.872
5,Fri,9.30608,1.508
5,Fri,9.31654,1.628
5,Fri,9.32032,4.324
5,Fri,9.33329,5.511
5,Fri,9.34374,13.456
5,Fri,9.36287,3.846
5,Fri,9.37265,1.622
5,Fri,9.37850,0.942
5,Fri,9.39463,1.884
5,Fri,9.40010,4.083
5,Fri,9.40582,0.989
5,Fri,9.41364,2.358
5,Fri,9.41698,2.201
5,Fri,9.42669,1.172
5,Fri,9.42779,1.800
5,Fri,9.43141,5.907
5,Fri,9.45620,13.341
5,Fri,9.46792,1.194
5,Fri,9.46804,1.259
5,Fri,9.46968,1.820
5,Fri,9.47216,6.066
5,Fri,9.47555,2.826
5,Fri,9.47732,0.889
5,Fri,9.48317,10.839
5,Fri,9.48553,13.932
5,Fri,9.48967,3.602
5,Fri,9.49222,2.676
5,Fri,9.49826,2.774
5,Fri,9.50261,8.905
5,Fri,9.50403,4.300
5,Fri,9.50922,3.903
5,Fri,9.52584,3.624
5,Fri,9.52613,5.232
5,Fri,9.53290,2.026
5,Fri,9.53933,6.333
5,Fri,9.54494,17.847
5,Fri,9.54729,1.262
5,Fri,9.54783,7.859
5,Fri,9.55696,1.055
5,Fri,9.57524,1.440
5,Fri,9.58234,1.019
5,Fri,9.58395,3.752
5,Fri,9.63930,7.944
5,Fri,9.64394,15.567
5,Fri,9.65068,0.366
5,Fri,9.66201,0.860
5,Fri,9.68470,5.740
5,Fri,9.68539,2.793
5,Fri,9.70170,23.746
5,Fri,9.70870,9.131
5,Fri,9.73418,1.181
5,Fri,9.74223,2.886
5,Fri,9.74267,5.857
5,Fri,9.76513,1.369
5,Fri,9.76531,1.643
5,Fri,9.77376,3.268
5,Fri,9.77855,2.658
5,Fri,9.79037,3.231
5,Fri,9.79166,4.913
5,Fri,9.79406,2.570
5,Fri,9.79581,2.938
5,Fri,9.80545,2.927
5,Fri,9.82049,9.495
5,Fri,9.82651,0.879
5,Fri,9.84163,4.828
5,Fri,9.84475,5.142
5,Fri,9.86198,1.618
5,Fri,9.88090,6.012
5,Fri,9.88651,9.367
5,Fri,9.90222,11.782
5,Fri,9.90296,7.652
5,Fri,9.90367,7.930
5,Fri,9.90399,3.681
5,Fri,9.90480,4.307
5,Fri,9.91094,24.588
5,Fri,9.91148,1.747
5,Fri,9.91479,0.488
5,Fri,9.92533,7.515
5,Fri,9.93168,4.755
5,Fri,9.93732,1.423
5,Fri,9.94161,1.778
5,Fri,9.94329,7.039
5,Fri,9.94368,3.514
5,Fri,9.94546,8.421
5,Fri,9.95155,4.319
5,Fri,9.95338,2.191
5,Fri,9.95866,4.986
5,Fri,9.96073,2.075
5,Fri,9.96438,0.729
5,Fri,9.97720,3.324
5,Fri,9.97974,1.103
5,Fri,9.98054,1.368
5,Fri,9.98619,6.146
5,Fri,9.98980,9.687
5,Fri,10.00048,3.555
5,Fri,10.00221,9.038
5,Fri,10.01529,14.487
5,Fri,10.02459,2.226
5,Fri,10.03042,3.802
5,Fri,10.04035,2.480
5,Fri,10.04531,4.995
5,Fri,10.05043,1.325
5,Fri,10.06723,3.343
5,Fri,10.07303,4.038
5,Fri,10.07444,5.895
5,Fri,10.07500,9.307
5,Fri,10.07921,1.659
5,Fri,10.08139,6.124
5,Fri,10.08332,0.843
5,Fri,10.10080,3.636
5,Fri,10.10889,2.185
5,Fri,10.11255,6.630
5,Fri,10.11544,5.785
5,Fri,10.13175,5.114
5,Fri,10.13724,2.290
5,Fri,10.14061,2.422
5,Fri,10.14863,3.944
5,Fri,10.15008,3.056
5,Fri,10.15070,0.966
5,Fri,10.15317,2.100
5,Fri,10.15454,2.202
5,Fri,10.15761,5.952
5,Fri,10.16146,9.947
5,Fri,10.17116,1.190
5,Fri,10.17496,0.968
5,Fri,10.18369,0.418
5,Fri,10.18714,1.706
5,Fri,10.20126,1.935
5,Fri,10.20793,1.030
5,Fri,10.22072,12.318
5,Fri,10.22843,1.201
5,Fri,10.23498,3.519
5,Fri,10.23665,3.026
5,Fri,10.24665,2.711
5,Fri,10.24695,6.493
5,Fri,10.24794,1.326
5,Fri,10.26234,2.841
5,Fri,10.26251,5.524
5,Fri,10.26369,1.610
5,Fri,10.28797,4.636
5,Fri,10.28964,2.683
5,Fri,10.29728,3.932
5,Fri,10.30691,4.489
5,Fri,10.32212,4.093
5,Fri,10.32715,7.159
5,Fri,10.32998,1.428
5,Fri,10.33039,4.021
5,Fri,10.33322,7.137
5,Fri,10.33924,4.814
5,Fri,10.34180,4.374
5,Fri,10.34838,18.164
5,Fri,10.35876,2.436
5,Fri,10.36083,13.320
5,Fri,10.37219,2.105
5,Fri,10.37441,3.085
5,Fri,10.39159,1.846
5,Fri,10.40230,3.434
5,Fri,10.42722,1.071
5,Fri,10.42855,10.050
5,Fri,10.43671,6.087
5,Fri,10.43971,7.870
5,Fri,10.44180,7.927
5,Fri,10.44474,2.918
5,Fri,10.44721,7.777
5,Fri,10.44882,4.868
5,Fri,10.44925,4.998
5,Fri,10.45010,2.804
5,Fri,10.46455,2.769
5,Fri,10.46478,4.655
5,Fri,10.47691,0.813
5,Fri,10.48079,2.628
5,Fri,10.49868,3.456
5,Fri,10.49971,2.895
5,Fri,10.50248,2.528
5,Fri,10.50257,5.501
5,Fri,10.50488,4.668
5,Fri,10.51484,3.037
5,Fri,10.52489,2.399
5,Fri,10.52674,3.027
5,Fri,10.53209,17.309
5,Fri,10.53398,3.845
5,Fri,10.53453,1.904
5,Fri,10.53641,0.291
5,Fri,10.53736,2.450
5,Fri,10.53878,0.945
5,Fri,10.54496,4.290
5,Fri,10.55021,3.018
5,Fri,10.56143,1.697
5,Fri,10.57171,8.811
5,Fri,10.57577,6.157
5,Fri,10.58644,2.293
5,Fri,10.59904,0.850
5,Fri,10.60842,8.184
5,Fri,10.60851,2.777
5,Fri,10.61146,5.057
5,Fri,10.61305,1.520
5,Fri,10.61589,2.379
5,Fri,10.62682,6.691
5,Fri,10.63006,1.996
5,Fri,10.63164,1.491
5,Fri,10.63771,3.430
5,Fri,10.64039,1.448
5,Fri,10.65413,1.001
5,Fri,10.65458,3.664
5,Fri,10.65608,1.786
5,Fri,10.65933,2.298
5,Fri,10.68474,1.426
5,Fri,10.68525,2.908
5,Fri,10.68744,1.621
5,Fri,10.69219,1.897
5,Fri,10.69584,7.440
5,Fri,10.71006,5.790
5,Fri,10.71027,6.372
5,Fri,10.71134,2.374
5,Fri,10.71733,4.844
5,Fri,10.72844,1.684
5,Fri,10.74046,5.578
5,Fri,10.74777,5.771
5,Fri,10.75801,1.111
5,Fri,10.76064,0.316
5,Fri,10.77466,6.079
5,Fri,10.77655,1.989
5,Fri,10.78203,3.759
5,Fri,10.78226,5.012
5,Fri,10.80182,1.980
5,Fri,10.80785,2.697
5,Fri,10.81711,3.341
5,Fri,10.83739,5.989
5,Fri,10.84007,1.515
5,Fri,10.84042,4.504
5,Fri,10.86706,1.254
5,Fri,10.87052,1.434
5,Fri,10.87530,13.113
5,Fri,10.87799,0.546
5,Fri,10.88636,5.966
5,Fri,10.88734,1.094
5,Fri,10.89126,2.165
5,Fri,10.89221,21.120
5,Fri,10.89573,2.929
5,Fri,10.89697,1.799
5,Fri,10.90285,1.164
5,Fri,10.90978,3.163
5,Fri,10.91509,1.861
5,Fri,10.91597,1.051
5,Fri,10.91797,1.329
5,Fri,10.91836,1.530
5,Fri,10.92540,2.235
5,Fri,10.92917,3.998
5,Fri,10.93548,2.566
5,Fri,10.94087,4.138
5,Fri,10.94791,3.254
5,Fri,10.95058,3.036
5,Fri,10.96175,3.792
5,Fri,10.96253,4.049
5,Fri,10.96885,1.358
5,Fri,10.97391,15.357
5,Fri,10.97992,4.537
5,Fri,11.00382,2.136
5,Fri,11.01454,4.910
5,Fri,11.01748,17.197
5,Fri,11.03870,8.966
5,Fri,11.05436,2.389
5,Fri,11.06103,0.977
5,Fri,11.06375,7.736
5,Fri,11.06569,1.101
5,Fri,11.07411,1.879
5,Fri,11.08135,1.526
5,Fri,11.08339,3.311
5,Fri,11.10063,21.030
5,Fri,11.12018,1.307
5,Fri,11.13051,1.046
5,Fri,11.13499,3.887
5,Fri,11.13850,1.806
5,Fri,11.14279,1.900
5,Fri,11.15913,7.212
5,Fri,11.16551,4.403
5,Fri,11.17516,3.502
5,Fri,11.18248,0.550
5,Fri,11.18627,4.813
5,Fri,11.19453,1.128
5,Fri,11.20023,1.805
5,Fri,11.21364,1.533
5,Fri,11.22793,2.713
5,Fri,11.23065,4.265
5,Fri,11.23588,3.827
5,Fri,11.24647,2.075
5,Fri,11.24664,4.581
5,Fri,11.24700,2.995
5,Fri,11.24952,4.429
5,Fri,11.25238,2.229
5,Fri,11.26236,13.215
5,Fri,11.27731,2.555
5,Fri,11.27769,4.168
5,Fri,11.28341,0.976
5,Fri,11.29794,11.608
5,Fri,11.29865,1.112
5,Fri,11.30305,1.012
5,Fri,11.31679,2.445
5,Fri,11.34286,4.117
5,Fri,11.34818,1.122
5,Fri,11.34986,2.374
5,Fri,11.36205,3.095
5,Fri,11.36451,9.248
5,Fri,11.36572,5.208
5,Fri,11.37079,2.893
5,Fri,11.37194,2.517
5,Fri,11.38597,2.727
5,Fri,11.39348,2.450
5,Fri,11.39779,2.580
5,Fri,11.40032,2.722
5,Fri,11.41146,4.364
5,Fri,11.42343,7.659
5,Fri,11.42913,3.267
5,Fri,11.43591,9.404
5,Fri,11.43723,3.624
5,Fri,11.45264,3.485
5,Fri,11.45898,3.564
5,Fri,11.46636,3.334
5,Fri,11.47083,6.460
5,Fri,11.47455,4.534
5,Fri,11.47771,4.494
5,Fri,11.48947,4.103
5,Fri,11.49674,7.556
5,Fri,11.49692,2.306
5,Fri,11.51063,3.492
5,Fri,11.51704,3.586
5,Fri,11.52150,5.376
5,Fri,11.55086,4.475
5,Fri,11.55464,2.897
5,Fri,11.56247,4.529
5,Fri,11.58564,5.877
5,Fri,11.59558,9.983
5,Fri,11.59819,0.700
5,Fri,11.60783,5.722
5,Fri,11.61906,1.651
5,Fri,11.63119,2.607
5,Fri,11.63629,6.518
5,Fri,11.63719,3.032
5,Fri,11.64026,1.771
5,Fri,11.64886,4.054
5,Fri,11.66302,2.413
5,Fri,11.66651,4.242
5,Fri,11.66813,2.097
5,Fri,11.67842,4.482
5,Fri,11.69245,9.209
5,Fri,11.69757,3.162
5,Fri,11.70169,5.997
5,Fri,11.70210,10.168
5,Fri,11.70616,2.586
5,Fri,11.70925,3.976
5,Fri,11.71405,3.979
5,Fri,11.71468,4.418
5,Fri,11.71706,1.950
5,Fri,11.72096,3.144
5,Fri,11.74466,5.336
5,Fri,11.75684,5.487
5,Fri,11.79278,2.170
5,Fri,11.82488,1.720
5,Fri,11.82682,10.446
5,Fri,11.84182,10.719
5,Fri,11.84347,1.803
5,Fri,11.84805,8.864
5,Fri,11.86658,2.297
5,Fri,11.87554,5.929
5,Fri,11.88315,1.092
5,Fri,11.89338,3.589
5,Fri,11.90107,3.744
5,Fri,11.90334,3.961
5,Fri,11.91750,4.948
5,Fri,11.92084,3.520
5,Fri,11.92498,2.126
5,Fri,11.93802,5.919
5,Fri,11.97041,16.210
5,Fri,11.97507,4.057
5,Fri,11.97576,0.976
5,Fri,11.97839,3.268
5,Fri,11.98625,0.976
5,Fri,11.99048,1.940
5,Fri,11.99712,2.916
5,Fri,12.00943,6.313
5,Fri,12.01139,2.465
5,Fri,12.01809,3.059
5,Fri,12.02561,2.451
5,Fri,12.03143,1.603
5,Fri,12.03308,3.920
5,Fri,12.04277,4.889
5,Fri,12.04688,6.014
5,Fri,12.06303,2.669
5,Fri,12.07915,14.165
5,Fri,12.07954,2.020
5,Fri,12.09009,0.915
5,Fri,12.09544,3.327
5,Fri,12.09774,1.230
5,Fri,12.12748,3.082
5,Fri,12.15027,0.000
5,Fri,12.15202,4.658
5,Fri,12.16649,6.323
5,Fri,12.16870,4.604
5,Fri,12.16981,2.067
5,Fri,12.17313,4.835
5,Fri,12.18941,1.117
5,Fri,12.23121,2.406
5,Fri,12.23363,4.674
5,Fri,12.23941,4.264
5,Fri,12.24012,8.697
5,Fri,12.24999,1.637
5,Fri,12.26372,0.985
5,Fri,12.27160,2.570
5,Fri,12.27346,6.165
5,Fri,12.27438,2.727
5,Fri,12.28844,7.462
5,Fri,12.28946,9.739
5,Fri,12.29830,2.812
5,Fri,12.30873,2.618
5,Fri,12.32174,3.662
5,Fri,12.32461,10.070
5,Fri,12.35141,3.482
5,Fri,12.37451,2.557
5,Fri,12.39762,14.990
5,Fri,12.40265,5.578
5,Fri,12.42166,3.410
5,Fri,12.44227,2.237
5,Fri,12.44627,2.870
5,Fri,12.45373,5.874
5,Fri,12.45588,3.141
5,Fri,12.47444,1.670
5,Fri,12.47568,5.059
5,Fri,12.48792,2.274
5,Fri,12.50070,2.747
5,Fri,12.50259,5.486
5,Fri,12.52328,4.201
5,Fri,12.52457,12.398
5,Fri,12.52795,7.122
5,Fri,12.52803,4.008
5,Fri,12.52907,6.478
5,Fri,12.55229,8.166
5,Fri,12.55781,7.798
5,Fri,12.58977,1.762
5,Fri,12.60409,1.403
5,Fri,12.60412,3.491
5,Fri,12.61274,1.097
5,Fri,12.62726,5.133
5,Fri,12.65479,5.185
5,Fri,12.65647,3.984
5,Fri,12.66873,2.216
5,Fri,12.67703,6.624
5,Fri,12.67974,3.561
5,Fri,12.68182,4.018
5,Fri,12.71263,4.361
5,Fri,12.71820,1.531
5,Fri,12.71912,2.205
5,Fri,12.73737,3.589
5,Fri,12.74275,0.976
5,Fri,12.79288,7.858
5,Fri,12.79701,5.004
5,Fri,12.82729,5.936
5,Fri,12.83616,7.778
5,Fri,12.83783,4.083
5,Fri,12.87877,10.632
5,Fri,12.90438,3.593
5,Fri,12.91056,3.432
5,Fri,12.91884,1.721
5,Fri,12.94092,1.576
5,Fri,12.94178,3.954
5,Fri,12.94793,2.471
5,Fri,12.96152,1.614
5,Fri,12.96458,11.994
5,Fri,12.97273,0.000
5,Fri,12.97970,8.250
5,Fri,12.98969,3.853
5,Fri,12.99603,4.442
5,Fri,13.00109,1.715
5,Fri,13.02338,3.251
5,Fri,13.03349,9.364
5,Fri,13.03464,1.044
5,Fri,13.04485,1.433
5,Fri,13.06110,6.696
5,Fri,13.08555,2.214
5,Fri,13.09954,7.872
5,Fri,13.10734,5.730
5,Fri,13.10815,3.354
5,Fri,13.10950,4.011
5,Fri,13.11292,5.691
5,Fri,13.13959,3.513
5,Fri,13.16478,5.106
5,Fri,13.19864,12.711
5,Fri,13.20725,3.534
5,Fri,13.21486,1.617
5,Fri,13.22226,1.329
5,Fri,13.23236,1.638
5,Fri,13.25506,1.759
5,Fri,13.25972,9.005
5,Fri,13.27122,3.569
5,Fri,13.27143,5.184
5,Fri,13.27323,8.556
5,Fri,13.27551,1.621
5,Fri,13.27768,3.832
5,Fri,13.28549,2.921
5,Fri,13.29088,11.813
5,Fri,13.29751,1.867
5,Fri,13.30528,9.028
5,Fri,13.32747,4.204
5,Fri,13.33357,1.280
5,Fri,13.33372,4.046
5,Fri,13.35328,15.985
5,Fri,13.36054,4.549
5,Fri,13.36776,2.448
5,Fri,13.37200,4.541
5,Fri,13.37551,3.425
5,Fri,13.38120,2.409
5,Fri,13.38266,1.415
5,Fri,13.38801,8.819
5,Fri,13.38876,6.831
5,Fri,13.39795,2.511
5,Fri,13.41512,1.876
5,Fri,13.41898,1.857
5,Fri,13.43640,4.826
5,Fri,13.43977,3.030
5,Fri,13.45225,1.552
5,Fri,13.46117,9.002
5,Fri,13.46227,0.677
5,Fri,13.46232,3.054
5,Fri,13.46940,0.000
5,Fri,13.47838,2.869
5,Fri,13.48287,3.869
5,Fri,13.49128,3.905
5,Fri,13.50646,3.091
5,Fri,13.50668,1.649
5,Fri,13.51101,1.959
5,Fri,13.52120,1.992
5,Fri,13.54973,2.625
5,Fri,13.56357,1.007
5,Fri,13.56731,0.857
5,Fri,13.56862,4.984
5,Fri,13.58344,4.429
5,Fri,13.58404,2.834
5,Fri,13.59303,5.329
5,Fri,13.59943,7.477
5,Fri,13.61092,2.537
5,Fri,13.63247,4.521
5,Fri,13.63814,6.601
5,Fri,13.64213,2.738
5,Fri,13.64865,1.832
5,Fri,13.67160,8.464
5,Fri,13.68067,0.000
5,Fri,13.68520,0.714
5,Fri,13.68726,4.271
5,Fri,13.68823,3.146
5,Fri,13.69161,2.070
5,Fri,13.69775,0.773
5,Fri,13.69971,15.200
5,Fri,13.70005,6.319
5,Fri,13.70445,0.947
5,Fri,13.72025,3.474
5,Fri,13.72559,12.301
5,Fri,13.73326,0.638
5,Fri,13.74342,1.067
5,Fri,13.75425,1.442
5,Fri,13.75481,2.319
5,Fri,13.75910,2.045
5,Fri,13.76551,5.744
5,Fri,13.76655,6.967
5,Fri,13.78624,7.015
5,Fri,13.79502,1.165
5,Fri,13.80411,3.831
5,Fri,13.80616,0.998
5,Fri,13.83323,1.000
5,Fri,13.85383,10.940
5,Fri,13.86183,1.615
5,Fri,13.87268,3.106
5,Fri,13.88592,2.246
5,Fri,13.88973,7.489
5,Fri,13.88986,3.693
5,Fri,13.92002,4.193
5,Fri,13.93095,1.328
5,Fri,13.94603,2.448
5,Fri,13.95737,6.218
5,Fri,13.95871,1.929
5,Fri,13.96661,2.553
5,Fri,13.97387,1.148
5,Fri,13.98366,2.821
5,Fri,13.98806,3.878
5,Fri,14.00528,1.444
5,Fri,14.00948,3.002
5,Fri,14.01033,3.399
5,Fri,14.01261,4.217
5,Fri,14.01291,6.048
5,Fri,14.01834,5.175
5,Fri,14.03217,1.894
5,Fri,14.04019,4.080
5,Fri,14.05792,1.137
5,Fri,14.05919,2.155
5,Fri,14.05973,0.945
5,Fri,14.06250,2.984
5,Fri,14.06352,8.774
5,Fri,14.06636,8.513
5,Fri,14.08618,2.773
5,Fri,14.10276,7.370
5,Fri,14.11237,6.510
5,Fri,14.13869,1.009
5,Fri,14.15526,4.504
5,Fri,14.17245,2.325
5,Fri,14.17846,7.200
5,Fri,14.17862,0.302
5,Fri,14.18135,2.261
5,Fri,14.18138,3.264
5,Fri,14.18321,1.601
5,Fri,14.18592,1.781
5,Fri,14.19468,15.052
5,Fri,14.19844,4.332
5,Fri,14.21259,2.670
5,Fri,14.21794,3.624
5,Fri,14.21896,6.624
5,Fri,14.22190,2.331
5,Fri,14.25560,1.603
5,Fri,14.26816,0.890
5,Fri,14.28415,1.753
5,Fri,14.29898,1.763
5,Fri,14.31632,3.227
5,Fri,14.32067,2.987
5,Fri,14.32322,1.545
5,Fri,14.33048,3.137
5,Fri,14.33128,3.724
5,Fri,14.33191,1.931
5,Fri,14.33724,1.159
5,Fri,14.34788,1.693
5,Fri,14.35552,12.794
5,Fri,14.38400,2.486
5,Fri,14.38510,1.651
5,Fri,14.38763,3.071
5,Fri,14.39057,2.547
5,Fri,14.39270,9.051
5,Fri,14.40423,2.048
5,Fri,14.40500,2.032
5,Fri,14.42564,1.071
5,Fri,14.43025,4.104
5,Fri,14.46295,3.149
5,Fri,14.47734,2.645
5,Fri,14.50041,2.650
5,Fri,14.50276,4.844
5,Fri,14.50325,1.201
5,Fri,14.50580,4.954
5,Fri,14.51272,9.324
5,Fri,14.51323,1.649
5,Fri,14.51333,1.230
5,Fri,14.54070,4.115
5,Fri,14.55308,1.053
5,Fri,14.56930,4.102
5,Fri,14.56977,3.003
5,Fri,14.57242,2.826
5,Fri,14.57554,2.789
5,Fri,14.59521,5.285
5,Fri,14.59849,14.036
5,Fri,14.61150,2.189
5,Fri,14.63236,1.647
5,Fri,14.63259,1.207
5,Fri,14.63901,5.954
5,Fri,14.63908,6.209
5,Fri,14.64084,3.392
5,Fri,14.64127,5.472
5,Fri,14.64545,3.857
5,Fri,14.64883,2.360
5,Fri,14.66413,1.668
5,Fri,14.67086,2.564
5,Fri,14.67176,2.487
5,Fri,14.67405,0.698
5,Fri,14.68613,3.778
5,Fri,14.68746,5.718
5,Fri,14.68882,1.532
5,Fri,14.69017,1.578
5,Fri,14.69075,4.585
5,Fri,14.69661,5.234
5,Fri,14.69977,2.405
5,Fri,14.70585,7.878
5,Fri,14.70756,15.259
5,Fri,14.70831,2.622
5,Fri,14.73866,1.951
5,Fri,14.74596,0.909
5,Fri,14.74765,2.145
5,Fri,14.76018,3.561
5,Fri,14.77321,1.303
5,Fri,14.79239,0.992
5,Fri,14.80262,4.845
5,Fri,14.80407,11.253
5,Fri,14.81927,2.666
5,Fri,14.82130,1.615
5,Fri,14.82576,1.322
5,Fri,14.83108,0.791
5,Fri,14.83613,0.989
5,Fri,14.85258,2.127
5,Fri,14.85654,3.547
5,Fri,14.85745,5.262
5,Fri,14.85765,1.054
5,Fri,14.85857,1.553
5,Fri,14.87711,1.577
5,Fri,14.88227,3.706
5,Fri,14.88602,8.400
5,Fri,14.89161,4.863
5,Fri,14.89494,5.878
5,Fri,14.90010,6.715
5,Fri,14.90259,7.450
5,Fri,14.91026,18.919
5,Fri,14.91460,1.567
5,Fri,14.92570,1.916
5,Fri,14.93551,1.047
5,Fri,14.93672,4.019
5,Fri,14.98570,1.548
5,Fri,14.98644,1.523
5,Fri,14.98966,4.475
5,Fri,15.00172,4.644
5,Fri,15.03630,12.765
5,Fri,15.06298,0.725
5,Fri,15.06674,1.532
5,Fri,15.07588,2.101
5,Fri,15.08563,2.934
5,Fri,15.11217,5.006
5,Fri,15.11404,4.191
5,Fri,15.12085,3.824
5,Fri,15.13620,2.124
5,Fri,15.15463,7.522
5,Fri,15.16211,0.798
5,Fri,15.16708,3.786
5,Fri,15.17369,11.485
5,Fri,15.18387,2.725
5,Fri,15.18815,2.768
5,Fri,15.19122,9.410
5,Fri,15.19860,3.509
5,Fri,15.20301,3.150
5,Fri,15.20687,1.880
5,Fri,15.20997,4.676
5,Fri,15.21825,1.093
5,Fri,15.21869,2.130
5,Fri,15.22534,1.385
5,Fri,15.23475,1.987
5,Fri,15.25332,8.214
5,Fri,15.27591,1.639
5,Fri,15.27934,6.873
5,Fri,15.28202,2.706
5,Fri,15.28381,2.580
5,Fri,15.29214,7.287
5,Fri,15.29685,1.940
5,Fri,15.30443,2.799
5,Fri,15.30546,2.508
5,Fri,15.32757,7.418
5,Fri,15.33281,3.856
5,Fri,15.33991,7.455
5,Fri,15.38329,1.816
5,Fri,15.38346,2.507
5,Fri,15.39304,4.821
5,Fri,15.40410,2.449
5,Fri,15.40502,2.447
5,Fri,15.41487,7.339
5,Fri,15.44919,1.238
5,Fri,15.45119,3.688
5,Fri,15.46429,9.402
5,Fri,15.46479,1.451
5,Fri,15.46510,1.729
5,Fri,15.47841,3.386
5,Fri,15.48616,1.655
5,Fri,15.50923,2.532
5,Fri,15.51095,4.984
5,Fri,15.51224,2.644
5,Fri,15.52114,2.173
5,Fri,15.52957,5.239
5,Fri,15.53234,3.165
5,Fri,15.55416,4.994
5,Fri,15.55561,0.911
5,Fri,15.55588,3.696
5,Fri,15.55859,2.476
5,Fri,15.57649,4.394
5,Fri,15.58129,1.638
5,Fri,15.58645,6.011
5,Fri,15.61249,2.940
5,Fri,15.61837,1.548
5,Fri,15.62552,2.790
5,Fri,15.63871,1.792
5,Fri,15.64182,1.613
5,Fri,15.64310,1.501
5,Fri,15.64340,3.853
5,Fri,15.64680,4.690
5,Fri,15.65360,7.605
5,Fri,15.66629,6.852
5,Fri,15.66904,2.254
5,Fri,15.68946,1.815
5,Fri,15.70073,7.556
5,Fri,15.72905,1.693
5,Fri,15.73352,3.843
5,Fri,15.75485,3.086
5,Fri,15.75677,2.634
5,Fri,15.79036,2.679
5,Fri,15.83849,1.137
5,Fri,15.84652,4.749
5,Fri,15.86131,10.504
5,Fri,15.87021,6.666
5,Fri,15.87078,2.815
5,Fri,15.91977,3.442
5,Fri,15.92274,1.090
5,Fri,15.92803,2.577
5,Fri,15.93248,1.475
5,Fri,15.93293,1.378
5,Fri,15.94261,2.142
5,Fri,15.99765,7.345
5,Fri,16.00306,1.708
5,Fri,16.00797,4.792
5,Fri,16.01179,3.605
5,Fri,16.02347,3.736
5,Fri,16.02810,5.551
5,Fri,16.03740,1.078
5,Fri,16.04726,2.249
5,Fri,16.05448,1.199
5,Fri,16.10358,7.659
5,Fri,16.13949,3.982
5,Fri,16.14323,2.070
5,Fri,16.14400,2.367
5,Fri,16.17749,1.798
5,Fri,16.20533,5.331
5,Fri,16.20913,6.064
5,Fri,16.21158,5.585
5,Fri,16.22495,1.989
5,Fri,16.22962,4.363
5,Fri,16.23159,2.633
5,Fri,16.24690,2.534
5,Fri,16.24790,2.241
5,Fri,16.28604,4.951
5,Fri,16.29286,7.360
5,Fri,16.30841,6.379
5,Fri,16.31045,2.548
5,Fri,16.36262,2.736
5,Fri,16.37094,2.121
5,Fri,16.38212,1.896
5,Fri,16.39221,10.883
5,Fri,16.40718,2.260
5,Fri,16.41620,10.283
5,Fri,16.42564,3.812
5,Fri,16.44820,11.600
5,Fri,16.46104,4.183
5,Fri,16.48095,5.386
5,Fri,16.48648,4.697
5,Fri,16.49665,0.983
5,Fri,16.56032,4.976
5,Fri,16.61587,1.139
5,Fri,16.62581,4.570
5,Fri,16.62662,1.915
5,Fri,16.63503,3.629
5,Fri,16.64075,10.018
5,Fri,16.65307,2.275
5,Fri,16.65553,1.755
5,Fri,16.66526,2.725
5,Fri,16.69003,2.900
5,Fri,16.71094,1.135
5,Fri,16.74600,3.136
5,Fri,16.76453,12.072
5,Fri,16.77401,5.684
5,Fri,16.77474,3.460
5,Fri,16.78281,8.111
5,Fri,16.79048,18.689
5,Fri,16.80118,1.708
5,Fri,16.80578,1.914
5,Fri,16.81738,5.396
5,Fri,16.81933,1.576
5,Fri,16.82882,2.042
5,Fri,16.83147,0.000
5,Fri,16.87187,6.641
5,Fri,16.87725,5.393
5,Fri,16.89094,2.348
5,Fri,16.89962,4.644
5,Fri,16.90493,3.221
5,Fri,16.97372,3.506
5,Fri,16.98016,1.745
5,Fri,16.98880,5.677
5,Fri,16.98927,1.334
5,Fri,17.00388,1.613
5,Fri,17.00959,1.310
5,Fri,17.02097,2.547
5,Fri,17.04394,10.838
5,Fri,17.05644,5.191
5,Fri,17.09415,1.507
5,Fri,17.11630,2.936
5,Fri,17.13373,5.633
5,Fri,17.14789,1.687
5,Fri,17.17692,8.071
5,Fri,17.22025,2.286
5,Fri,17.23056,2.042
5,Fri,17.23841,8.888
5,Fri,17.31264,2.494
5,Fri,17.31441,4.394
5,Fri,17.31936,6.564
5,Fri,17.32132,8.937
5,Fri,17.41348,1.686
5,Fri,17.46672,0.904
5,Fri,17.47390,1.896
5,Fri,17.49285,1.074
5,Fri,17.49929,8.567
5,Fri,17.56306,3.138
5,Fri,17.57288,10.433
5,Fri,17.60639,1.384
5,Fri,17.67154,6.827
5,Fri,17.70910,1.573
5,Fri,17.71722,1.390
5,Fri,17.71970,3.717
5,Fri,17.75701,6.952
5,Fri,17.75985,1.531
5,Fri,17.76995,2.842
5,Fri,17.77794,5.889
5,Fri,17.80115,1.827
5,Fri,17.81715,2.426
5,Fri,17.82939,3.933
5,Fri,17.83841,0.637
5,Fri,17.84261,1.396
5,Fri,17.84999,3.412
5,Fri,17.87695,2.971
5,Fri,17.90747,1.489
5,Fri,17.94389,12.614
5,Fri,17.94871,4.377
5,Fri,18.02092,1.505
5,Fri,18.04865,2.726
5,Fri,18.05080,3.943
5,Fri,18.06304,1.282
5,Fri,18.10057,0.779
5,Fri,18.13160,1.895
5,Fri,18.16949,1.326
5,Fri,18.19432,3.606
5,Fri,18.19603,6.025
5,Fri,18.24558,1.018
5,Fri,18.26785,3.319
5,Fri,18.28943,3.025
5,Fri,18.31686,3.271
5,Fri,18.31695,2.993
5,Fri,18.40911,2.710
5,Fri,18.41368,1.171
5,Fri,18.42031,2.348
5,Fri,18.44745,2.611
5,Fri,18.45876,4.268
5,Fri,18.47766,13.032
5,Fri,18.48979,1.837
5,Fri,18.51234,0.638
5,Fri,18.54028,7.819
5,Fri,18.57148,0.000
5,Fri,18.60864,2.016
5,Fri,18.62407,5.334
5,Fri,18.62564,6.629
5,Fri,18.63564,1.259
5,Fri,18.68165,4.283
5,Fri,18.69028,1.997
5,Fri,18.70902,2.129
5,Fri,18.72429,1.735
5,Fri,18.73270,2.288
5,Fri,18.74463,5.043
5,Fri,18.74580,1.520
5,Fri,18.81344,1.989
5,Fri,18.81499,9.912
5,Fri,18.82579,3.848
5,Fri,18.82854,10.153
5,Fri,18.85499,4.031
5,Fri,18.86171,9.196
5,Fri,18.86404,8.780
5,Fri,18.87127,2.241
5,Fri,18.89214,5.487
5,Fri,18.91356,0.722
5,Fri,18.92543,2.782
5,Fri,18.95260,0.742
5,Fri,18.98032,4.489
5,Fri,18.98849,1.518
5,Fri,18.99697,4.714
5,Fri,18.99966,3.684
5,Fri,19.00941,3.156
5,Fri,19.01740,3.440
5,Fri,19.03615,3.544
5,Fri,19.03648,10.383
5,Fri,19.06327,7.062
5,Fri,19.07683,5.053
5,Fri,19.15091,2.086
5,Fri,19.15293,0.953
5,Fri,19.15673,2.146
5,Fri,19.15917,9.680
5,Fri,19.20332,1.327
5,Fri,19.28201,1.401
5,Fri,19.28568,1.027
5,Fri,19.29773,2.135
5,Fri,19.30931,4.219
5,Fri,19.32281,4.861
5,Fri,19.33401,8.187
5,Fri,19.33599,0.841
5,Fri,19.35134,2.311
5,Fri,19.37995,2.225
5,Fri,19.43835,2.662
5,Fri,19.44972,1.258
5,Fri,19.45135,7.628
5,Fri,19.49404,1.638
5,Fri,19.50058,9.555
5,Fri,19.51007,4.469
5,Fri,19.51928,2.355
5,Fri,19.52220,4.206
5,Fri,19.56957,2.029
5,Fri,19.56980,5.253
5,Fri,19.57357,2.263
5,Fri,19.57660,9.846
5,Fri,19.60540,6.710
5,Fri,19.62755,2.851
5,Fri,19.63934,2.002
5,Fri,19.66464,2.943
5,Fri,19.67969,5.203
5,Fri,19.74388,2.983
5,Fri,19.74971,1.044
5,Fri,19.79502,2.653
5,Fri,19.84334,0.894
5,Fri,19.84514,2.308
5,Fri,19.85243,2.507
5,Fri,19.89720,2.430
5,Fri,19.90323,4.789
5,Fri,19.92700,2.682
5,Fri,19.92935,2.900
5,Fri,19.93880,2.318
5,Fri,19.95213,16.707
5,Fri,19.95404,2.982
5,Fri,19.95938,6.823
5,Fri,19.95969,2.889
6,Mon,8.01450,2.578
6,Mon,8.04067,5.564
6,Mon,8.05995,14.531
6,Mon,8.06865,1.789
6,Mon,8.07952,3.103
6,Mon,8.08591,5.925
6,Mon,8.09318,8.277
6,Mon,8.09655,0.877
6,Mon,8.15121,0.695
6,Mon,8.16936,5.050
6,Mon,8.17952,1.609
6,Mon,8.19124,1.487
6,Mon,8.20088,0.296
6,Mon,8.20453,2.915
6,Mon,8.20563,4.044
6,Mon,8.25459,2.809
6,Mon,8.26594,3.411
6,Mon,8.28480,3.756
6,Mon,8.30153,3.175
6,Mon,8.30565,4.982
6,Mon,8.31428,2.134
6,Mon,8.34923,14.539
6,Mon,8.37154,6.016
6,Mon,8.38662,4.120
6,Mon,8.40280,7.148
6,Mon,8.43305,7.070
6,Mon,8.44517,2.891
6,Mon,8.50946,4.892
6,Mon,8.51555,5.280
6,Mon,8.51856,3.120
6,Mon,8.52173,1.106
6,Mon,8.52956,3.563
6,Mon,8.53066,1.631
6,Mon,8.54411,3.212
6,Mon,8.54508,0.748
6,Mon,8.55301,1.063
6,Mon,8.57487,5.704
6,Mon,8.58556,3.930
6,Mon,8.59206,1.483
6,Mon,8.59741,2.159
6,Mon,8.60265,1.940
6,Mon,8.61109,4.524
6,Mon,8.63277,5.136
6,Mon,8.63421,3.728
6,Mon,8.65337,4.912
6,Mon,8.65485,4.889
6,Mon,8.65969,2.920
6,Mon,8.66047,7.233
6,Mon,8.67055,0.659
6,Mon,8.69793,3.211
6,Mon,8.71136,1.242
6,Mon,8.71145,0.308
6,Mon,8.71969,3.076
6,Mon,8.72059,1.672
6,Mon,8.75906,2.479
6,Mon,8.76992,12.553
6,Mon,8.77973,3.096
6,Mon,8.78777,3.851
6,Mon,8.83084,2.823
6,Mon,8.83491,3.831
6,Mon,8.84973,6.310
6,Mon,8.85859,3.055
6,Mon,8.85941,4.370
6,Mon,8.86324,1.389
6,Mon,8.86573,1.602
6,Mon,8.86815,1.236
6,Mon,8.87400,7.448
6,Mon,8.88858,6.492
6,Mon,8.89236,4.024
6,Mon,8.90498,1.412
6,Mon,8.91625,11.706
6,Mon,8.92255,2.159
6,Mon,8.92286,7.470
6,Mon,8.95485,3.422
6,Mon,8.95701,2.344
6,Mon,8.96407,1.518
6,Mon,8.96591,1.965
6,Mon,8.98133,5.705
6,Mon,8.98437,5.109
6,Mon,8.98468,3.569
6,Mon,8.99790,3.009
6,Mon,9.00049,1.552
6,Mon,9.00872,2.869
6,Mon,9.01087,8.993
6,Mon,9.01254,3.608
6,Mon,9.02028,3.364
6,Mon,9.02834,4.246
6,Mon,9.04333,3.834
6,Mon,9.05031,2.915
6,Mon,9.06647,3.919
6,Mon,9.07361,2.714
6,Mon,9.07772,3.626
6,Mon,9.08463,2.147
6,Mon,9.08678,3.839
6,Mon,9.08798,1.899
6,Mon,9.11400,1.154
6,Mon,9.12019,1.110
6,Mon,9.13532,2.787
6,Mon,9.14523,1.180
6,Mon,9.14658,1.824
6,Mon,9.15698,3.936
6,Mon,9.15925,6.582
6,Mon,9.17080,4.820
6,Mon,9.17175,3.190
6,Mon,9.18421,4.822
6,Mon,9.18534,2.805
6,Mon,9.20681,1.462
6,Mon,9.20941,2.269
6,Mon,9.21903,3.040
6,Mon,9.22077,1.634
6,Mon,9.22622,0.613
6,Mon,9.23800,1.449
6,Mon,9.23802,2.911
6,Mon,9.24314,2.207
6,Mon,9.25844,2.913
6,Mon,9.27094,7.281
6,Mon,9.27398,1.514
6,Mon,9.27884,4.007
6,Mon,9.27971,2.435
6,Mon,9.27989,2.590
6,Mon,9.28077,1.019
6,Mon,9.32338,7.010
6,Mon,9.33542,0.849
6,Mon,9.33893,1.228
6,Mon,9.36011,1.653
6,Mon,9.36012,7.342
6,Mon,9.36041,3.671
6,Mon,9.36156,1.779
6,Mon,9.36376,2.143
6,Mon,9.36585,7.298
6,Mon,9.36726,5.184
6,Mon,9.37195,0.580
6,Mon,9.38080,1.263
6,Mon,9.39731,1.636
6,Mon,9.40675,18.928
6,Mon,9.41066,4.694
6,Mon,9.41526,4.832
6,Mon,9.43915,3.321
6,Mon,9.44518,6.717
6,Mon,9.46525,2.412
6,Mon,9.46953,6.885
6,Mon,9.47004,5.745
6,Mon,9.48543,3.777
6,Mon,9.48632,6.155
6,Mon,9.48881,3.238
6,Mon,9.49205,2.433
6,Mon,9.50409,4.766
6,Mon,9.52590,1.835
6,Mon,9.53091,2.388
6,Mon,9.53515,1.746
6,Mon,9.54587,6.945
6,Mon,9.55073,1.953
6,Mon,9.55443,0.803
6,Mon,9.55768,1.193
6,Mon,9.56413,1.344
6,Mon,9.56492,2.048
6,Mon,9.57379,3.666
6,Mon,9.57699,1.419
6,Mon,9.57704,2.740
6,Mon,9.58445,5.596
6,Mon,9.58652,0.541
6,Mon,9.59994,0.889
6,Mon,9.60110,0.186
6,Mon,9.60194,2.114
6,Mon,9.61265,7.119
6,Mon,9.61894,7.115
6,Mon,9.62430,5.681
6,Mon,9.62583,1.456
6,Mon,9.62637,2.409
6,Mon,9.63720,24.759
6,Mon,9.64275,1.561
6,Mon,9.64833,10.837
6,Mon,9.65222,9.825
6,Mon,9.65709,1.381
6,Mon,9.65901,4.251
6,Mon,9.66194,8.344
6,Mon,9.66626,1.642
6,Mon,9.66747,12.531
6,Mon,9.67250,1.742
6,Mon,9.67594,9.439
6,Mon,9.68972,2.075
6,Mon,9.70977,4.370
6,Mon,9.72380,2.488
6,Mon,9.74183,3.017
6,Mon,9.74664,2.036
6,Mon,9.77315,3.514
6,Mon,9.77777,14.352
6,Mon,9.78196,2.193
6,Mon,9.78639,2.064
6,Mon,9.78654,1.631
6,Mon,9.79662,9.697
6,Mon,9.79787,1.724
6,Mon,9.80336,2.041
6,Mon,9.80518,2.367
6,Mon,9.80607,3.432
6,Mon,9.81041,3.195
6,Mon,9.81155,2.005
6,Mon,9.82808,4.709
6,Mon,9.83254,5.344
6,Mon,9.84238,2.711
6,Mon,9.84483,9.459
6,Mon,9.85566,1.303
6,Mon,9.86361,0.967
6,Mon,9.87539,2.908
6,Mon,9.87763,4.401
6,Mon,9.87775,1.301
6,Mon,9.88302,3.269
6,Mon,9.89670,2.306
6,Mon,9.89902,4.995
6,Mon,9.90048,1.612
6,Mon,9.90277,2.700
6,Mon,9.90322,1.429
6,Mon,9.90536,3.762
6,Mon,9.91550,3.576
6,Mon,9.92984,6.009
6,Mon,9.93035,5.486
6,Mon,9.95061,4.266
6,Mon,9.95112,7.588
6,Mon,9.97387,1.951
6,Mon,9.97664,2.059
6,Mon,9.98080,8.028
6,Mon,9.99479,0.877
6,Mon,9.99715,2.512
6,Mon,9.99830,6.963
6,Mon,10.01701,6.685
6,Mon,10.02072,2.357
6,Mon,10.02136,5.070
6,Mon,10.03842,8.725
6,Mon,10.05443,6.771
6,Mon,10.05798,5.242
6,Mon,10.07238,3.262
6,Mon,10.08611,6.465
6,Mon,10.08907,1.709
6,Mon,10.09161,1.457
6,Mon,10.09418,2.531
6,Mon,10.10216,1.308
6,Mon,10.10598,4.316
6,Mon,10.11869,3.167
6,Mon,10.12496,2.271
6,Mon,10.13240,2.561
6,Mon,10.13749,2.534
6,Mon,10.15020,3.773
6,Mon,10.15783,6.294
6,Mon,10.16197,1.424
6,Mon,10.17345,2.100
6,Mon,10.17555,2.359
6,Mon,10.17991,15.488
6,Mon,10.18178,3.538
6,Mon,10.18296,4.835
6,Mon,10.18473,4.307
6,Mon,10.20298,2.337
6,Mon,10.20744,10.492
6,Mon,10.21304,2.167
6,Mon,10.22239,5.724
6,Mon,10.22991,2.562
6,Mon,10.23706,2.031
6,Mon,10.25197,2.369
6,Mon,10.25536,1.284
6,Mon,10.26138,3.721
6,Mon,10.26926,2.572
6,Mon,10.27300,3.339
6,Mon,10.27358,5.327
6,Mon,10.28543,3.517
6,Mon,10.29032,1.458
6,Mon,10.29039,3.914
6,Mon,10.30801,2.508
6,Mon,10.31081,3.379
6,Mon,10.31287,13.684
6,Mon,10.31708,2.538
6,Mon,10.31888,7.607
6,Mon,10.32132,3.429
6,Mon,10.32514,1.627
6,Mon,10.33039,2.428
6,Mon,10.33241,4.962
6,Mon,10.33880,1.238
6,Mon,10.34877,2.928
6,Mon,10.36370,4.329
6,Mon,10.36839,2.145
6,Mon,10.36858,4.421
6,Mon,10.36866,2.698
6,Mon,10.37820,4.298
6,Mon,10.38248,5.355
6,Mon,10.38789,1.418
6,Mon,10.39293,1.848
6,Mon,10.39512,1.510
6,Mon,10.39973,1.487
6,Mon,10.40058,1.180
6,Mon,10.40215,4.482
6,Mon,10.43175,6.063
6,Mon,10.43595,8.627
6,Mon,10.43683,4.113
6,Mon,10.44239,3.412
6,Mon,10.45664,2.007
6,Mon,10.46431,11.120
6,Mon,10.47296,2.671
6,Mon,10.48438,7.579
6,Mon,10.48981,4.105
6,Mon,10.50536,2.780
6,Mon,10.51047,0.252
6,Mon,10.51233,2.074
6,Mon,10.54187,2.869
6,Mon,10.54645,6.095
6,Mon,10.55855,1.431
6,Mon,10.56492,10.129
6,Mon,10.56921,2.907
6,Mon,10.56961,4.893
6,Mon,10.57177,2.226
6,Mon,10.57293,6.696
6,Mon,10.57496,1.356
6,Mon,10.57703,2.894
6,Mon,10.57873,1.510
6,Mon,10.57886,2.186
6,Mon,10.58715,7.713
6,Mon,10.59796,3.291
6,Mon,10.60651,8.846
6,Mon,10.60735,3.370
6,Mon,10.61228,5.410
6,Mon,10.61897,4.157
6,Mon,10.62035,1.708
6,Mon,10.62561,1.350
6,Mon,10.63288,5.886
6,Mon,10.63420,1.521
6,Mon,10.63574,2.643
6,Mon,10.64569,5.690
6,Mon,10.64797,5.600
6,Mon,10.64967,3.572
6,Mon,10.65186,3.201
6,Mon,10.66192,4.103
6,Mon,10.66317,1.753
6,Mon,10.66506,1.018
6,Mon,10.68302,5.693
6,Mon,10.68422,2.937
6,Mon,10.68850,16.383
6,Mon,10.68868,4.725
6,Mon,10.69909,2.166
6,Mon,10.70822,8.955
6,Mon,10.71332,1.518
6,Mon,10.71833,1.029
6,Mon,10.72911,4.240
6,Mon,10.73750,1.090
6,Mon,10.74032,1.431
6,Mon,10.74914,2.790
6,Mon,10.75025,1.445
6,Mon,10.75522,4.890
6,Mon,10.77048,2.290
6,Mon,10.78965,2.006
6,Mon,10.79379,1.468
6,Mon,10.79642,3.683
6,Mon,10.79725,4.462
6,Mon,10.80395,2.099
6,Mon,10.80454,3.305
6,Mon,10.80812,5.216
6,Mon,10.80834,2.160
6,Mon,10.81454,5.430
6,Mon,10.82606,2.448
6,Mon,10.84043,3.872
6,Mon,10.85556,1.652
6,Mon,10.85756,1.396
6,Mon,10.85765,1.826
6,Mon,10.87101,3.174
6,Mon,10.87502,2.454
6,Mon,10.87909,8.411
6,Mon,10.89494,0.717
6,Mon,10.90184,19.522
6,Mon,10.90297,2.594
6,Mon,10.90392,4.040
6,Mon,10.90947,1.264
6,Mon,10.92658,1.968
6,Mon,10.93150,5.639
6,Mon,10.93506,5.671
6,Mon,10.94127,2.335
6,Mon,10.94291,1.047
6,Mon,10.95903,4.686
6,Mon,10.97024,4.308
6,Mon,10.97886,5.738
6,Mon,10.98126,1.239
6,Mon,10.98870,6.781
6,Mon,10.98940,1.912
6,Mon,11.00171,4.003
6,Mon,11.00300,1.161
6,Mon,11.00379,2.014
6,Mon,11.00829,4.236
6,Mon,11.00857,3.858
6,Mon,11.01735,1.068
6,Mon,11.01739,4.326
6,Mon,11.02080,2.059
6,Mon,11.02870,9.104
6,Mon,11.03798,2.553
6,Mon,11.04365,1.447
6,Mon,11.05236,5.798
6,Mon,11.07500,2.598
6,Mon,11.08081,7.067
6,Mon,11.08167,2.592
6,Mon,11.09024,14.737
6,Mon,11.09267,4.691
6,Mon,11.09573,7.770
6,Mon,11.09812,4.888
6,Mon,11.10196,3.037
6,Mon,11.10361,2.674
6,Mon,11.11682,4.359
6,Mon,11.11818,1.304
6,Mon,11.13164,14.914
6,Mon,11.13207,4.420
6,Mon,11.13523,7.292
6,Mon,11.14665,2.477
6,Mon,11.15716,2.088
6,Mon,11.16019,2.227
6,Mon,11.16211,4.403
6,Mon,11.16296,2.498
6,Mon,11.16676,5.353
6,Mon,11.16832,3.235
6,Mon,11.18178,3.135
6,Mon,11.19026,26.556
6,Mon,11.20505,7.106
6,Mon,11.20528,1.097
6,Mon,11.20665,9.311
6,Mon,11.20743,4.205
6,Mon,11.21378,1.267
6,Mon,11.21818,6.873
6,Mon,11.22683,3.654
6,Mon,11.22721,12.276
6,Mon,11.23244,1.442
6,Mon,11.25462,5.738
6,Mon,11.26719,3.439
6,Mon,11.27606,1.600
6,Mon,11.30086,1.932
6,Mon,11.30367,7.095
6,Mon,11.31127,4.497
6,Mon,11.32201,8.034
6,Mon,11.33403,2.158
6,Mon,11.34041,9.439
6,Mon,11.34282,2.539
6,Mon,11.34807,0.766
6,Mon,11.35446,2.961
6,Mon,11.35789,14.955
6,Mon,11.35999,2.979
6,Mon,11.36553,8.240
6,Mon,11.36742,3.874
6,Mon,11.37200,7.120
6,Mon,11.37442,0.838
6,Mon,11.37455,1.518
6,Mon,11.39230,1.378
6,Mon,11.39655,3.833
6,Mon,11.39659,5.062
6,Mon,11.39683,2.103
6,Mon,11.39763,3.659
6,Mon,11.39813,4.751
6,Mon,11.40467,4.641
6,Mon,11.40597,5.868
6,Mon,11.41598,15.452
6,Mon,11.41711,4.556
6,Mon,11.41874,6.792
6,Mon,11.42077,1.838
6,Mon,11.43709,2.816
6,Mon,11.44271,3.911
6,Mon,11.44762,2.131
6,Mon,11.45637,7.148
6,Mon,11.45926,6.756
6,Mon,11.46087,5.599
6,Mon,11.47203,9.858
6,Mon,11.48248,3.837
6,Mon,11.48596,3.007
6,Mon,11.49605,2.334
6,Mon,11.49611,2.718
6,Mon,11.50029,2.251
6,Mon,11.50408,1.903
6,Mon,11.50416,5.398
6,Mon,11.50518,1.532
6,Mon,11.52075,2.405
6,Mon,11.52475,12.517
6,Mon,11.54575,3.188
6,Mon,11.56157,5.943
6,Mon,11.57559,1.423
6,Mon,11.57789,5.784
6,Mon,11.58431,1.573
6,Mon,11.58826,6.178
6,Mon,11.59473,6.735
6,Mon,11.59674,1.718
6,Mon,11.60877,5.856
6,Mon,11.61110,5.396
6,Mon,11.61247,1.522
6,Mon,11.61434,1.156
6,Mon,11.62255,2.978
6,Mon,11.62509,7.356
6,Mon,11.64803,7.879
6,Mon,11.65113,3.057
6,Mon,11.65833,3.326
6,Mon,11.66199,1.830
6,Mon,11.66230,4.582
6,Mon,11.67043,4.820
6,Mon,11.67619,10.760
6,Mon,11.68473,8.705
6,Mon,11.68906,2.768
6,Mon,11.69489,2.117
6,Mon,11.69986,1.982
6,Mon,11.70139,1.224
6,Mon,11.70992,1.578
6,Mon,11.71119,4.432
6,Mon,11.71234,5.870
6,Mon,11.72713,4.133
6,Mon,11.74367,2.939
6,Mon,11.75690,2.868
6,Mon,11.75966,4.029
6,Mon,11.76720,3.414
6,Mon,11.77534,3.490
6,Mon,11.78109,4.683
6,Mon,11.78344,1.936
6,Mon,11.80062,8.942
6,Mon,11.80100,3.575
6,Mon,11.80554,5.659
6,Mon,11.81705,1.576
6,Mon,11.83032,11.532
6,Mon,11.83621,2.329
6,Mon,11.84445,11.251
6,Mon,11.85278,1.334
6,Mon,11.85777,5.636
6,Mon,11.86434,5.668
6,Mon,11.86444,1.115
6,Mon,11.87569,2.715
6,Mon,11.87626,10.069
6,Mon,11.89237,5.022
6,Mon,11.89714,2.770
6,Mon,11.90582,2.587
6,Mon,11.94038,1.184
6,Mon,11.94770,4.227
6,Mon,11.95010,7.651
6,Mon,11.95119,1.277
6,Mon,11.97429,6.714
6,Mon,11.97473,3.200
6,Mon,11.98159,1.080
6,Mon,11.98479,1.534
6,Mon,11.99447,5.474
6,Mon,11.99523,1.250
6,Mon,11.99810,10.743
6,Mon,11.99844,3.646
6,Mon,12.00295,6.517
6,Mon,12.02610,3.412
6,Mon,12.04044,1.145
6,Mon,12.04849,1.732
6,Mon,12.05355,5.043
6,Mon,12.05417,2.326
6,Mon,12.05883,5.372
6,Mon,12.07854,1.138
6,Mon,12.08240,2.318
6,Mon,12.09378,2.069
6,Mon,12.09617,12.118
6,Mon,12.09867,4.277
6,Mon,12.11920,4.188
6,Mon,12.12325,5.232
6,Mon,12.12837,4.663
6,Mon,12.13179,0.355
6,Mon,12.13252,0.000
6,Mon,12.13513,1.102
6,Mon,12.13620,1.496
6,Mon,12.14286,2.444
6,Mon,12.16140,3.118
6,Mon,12.16228,1.676
6,Mon,12.17045,2.832
6,Mon,12.17855,3.283
6,Mon,12.18439,4.228
6,Mon,12.19050,3.504
6,Mon,12.22721,3.000
6,Mon,12.24292,6.580
6,Mon,12.25377,1.559
6,Mon,12.28495,6.350
6,Mon,12.30453,2.502
6,Mon,12.30931,6.970
6,Mon,12.33671,2.581
6,Mon,12.33768,2.548
6,Mon,12.33998,2.139
6,Mon,12.36335,10.642
6,Mon,12.36369,2.146
6,Mon,12.37053,0.804
6,Mon,12.38425,2.764
6,Mon,12.38510,4.189
6,Mon,12.38790,2.028
6,Mon,12.40749,2.452
6,Mon,12.41917,9.390
6,Mon,12.42406,3.335
6,Mon,12.42572,2.113
6,Mon,12.44367,0.974
6,Mon,12.45818,0.645
6,Mon,12.45974,3.940
6,Mon,12.47497,3.849
6,Mon,12.48393,7.422
6,Mon,12.48460,3.916
6,Mon,12.50266,3.511
6,Mon,12.51344,1.996
6,Mon,12.51420,9.008
6,Mon,12.52167,5.542
6,Mon,12.53289,13.399
6,Mon,12.53390,1.596
6,Mon,12.55122,1.553
6,Mon,12.55224,1.867
6,Mon,12.56505,1.843
6,Mon,12.56710,1.257
6,Mon,12.57718,0.792
6,Mon,12.57998,9.707
6,Mon,12.58143,10.028
6,Mon,12.60446,2.480
6,Mon,12.61127,1.880
6,Mon,12.61400,4.756
6,Mon,12.63653,13.311
6,Mon,12.64714,1.862
6,Mon,12.64883,4.394
6,Mon,12.65502,3.630
6,Mon,12.65816,0.945
6,Mon,12.66111,3.143
6,Mon,12.68084,4.971
6,Mon,12.68825,5.065
6,Mon,12.71025,7.274
6,Mon,12.71439,7.134
6,Mon,12.72961,1.680
6,Mon,12.74525,0.761
6,Mon,12.74542,1.251
6,Mon,12.77307,2.966
6,Mon,12.78627,3.006
6,Mon,12.79938,4.261
6,Mon,12.80688,1.384
6,Mon,12.82634,1.477
6,Mon,12.84117,2.798
6,Mon,12.85683,1.636
6,Mon,12.85689,2.143
6,Mon,12.86512,2.889
6,Mon,12.87160,5.135
6,Mon,12.87894,1.334
6,Mon,12.88828,1.130
6,Mon,12.88934,1.496
6,Mon,12.89789,1.801
6,Mon,12.89946,4.227
6,Mon,12.92363,2.532
6,Mon,12.92760,10.745
6,Mon,12.94036,4.739
6,Mon,12.94309,3.716
6,Mon,12.95930,3.044
6,Mon,12.96560,3.172
6,Mon,12.97023,2.174
6,Mon,12.97072,2.573
6,Mon,12.97100,3.707
6,Mon,12.97666,0.773
6,Mon,12.98823,1.576
6,Mon,12.98848,2.208
6,Mon,12.99637,3.108
6,Mon,13.00255,7.044
6,Mon,13.03449,8.940
6,Mon,13.04412,7.532
6,Mon,13.06500,1.716
6,Mon,13.07676,2.141
6,Mon,13.08708,2.532
6,Mon,13.08814,1.982
6,Mon,13.09533,8.228
6,Mon,13.12540,12.238
6,Mon,13.12547,2.034
6,Mon,13.13313,3.413
6,Mon,13.14307,4.770
6,Mon,13.15925,3.620
6,Mon,13.17031,5.746
6,Mon,13.18046,2.390
6,Mon,13.23081,5.154
6,Mon,13.23118,4.959
6,Mon,13.23120,6.462
6,Mon,13.23305,6.073
6,Mon,13.24265,3.549
6,Mon,13.24697,1.361
6,Mon,13.25251,6.770
6,Mon,13.27801,6.262
6,Mon,13.29419,1.539
6,Mon,13.29647,3.975
6,Mon,13.29798,2.284
6,Mon,13.30379,1.782
6,Mon,13.31661,6.962
6,Mon,13.33906,2.321
6,Mon,13.35916,0.757
6,Mon,13.36496,7.767
6,Mon,13.38518,2.536
6,Mon,13.38546,1.698
6,Mon,13.38776,5.906
6,Mon,13.40288,14.508
6,Mon,13.41609,2.929
6,Mon,13.42333,1.900
6,Mon,13.42472,5.021
6,Mon,13.46999,9.181
6,Mon,13.47442,4.944
6,Mon,13.47632,1.251
6,Mon,13.49400,6.195
6,Mon,13.49810,5.374
6,Mon,13.50164,4.837
6,Mon,13.51349,7.445
6,Mon,13.55183,4.235
6,Mon,13.55682,3.448
6,Mon,13.57221,11.072
6,Mon,13.59193,2.051
6,Mon,13.60417,2.954
6,Mon,13.61865,0.976
6,Mon,13.62634,3.931
6,Mon,13.62975,2.888
6,Mon,13.64449,3.619
6,Mon,13.66275,0.992
6,Mon,13.66721,2.762
6,Mon,13.68086,2.014
6,Mon,13.68250,9.362
6,Mon,13.68349,2.762
6,Mon,13.69171,0.723
6,Mon,13.70017,7.948
6,Mon,13.71251,9.423
6,Mon,13.71278,7.767
6,Mon,13.73397,1.556
6,Mon,13.75228,2.513
6,Mon,13.75762,8.409
6,Mon,13.75921,3.823
6,Mon,13.76038,7.423
6,Mon,13.76049,6.178
6,Mon,13.77047,4.353
6,Mon,13.78782,1.186
6,Mon,13.78906,2.368
6,Mon,13.78914,1.764
6,Mon,13.79620,4.884
6,Mon,13.81607,0.424
6,Mon,13.82219,2.562
6,Mon,13.83907,2.367
6,Mon,13.86218,6.731
6,Mon,13.86509,4.663
6,Mon,13.86572,5.457
6,Mon,13.86581,3.350
6,Mon,13.86689,6.028
6,Mon,13.87295,4.311
6,Mon,13.87992,4.828
6,Mon,13.88878,3.547
6,Mon,13.90341,5.281
6,Mon,13.90549,3.818
6,Mon,13.90881,4.564
6,Mon,13.92569,2.552
6,Mon,13.93036,3.172
6,Mon,13.93166,0.767
6,Mon,13.94127,8.714
6,Mon,13.94235,3.059
6,Mon,13.97599,0.907
6,Mon,13.97757,2.059
6,Mon,13.98445,4.169
6,Mon,13.98871,3.258
6,Mon,13.99248,1.475
6,Mon,13.99497,1.103
6,Mon,13.99655,4.924
6,Mon,14.00184,4.414
6,Mon,14.00250,3.351
6,Mon,14.00719,3.311
6,Mon,14.01707,6.438
6,Mon,14.02221,1.510
6,Mon,14.02406,13.083
6,Mon,14.05033,5.139
6,Mon,14.05225,5.426
6,Mon,14.07862,1.991
6,Mon,14.09234,11.833
6,Mon,14.09903,3.486
6,Mon,14.11244,1.957
6,Mon,14.11964,3.191
6,Mon,14.12958,3.232
6,Mon,14.13316,3.331
6,Mon,14.13613,1.163
6,Mon,14.13793,0.000
6,Mon,14.15296,11.697
6,Mon,14.15339,2.640
6,Mon,14.15381,2.193
6,Mon,14.15561,1.628
6,Mon,14.15774,5.549
6,Mon,14.16796,6.431
6,Mon,14.17354,2.732
6,Mon,14.17650,2.096
6,Mon,14.18037,4.495
6,Mon,14.18056,2.865
6,Mon,14.18995,3.755
6,Mon,14.19274,2.624
6,Mon,14.19353,2.740
6,Mon,14.19534,5.442
6,Mon,14.20246,2.191
6,Mon,14.21934,1.181
6,Mon,14.24691,4.926
6,Mon,14.25023,2.697
6,Mon,14.25684,3.055
6,Mon,14.25945,2.794
6,Mon,14.26057,7.831
6,Mon,14.28262,2.070
6,Mon,14.28545,0.000
6,Mon,14.28895,1.477
6,Mon,14.29332,2.522
6,Mon,14.30060,1.883
6,Mon,14.30620,6.977
6,Mon,14.30639,2.025
6,Mon,14.31318,9.642
6,Mon,14.31656,14.711
6,Mon,14.31948,4.762
6,Mon,14.33029,2.380
6,Mon,14.33154,5.129
6,Mon,14.33222,1.335
6,Mon,14.33842,0.782
6,Mon,14.34197,3.627
6,Mon,14.34227,3.519
6,Mon,14.34243,4.827
6,Mon,14.34445,1.340
6,Mon,14.35059,4.918
6,Mon,14.36586,3.843
6,Mon,14.36669,5.381
6,Mon,14.36811,2.324
6,Mon,14.36896,0.656
6,Mon,14.36940,2.013
6,Mon,14.36949,15.807
6,Mon,14.37316,3.309
6,Mon,14.37347,1.508
6,Mon,14.37684,8.026
6,Mon,14.37948,3.069
6,Mon,14.40215,3.621
6,Mon,14.41947,1.218
6,Mon,14.42576,0.582
6,Mon,14.43290,2.556
6,Mon,14.43578,3.530
6,Mon,14.44105,1.101
6,Mon,14.44683,4.316
6,Mon,14.45260,9.872
6,Mon,14.45511,2.865
6,Mon,14.45737,2.034
6,Mon,14.49384,4.098
6,Mon,14.50592,2.421
6,Mon,14.51026,3.357
6,Mon,14.51044,2.998
6,Mon,14.51973,6.865
6,Mon,14.52287,4.928
6,Mon,14.53902,2.382
6,Mon,14.55463,4.646
6,Mon,14.55719,2.557
6,Mon,14.55727,5.371
6,Mon,14.56173,2.479
6,Mon,14.56487,1.194
6,Mon,14.56822,1.578
6,Mon,14.57499,4.661
6,Mon,14.57745,2.282
6,Mon,14.57856,0.524
6,Mon,14.57862,6.210
6,Mon,14.58213,3.463
6,Mon,14.59771,4.316
6,Mon,14.60414,2.312
6,Mon,14.61551,2.842
6,Mon,14.62383,1.365
6,Mon,14.62526,2.430
6,Mon,14.62979,22.953
6,Mon,14.63811,2.794
6,Mon,14.64085,2.873
6,Mon,14.65897,1.513
6,Mon,14.67276,1.609
6,Mon,14.67277,0.824
6,Mon,14.67948,0.639
6,Mon,14.72237,5.135
6,Mon,14.72588,5.346
6,Mon,14.72651,3.243
6,Mon,14.72703,1.893
6,Mon,14.73366,3.522
6,Mon,14.74050,2.172
6,Mon,14.74123,2.655
6,Mon,14.75046,4.349
6,Mon,14.75057,4.970
6,Mon,14.75779,1.259
6,Mon,14.76007,5.563
6,Mon,14.78898,7.573
6,Mon,14.79393,3.851
6,Mon,14.81871,1.859
6,Mon,14.81957,0.801
6,Mon,14.81970,2.749
6,Mon,14.82854,2.847
6,Mon,14.83317,2.365
6,Mon,14.83708,2.248
6,Mon,14.84421,1.476
6,Mon,14.84469,0.918
6,Mon,14.84502,2.322
6,Mon,14.84569,0.470
6,Mon,14.85078,2.108
6,Mon,14.86787,2.787
6,Mon,14.89172,5.322
6,Mon,14.90132,3.457
6,Mon,14.91457,2.309
6,Mon,14.91691,2.726
6,Mon,14.91782,1.841
6,Mon,14.93401,1.715
6,Mon,14.94276,5.813
6,Mon,14.94399,1.765
6,Mon,14.95041,2.492
6,Mon,14.96034,2.354
6,Mon,15.02450,1.321
6,Mon,15.04040,2.399
6,Mon,15.04272,2.066
6,Mon,15.05340,2.820
6,Mon,15.05869,3.676
6,Mon,15.06321,6.569
6,Mon,15.06997,3.069
6,Mon,15.07973,5.271
6,Mon,15.08016,2.666
6,Mon,15.08033,12.967
6,Mon,15.08181,2.129
6,Mon,15.08783,1.152
6,Mon,15.08866,3.217
6,Mon,15.09060,3.453
6,Mon,15.12024,1.259
6,Mon,15.12353,2.355
6,Mon,15.14026,5.063
6,Mon,15.16177,7.682
6,Mon,15.16189,2.657
6,Mon,15.17491,1.996
6,Mon,15.18527,0.885
6,Mon,15.18589,1.609
6,Mon,15.19554,5.514
6,Mon,15.19646,1.514
6,Mon,15.20296,1.443
6,Mon,15.21258,1.586
6,Mon,15.21474,2.858
6,Mon,15.21804,2.932
6,Mon,15.22125,4.932
6,Mon,15.23164,10.754
6,Mon,15.25070,10.650
6,Mon,15.25871,8.093
6,Mon,15.26433,11.349
6,Mon,15.27184,2.398
6,Mon,15.27757,2.254
6,Mon,15.29612,2.988
6,Mon,15.29660,7.035
6,Mon,15.29909,2.738
6,Mon,15.30279,3.660
6,Mon,15.30372,1.934
6,Mon,15.30689,2.542
6,Mon,15.31923,6.161
6,Mon,15.32027,11.075
6,Mon,15.33529,2.693
6,Mon,15.33605,8.207
6,Mon,15.34539,4.818
6,Mon,15.35258,7.669
6,Mon,15.35635,1.203
6,Mon,15.36619,1.418
6,Mon,15.36672,1.897
6,Mon,15.37987,1.520
6,Mon,15.38124,1.961
6,Mon,15.39002,5.701
6,Mon,15.40231,1.237
6,Mon,15.41839,1.564
6,Mon,15.42323,5.148
6,Mon,15.42341,1.048
6,Mon,15.42388,5.016
6,Mon,15.44029,2.947
6,Mon,15.44538,4.016
6,Mon,15.46421,3.216
6,Mon,15.46778,6.923
6,Mon,15.48240,2.687
6,Mon,15.48680,8.082
6,Mon,15.48738,9.086
6,Mon,15.49854,2.491
6,Mon,15.50257,4.783
6,Mon,15.50770,5.776
6,Mon,15.51239,2.759
6,Mon,15.52999,1.635
6,Mon,15.54968,1.104
6,Mon,15.58946,4.646
6,Mon,15.59451,1.996
6,Mon,15.60050,4.577
6,Mon,15.60629,3.749
6,Mon,15.62802,1.265
6,Mon,15.63153,3.797
6,Mon,15.63312,1.274
6,Mon,15.66074,4.918
6,Mon,15.66078,2.070
6,Mon,15.66458,3.829
6,Mon,15.66544,5.544
6,Mon,15.67725,4.453
6,Mon,15.68208,2.877
6,Mon,15.70280,2.751
6,Mon,15.70625,1.270
6,Mon,15.70768,25.731
6,Mon,15.71323,2.584
6,Mon,15.73393,1.549
6,Mon,15.73505,0.584
6,Mon,15.73724,7.687
6,Mon,15.74137,0.506
6,Mon,15.74177,3.583
6,Mon,15.74540,6.752
6,Mon,15.75988,1.206
6,Mon,15.76741,4.381
6,Mon,15.77696,1.187
6,Mon,15.81699,7.526
6,Mon,15.81794,2.828
6,Mon,15.82117,7.749
6,Mon,15.88592,2.522
6,Mon,15.90461,1.969
6,Mon,15.95782,5.714
6,Mon,15.96818,3.762
6,Mon,15.96837,2.729
6,Mon,15.98262,3.984
6,Mon,15.98476,2.408
6,Mon,15.99303,4.695
6,Mon,15.99955,2.601
6,Mon,16.00037,1.326
6,Mon,16.00135,0.757
6,Mon,16.01127,1.566
6,Mon,16.04707,1.385
6,Mon,16.04868,3.238
6,Mon,16.05182,1.580
6,Mon,16.05571,3.833
6,Mon,16.05678,2.102
6,Mon,16.06759,3.701
6,Mon,16.08698,1.948
6,Mon,16.08906,8.011
6,Mon,16.09656,2.136
6,Mon,16.10960,0.852
6,Mon,16.12915,6.361
6,Mon,16.13405,5.639
6,Mon,16.13495,1.253
6,Mon,16.13954,6.161
6,Mon,16.16981,1.090
6,Mon,16.17538,2.138
6,Mon,16.18039,6.819
6,Mon,16.18132,3.023
6,Mon,16.18278,1.217
6,Mon,16.18388,4.453
6,Mon,16.19545,4.390
6,Mon,16.19947,3.098
6,Mon,16.20581,0.876
6,Mon,16.22698,2.474
6,Mon,16.22721,4.319
6,Mon,16.24658,4.038
6,Mon,16.24725,2.011
6,Mon,16.25287,5.567
6,Mon,16.25746,2.230
6,Mon,16.25904,2.747
6,Mon,16.26164,0.648
6,Mon,16.26527,1.568
6,Mon,16.26534,4.725
6,Mon,16.27574,1.597
6,Mon,16.29938,3.594
6,Mon,16.31631,5.209
6,Mon,16.32923,1.887
6,Mon,16.33461,4.294
6,Mon,16.34542,4.576
6,Mon,16.36991,3.972
6,Mon,16.37930,3.037
6,Mon,16.38121,1.899
6,Mon,16.38683,1.724
6,Mon,16.39642,2.813
6,Mon,16.40357,7.495
6,Mon,16.43006,2.770
6,Mon,16.43657,1.694
6,Mon,16.46137,9.987
6,Mon,16.47234,9.063
6,Mon,16.47878,3.522
6,Mon,16.47979,18.442
6,Mon,16.52418,1.595
6,Mon,16.52570,1.794
6,Mon,16.52617,2.859
6,Mon,16.53004,7.491
6,Mon,16.54249,3.023
6,Mon,16.55089,2.517
6,Mon,16.59001,6.226
6,Mon,16.60016,7.858
6,Mon,16.60833,5.512
6,Mon,16.61599,3.008
6,Mon,16.63377,0.944
6,Mon,16.64015,6.049
6,Mon,16.64116,1.601
6,Mon,16.67748,3.104
6,Mon,16.69521,3.524
6,Mon,16.70005,2.818
6,Mon,16.70345,3.388
6,Mon,16.72465,8.657
6,Mon,16.73615,1.176
6,Mon,16.73747,6.984
6,Mon,16.74604,1.298
6,Mon,16.75181,3.088
6,Mon,16.75466,1.243
6,Mon,16.75550,6.231
6,Mon,16.76245,9.504
6,Mon,16.76597,1.837
6,Mon,16.78342,4.541
6,Mon,16.78622,2.418
6,Mon,16.78973,1.489
6,Mon,16.79776,5.384
6,Mon,16.79993,3.273
6,Mon,16.81542,0.915
6,Mon,16.83339,9.606
6,Mon,16.86152,1.958
6,Mon,16.88918,1.385
6,Mon,16.89003,1.420
6,Mon,16.90916,3.821
6,Mon,16.96249,2.712
6,Mon,16.96534,9.001
6,Mon,16.99037,6.266
6,Mon,17.00539,8.691
6,Mon,17.03293,3.610
6,Mon,17.04929,4.295
6,Mon,17.09511,4.912
6,Mon,17.10481,4.200
6,Mon,17.11514,2.256
6,Mon,17.11922,10.275
6,Mon,17.12590,7.826
6,Mon,17.13818,3.711
6,Mon,17.13931,5.177
6,Mon,17.14569,2.070
6,Mon,17.15637,2.416
6,Mon,17.19072,4.762
6,Mon,17.19301,8.067
6,Mon,17.21081,1.490
6,Mon,17.21619,2.169
6,Mon,17.24899,1.678
6,Mon,17.25663,8.899
6,Mon,17.26562,2.304
6,Mon,17.27353,4.578
6,Mon,17.28730,1.539
6,Mon,17.29342,5.840
6,Mon,17.32212,1.574
6,Mon,17.35201,0.944
6,Mon,17.38123,4.623
6,Mon,17.39838,2.610
6,Mon,17.43599,4.398
6,Mon,17.45788,1.365
6,Mon,17.47416,8.162
6,Mon,17.48938,4.468
6,Mon,17.50907,3.150
6,Mon,17.55490,7.137
6,Mon,17.56050,11.061
6,Mon,17.57610,3.586
6,Mon,17.57623,9.484
6,Mon,17.59088,1.945
6,Mon,17.64032,2.795
6,Mon,17.64253,3.182
6,Mon,17.66576,9.755
6,Mon,17.67365,1.819
6,Mon,17.70322,5.069
6,Mon,17.71766,3.275
6,Mon,17.71809,4.547
6,Mon,17.73834,2.478
6,Mon,17.78668,3.373
6,Mon,17.78709,4.059
6,Mon,17.83163,0.809
6,Mon,17.86720,4.859
6,Mon,17.91944,0.634
6,Mon,17.98789,4.292
6,Mon,17.99305,1.091
6,Mon,17.99574,4.686
6,Mon,18.01448,3.559
6,Mon,18.02598,3.781
6,Mon,18.03615,1.445
6,Mon,18.03626,2.059
6,Mon,18.04191,4.080
6,Mon,18.06744,2.364
6,Mon,18.08649,6.027
6,Mon,18.08979,1.803
6,Mon,18.10124,1.911
6,Mon,18.15771,1.884
6,Mon,18.15875,6.185
6,Mon,18.16074,1.140
6,Mon,18.20876,5.653
6,Mon,18.20951,6.256
6,Mon,18.22574,2.022
6,Mon,18.22717,3.423
6,Mon,18.24316,4.085
6,Mon,18.24732,0.929
6,Mon,18.25777,2.372
6,Mon,18.27926,2.426
6,Mon,18.30939,2.979
6,Mon,18.35403,1.496
6,Mon,18.36067,5.779
6,Mon,18.37736,1.139
6,Mon,18.38130,4.089
6,Mon,18.38847,2.690
6,Mon,18.40523,2.773
6,Mon,18.42119,0.728
6,Mon,18.42278,10.464
6,Mon,18.46557,2.591
6,Mon,18.52833,1.770
6,Mon,18.53495,5.730
6,Mon,18.53629,1.528
6,Mon,18.58859,1.234
6,Mon,18.60599,2.913
6,Mon,18.61095,1.564
6,Mon,18.61199,4.748
6,Mon,18.62637,1.934
6,Mon,18.63224,2.390
6,Mon,18.64903,2.903
6,Mon,18.65187,2.723
6,Mon,18.67472,1.969
6,Mon,18.71349,2.081
6,Mon,18.76952,5.735
6,Mon,18.78139,2.283
6,Mon,18.81164,0.613
6,Mon,18.83007,2.226
6,Mon,18.89184,2.382
6,Mon,18.91766,0.000
6,Mon,19.01656,3.519
6,Mon,19.02297,3.217
6,Mon,19.02658,4.981
6,Mon,19.02966,2.815
6,Mon,19.04841,2.634
6,Mon,19.06177,5.401
6,Mon,19.06385,7.970
6,Mon,19.08229,12.510
6,Mon,19.13020,1.090
6,Mon,19.14235,4.471
6,Mon,19.16363,1.258
6,Mon,19.18098,2.606
6,Mon,19.20680,1.445
6,Mon,19.22546,6.099
6,Mon,19.23476,1.448
6,Mon,19.24581,1.114
6,Mon,19.25036,1.155
6,Mon,19.29813,1.161
6,Mon,19.33502,3.222
6,Mon,19.40389,1.081
6,Mon,19.41876,3.004
6,Mon,19.44748,16.494
6,Mon,19.45202,2.500
6,Mon,19.45593,2.519
6,Mon,19.47490,5.433
6,Mon,19.47869,6.224
6,Mon,19.48791,3.300
6,Mon,19.52197,5.641
6,Mon,19.52713,7.644
6,Mon,19.53332,4.214
6,Mon,19.55274,2.141
6,Mon,19.55287,3.698
6,Mon,19.61995,7.286
6,Mon,19.64575,3.715
6,Mon,19.65686,2.961
6,Mon,19.68768,1.966
6,Mon,19.69226,3.071
6,Mon,19.70852,3.913
6,Mon,19.72410,1.186
6,Mon,19.78040,5.990
6,Mon,19.82386,2.943
6,Mon,19.82755,2.315
6,Mon,19.84394,1.668
6,Mon,19.85141,2.513
6,Mon,19.85881,3.997
6,Mon,19.85991,1.779
6,Mon,19.87029,2.198
6,Mon,19.87758,2.763
6,Mon,19.89157,3.700
6,Mon,19.89242,2.960
6,Mon,19.89402,0.956
6,Mon,19.90892,6.607
6,Mon,19.94928,3.707
6,Mon,19.95060,4.235
6,Mon,19.97312,1.362
7,Tue,8.02148,2.786
7,Tue,8.04146,2.369
7,Tue,8.04297,2.466
7,Tue,8.04874,1.163
7,Tue,8.05482,2.299
7,Tue,8.11490,0.000
7,Tue,8.13831,5.450
7,Tue,8.13858,2.079
7,Tue,8.16479,3.695
7,Tue,8.16906,5.912
7,Tue,8.17238,1.793
7,Tue,8.20015,1.448
7,Tue,8.23087,2.876
7,Tue,8.23362,2.920
7,Tue,8.23860,1.894
7,Tue,8.27067,5.998
7,Tue,8.29187,1.791
7,Tue,8.30891,1.715
7,Tue,8.31833,19.870
7,Tue,8.33478,3.873
7,Tue,8.33728,3.071
7,Tue,8.35382,2.290
7,Tue,8.37389,3.361
7,Tue,8.37420,2.229
7,Tue,8.37503,2.225
7,Tue,8.38000,6.210
7,Tue,8.38539,2.393
7,Tue,8.38753,1.298
7,Tue,8.39588,2.618
7,Tue,8.40441,3.873
7,Tue,8.42572,3.979
7,Tue,8.42656,1.820
7,Tue,8.43400,4.658
7,Tue,8.44526,3.094
7,Tue,8.44547,5.278
7,Tue,8.45690,1.831
7,Tue,8.46539,3.494
7,Tue,8.47068,3.283
7,Tue,8.50920,2.868
7,Tue,8.50983,8.378
7,Tue,8.51381,4.583
7,Tue,8.51473,2.515
7,Tue,8.52986,9.934
7,Tue,8.53080,11.185
7,Tue,8.53680,1.730
7,Tue,8.53829,4.032
7,Tue,8.57754,2.047
7,Tue,8.58126,1.273
7,Tue,8.60227,1.678
7,Tue,8.61280,5.005
7,Tue,8.61541,4.346
7,Tue,8.63476,1.005
7,Tue,8.63528,4.738
7,Tue,8.63757,5.195
7,Tue,8.64707,2.038
7,Tue,8.65897,2.886
7,Tue,8.71380,4.320
7,Tue,8.72141,2.062
7,Tue,8.72876,7.116
7,Tue,8.74581,1.545
7,Tue,8.75991,2.231
7,Tue,8.76829,3.103
7,Tue,8.77454,2.176
7,Tue,8.77835,2.096
7,Tue,8.79964,1.493
7,Tue,8.80437,1.137
7,Tue,8.84530,4.841
7,Tue,8.85141,4.726
7,Tue,8.85719,1.662
7,Tue,8.87033,1.183
7,Tue,8.88142,0.788
7,Tue,8.88795,3.131
7,Tue,8.88978,1.594
7,Tue,8.91152,2.111
7,Tue,8.91721,5.867
7,Tue,8.92253,2.268
7,Tue,8.93990,5.805
7,Tue,8.93995,1.192
7,Tue,8.96314,1.618
7,Tue,8.96569,1.133
7,Tue,8.97144,9.952
7,Tue,8.98401,2.783
7,Tue,9.00364,5.227
7,Tue,9.01298,1.062
7,Tue,9.03299,3.912
7,Tue,9.05140,5.378
7,Tue,9.05816,2.283
7,Tue,9.05894,3.802
7,Tue,9.06934,7.153
7,Tue,9.07014,8.740
7,Tue,9.08415,3.376
7,Tue,9.10172,1.581
7,Tue,9.10190,7.997
7,Tue,9.10791,3.042
7,Tue,9.11054,1.198
7,Tue,9.13623,3.138
7,Tue,9.14022,3.500
7,Tue,9.15541,2.661
7,Tue,9.16737,6.361
7,Tue,9.17463,3.589
7,Tue,9.18129,7.595
7,Tue,9.21543,2.204
7,Tue,9.22498,1.356
7,Tue,9.22999,5.778
7,Tue,9.23491,2.331
7,Tue,9.23879,1.817
7,Tue,9.25257,6.760
7,Tue,9.25659,1.957
7,Tue,9.26648,3.178
7,Tue,9.27367,1.299
7,Tue,9.27387,2.831
7,Tue,9.28371,2.869
7,Tue,9.29257,5.583
7,Tue,9.29420,2.643
7,Tue,9.29756,0.709
7,Tue,9.29983,2.328
7,Tue,9.30090,3.320
7,Tue,9.32542,3.012
7,Tue,9.33195,4.856
7,Tue,9.33208,3.150
7,Tue,9.34151,3.235
7,Tue,9.35414,5.207
7,Tue,9.35806,1.821
7,Tue,9.36238,3.114
7,Tue,9.36907,0.843
7,Tue,9.37305,2.015
7,Tue,9.38448,2.501
7,Tue,9.38484,5.702
7,Tue,9.38788,5.277
7,Tue,9.40997,1.195
7,Tue,9.41563,3.206
7,Tue,9.41799,2.897
7,Tue,9.41804,3.157
7,Tue,9.41871,1.682
7,Tue,9.45697,2.711
7,Tue,9.46493,1.742
7,Tue,9.46736,1.877
7,Tue,9.48011,2.677
7,Tue,9.48133,2.362
7,Tue,9.48134,3.517
7,Tue,9.50104,1.969
7,Tue,9.50118,2.148
7,Tue,9.50694,5.685
7,Tue,9.50788,5.020
7,Tue,9.51576,1.852
7,Tue,9.53106,12.146
7,Tue,9.53177,0.551
7,Tue,9.53398,2.094
7,Tue,9.54413,5.276
7,Tue,9.54524,4.240
7,Tue,9.60741,5.231
7,Tue,9.60804,3.456
7,Tue,9.60922,8.307
7,Tue,9.61122,15.056
7,Tue,9.63226,0.544
7,Tue,9.63985,4.362
7,Tue,9.64681,1.904
7,Tue,9.64938,4.630
7,Tue,9.65001,4.570
7,Tue,9.66860,7.603
7,Tue,9.67402,25.934
7,Tue,9.69434,3.946
7,Tue,9.69541,2.663
7,Tue,9.71974,4.054
7,Tue,9.72054,2.255
7,Tue,9.72279,1.648
7,Tue,9.72286,3.563
7,Tue,9.72924,3.636
7,Tue,9.73308,2.476
7,Tue,9.73473,2.293
7,Tue,9.74505,2.886
7,Tue,9.75224,2.170
7,Tue,9.76023,1.499
7,Tue,9.80333,3.345
7,Tue,9.80541,4.154
7,Tue,9.80935,3.343
7,Tue,9.81078,0.914
7,Tue,9.81507,7.993
7,Tue,9.82911,6.366
7,Tue,9.83271,3.347
7,Tue,9.85528,2.908
7,Tue,9.85969,2.282
7,Tue,9.86033,2.698
7,Tue,9.86064,1.554
7,Tue,9.87196,3.342
7,Tue,9.87750,2.990
7,Tue,9.87869,2.041
7,Tue,9.88343,9.212
7,Tue,9.88662,1.947
7,Tue,9.90555,2.872
7,Tue,9.91583,3.982
7,Tue,9.91761,2.637
7,Tue,9.92780,10.351
7,Tue,9.93745,1.704
7,Tue,9.94627,2.344
7,Tue,9.95328,16.188
7,Tue,9.95433,1.176
7,Tue,9.97019,2.644
7,Tue,9.97482,2.578
7,Tue,9.97948,2.851
7,Tue,9.98301,7.922
7,Tue,10.00525,5.008
7,Tue,10.00934,2.313
7,Tue,10.02187,4.737
7,Tue,10.02287,9.730
7,Tue,10.03196,2.992
7,Tue,10.03991,4.547
7,Tue,10.05346,2.522
7,Tue,10.06069,5.380
7,Tue,10.08548,0.937
7,Tue,10.08892,8.345
7,Tue,10.09185,4.750
7,Tue,10.09451,1.748
7,Tue,10.09745,2.295
7,Tue,10.10551,2.870
7,Tue,10.10599,2.976
7,Tue,10.10921,4.037
7,Tue,10.13128,4.074
7,Tue,10.13336,4.798
7,Tue,10.14709,1.803
7,Tue,10.15380,10.319
7,Tue,10.15561,3.284
7,Tue,10.16555,1.950
7,Tue,10.16719,7.560
7,Tue,10.16851,1.414
7,Tue,10.17337,2.558
7,Tue,10.17545,3.720
7,Tue,10.18656,1.016
7,Tue,10.18722,2.219
7,Tue,10.19994,3.398
7,Tue,10.20350,3.843
7,Tue,10.20601,11.103
7,Tue,10.20853,1.132
7,Tue,10.22185,1.527
7,Tue,10.22212,2.360
7,Tue,10.22653,1.529
7,Tue,10.23634,3.211
7,Tue,10.23647,1.152
7,Tue,10.24018,6.537
7,Tue,10.24086,1.861
7,Tue,10.24115,2.452
7,Tue,10.25469,0.477
7,Tue,10.26364,3.641
7,Tue,10.28511,10.009
7,Tue,10.30721,3.391
7,Tue,10.31416,1.827
7,Tue,10.32679,4.222
7,Tue,10.32856,2.230
7,Tue,10.33994,1.728
7,Tue,10.34430,2.515
7,Tue,10.34577,9.043
7,Tue,10.36061,2.722
7,Tue,10.36276,2.169
7,Tue,10.37196,4.697
7,Tue,10.37286,8.007
7,Tue,10.37754,7.360
7,Tue,10.37973,1.648
7,Tue,10.38294,1.529
7,Tue,10.38486,9.192
7,Tue,10.40354,7.650
7,Tue,10.40669,10.221
7,Tue,10.41970,17.336
7,Tue,10.41988,5.258
7,Tue,10.42280,6.399
7,Tue,10.43357,4.033
7,Tue,10.44075,2.484
7,Tue,10.44408,6.026
7,Tue,10.45605,9.398
7,Tue,10.46214,4.979
7,Tue,10.46369,4.657
7,Tue,10.47765,6.572
7,Tue,10.49033,3.697
7,Tue,10.50383,8.129
7,Tue,10.50570,4.323
7,Tue,10.50660,2.651
7,Tue,10.51037,2.384
7,Tue,10.51471,3.580
7,Tue,10.52309,5.208
7,Tue,10.53840,2.474
7,Tue,10.54406,2.298
7,Tue,10.54427,4.768
7,Tue,10.54519,2.527
7,Tue,10.55941,2.652
7,Tue,10.56184,9.654
7,Tue,10.56356,5.799
7,Tue,10.56459,2.566
7,Tue,10.57497,2.253
7,Tue,10.57947,5.823
7,Tue,10.58718,10.325
7,Tue,10.59566,3.178
7,Tue,10.61369,4.502
7,Tue,10.62199,4.173
7,Tue,10.62597,2.130
7,Tue,10.62950,1.763
7,Tue,10.63388,0.725
7,Tue,10.63454,3.469
7,Tue,10.63846,8.813
7,Tue,10.65237,4.527
7,Tue,10.65604,4.846
7,Tue,10.66452,7.176
7,Tue,10.66688,1.380
7,Tue,10.66791,5.984
7,Tue,10.67649,2.014
7,Tue,10.68025,6.339
7,Tue,10.69095,2.278
7,Tue,10.69432,0.924
7,Tue,10.69451,0.978
7,Tue,10.69522,0.840
7,Tue,10.70082,23.561
7,Tue,10.70761,5.887
7,Tue,10.72417,4.962
7,Tue,10.72546,1.131
7,Tue,10.72875,2.807
7,Tue,10.73505,1.883
7,Tue,10.73872,2.669
7,Tue,10.75432,3.867
7,Tue,10.75910,3.729
7,Tue,10.75972,4.230
7,Tue,10.76337,1.545
7,Tue,10.76659,6.283
7,Tue,10.76682,1.944
7,Tue,10.78353,1.460
7,Tue,10.79242,3.573
7,Tue,10.79973,4.460
7,Tue,10.80200,15.310
7,Tue,10.80770,13.147
7,Tue,10.81272,0.473
7,Tue,10.81693,3.446
7,Tue,10.82031,6.174
7,Tue,10.83048,9.244
7,Tue,10.83100,2.521
7,Tue,10.83192,1.040
7,Tue,10.83576,6.372
7,Tue,10.83597,2.788
7,Tue,10.84535,1.497
7,Tue,10.84729,4.787
7,Tue,10.85785,1.240
7,Tue,10.86300,1.133
7,Tue,10.86308,6.870
7,Tue,10.87181,2.724
7,Tue,10.87635,10.103
7,Tue,10.87861,3.092
7,Tue,10.88114,4.666
7,Tue,10.89426,3.068
7,Tue,10.90154,1.832
7,Tue,10.91326,1.098
7,Tue,10.92137,3.639
7,Tue,10.92993,0.777
7,Tue,10.93027,1.673
7,Tue,10.93308,0.498
7,Tue,10.93356,6.574
7,Tue,10.93490,1.449
7,Tue,10.93628,4.654
7,Tue,10.93809,9.327
7,Tue,10.94370,2.516
7,Tue,10.94615,1.815
7,Tue,10.96133,11.676
7,Tue,10.96452,1.472
7,Tue,10.96545,1.326
7,Tue,10.97263,2.538
7,Tue,10.97755,3.338
7,Tue,10.98093,0.000
7,Tue,10.99201,2.152
7,Tue,10.99594,2.723
7,Tue,10.99774,3.205
7,Tue,11.00182,5.789
7,Tue,11.02088,2.523
7,Tue,11.02749,5.255
7,Tue,11.03741,1.867
7,Tue,11.03955,3.396
7,Tue,11.04271,2.570
7,Tue,11.04492,7.542
7,Tue,11.04741,4.661
7,Tue,11.05506,10.858
7,Tue,11.07492,1.519
7,Tue,11.07868,2.369
7,Tue,11.07897,6.659
7,Tue,11.08016,1.016
7,Tue,11.08032,2.844
7,Tue,11.08495,2.372
7,Tue,11.09404,0.565
7,Tue,11.10842,0.698
7,Tue,11.12856,1.365
7,Tue,11.13721,1.076
7,Tue,11.14663,5.884
7,Tue,11.15068,6.169
7,Tue,11.15230,2.345
7,Tue,11.15526,0.802
7,Tue,11.15981,3.439
7,Tue,11.16061,4.977
7,Tue,11.17046,3.275
7,Tue,11.17291,3.905
7,Tue,11.18939,1.594
7,Tue,11.19215,2.216
7,Tue,11.20920,4.367
7,Tue,11.21074,2.692
7,Tue,11.21198,1.193
7,Tue,11.22179,3.739
7,Tue,11.22585,0.527
7,Tue,11.23379,1.927
7,Tue,11.23620,3.282
7,Tue,11.23749,1.749
7,Tue,11.23944,2.012
7,Tue,11.24912,1.511
7,Tue,11.25979,2.863
7,Tue,11.27308,0.734
7,Tue,11.27931,4.703
7,Tue,11.30782,5.784
7,Tue,11.32119,1.360
7,Tue,11.32456,3.789
7,Tue,11.33921,2.309
7,Tue,11.34761,10.469
7,Tue,11.35193,4.651
7,Tue,11.35374,1.838
7,Tue,11.36715,2.267
7,Tue,11.36820,1.563
7,Tue,11.37908,2.347
7,Tue,11.37952,6.123
7,Tue,11.39417,5.398
7,Tue,11.39443,7.871
7,Tue,11.39610,1.246
7,Tue,11.39660,0.815
7,Tue,11.39769,5.879
7,Tue,11.40078,3.611
7,Tue,11.40209,2.041
7,Tue,11.40503,2.857
7,Tue,11.41324,1.212
7,Tue,11.41780,1.385
7,Tue,11.43985,10.724
7,Tue,11.44241,6.229
7,Tue,11.45047,2.336
7,Tue,11.46365,1.975
7,Tue,11.46453,11.068
7,Tue,11.47432,3.507
7,Tue,11.47878,1.968
7,Tue,11.48204,2.029
7,Tue,11.48639,7.667
7,Tue,11.48691,2.614
7,Tue,11.48785,14.171
7,Tue,11.50040,1.027
7,Tue,11.50659,3.994
7,Tue,11.51062,5.699
7,Tue,11.51298,2.966
7,Tue,11.51866,2.662
7,Tue,11.52871,0.627
7,Tue,11.53117,4.393
7,Tue,11.53495,1.689
7,Tue,11.55344,2.345
7,Tue,11.55553,2.226
7,Tue,11.55628,1.217
7,Tue,11.55975,0.431
7,Tue,11.56483,9.808
7,Tue,11.57034,2.733
7,Tue,11.57172,1.539
7,Tue,11.57313,3.937
7,Tue,11.57869,2.141
7,Tue,11.59056,3.753
7,Tue,11.59278,3.141
7,Tue,11.61578,2.337
7,Tue,11.62401,0.973
7,Tue,11.63516,2.861
7,Tue,11.64042,7.733
7,Tue,11.64686,2.195
7,Tue,11.64886,2.064
7,Tue,11.64946,1.605
7,Tue,11.65458,6.893
7,Tue,11.65514,2.673
7,Tue,11.65692,7.689
7,Tue,11.65845,5.178
7,Tue,11.66190,3.275
7,Tue,11.66883,3.817
7,Tue,11.67908,3.284
7,Tue,11.68316,2.319
7,Tue,11.68487,8.573
7,Tue,11.68600,0.600
7,Tue,11.69680,2.358
7,Tue,11.70183,5.427
7,Tue,11.70888,8.210
7,Tue,11.72142,3.064
7,Tue,11.72409,3.849
7,Tue,11.76766,0.408
7,Tue,11.78231,6.747
7,Tue,11.79659,1.526
7,Tue,11.79723,6.751
7,Tue,11.79730,8.582
7,Tue,11.80259,3.469
7,Tue,11.80744,0.953
7,Tue,11.83769,16.697
7,Tue,11.84458,0.934
7,Tue,11.85185,3.057
7,Tue,11.85272,2.244
7,Tue,11.85657,5.177
7,Tue,11.86230,6.121
7,Tue,11.88754,2.484
7,Tue,11.88824,5.153
7,Tue,11.89108,3.357
7,Tue,11.89370,0.801
7,Tue,11.90140,0.568
7,Tue,11.90324,2.434
7,Tue,11.90763,4.195
7,Tue,11.90935,4.171
7,Tue,11.91737,7.468
7,Tue,11.92347,1.840
7,Tue,11.92793,2.030
7,Tue,11.93101,7.282
7,Tue,11.93256,3.473
7,Tue,11.93315,5.843
7,Tue,11.93470,4.888
7,Tue,11.95518,10.215
7,Tue,11.97445,2.326
7,Tue,11.97797,1.772
7,Tue,11.98306,0.939
7,Tue,11.98335,21.519
7,Tue,12.01132,3.029
7,Tue,12.02336,1.620
7,Tue,12.02628,1.710
7,Tue,12.03071,10.323
7,Tue,12.03107,8.552
7,Tue,12.05139,2.112
7,Tue,12.07731,4.144
7,Tue,12.11339,2.175
7,Tue,12.11428,3.408
7,Tue,12.13978,6.959
7,Tue,12.14443,2.871
7,Tue,12.15273,4.840
7,Tue,12.15509,5.685
7,Tue,12.16010,4.132
7,Tue,12.16121,3.442
7,Tue,12.16478,10.633
7,Tue,12.17134,5.611
7,Tue,12.20986,13.753
7,Tue,12.21995,1.211
7,Tue,12.22525,0.648
7,Tue,12.23222,2.842
7,Tue,12.23759,7.157
7,Tue,12.24062,3.149
7,Tue,12.24729,0.793
7,Tue,12.25705,1.997
7,Tue,12.25843,2.441
7,Tue,12.26672,2.685
7,Tue,12.27651,2.616
7,Tue,12.28510,5.790
7,Tue,12.28874,1.448
7,Tue,12.30993,1.657
7,Tue,12.31107,2.089
7,Tue,12.31151,3.015
7,Tue,12.32408,5.039
7,Tue,12.33295,4.748
7,Tue,12.33654,1.567
7,Tue,12.34350,3.430
7,Tue,12.34472,2.915
7,Tue,12.34703,18.999
7,Tue,12.35009,2.182
7,Tue,12.36298,3.583
7,Tue,12.38081,2.596
7,Tue,12.38736,5.544
7,Tue,12.42265,2.993
7,Tue,12.45635,1.231
7,Tue,12.46151,11.198
7,Tue,12.46555,5.007
7,Tue,12.47190,4.880
7,Tue,12.47574,2.187
7,Tue,12.47740,0.930
7,Tue,12.47882,2.501
7,Tue,12.48439,2.398
7,Tue,12.49199,3.790
7,Tue,12.51134,1.976
7,Tue,12.51214,4.646
7,Tue,12.51224,1.253
7,Tue,12.51710,4.460
7,Tue,12.51892,2.025
7,Tue,12.52774,3.648
7,Tue,12.53168,4.714
7,Tue,12.54400,3.087
7,Tue,12.54536,2.143
7,Tue,12.54607,17.775
7,Tue,12.55285,2.432
7,Tue,12.58748,1.659
7,Tue,12.59049,9.259
7,Tue,12.59500,3.258
7,Tue,12.59931,12.459
7,Tue,12.60003,7.194
7,Tue,12.60237,0.863
7,Tue,12.60871,1.920
7,Tue,12.66447,1.692
7,Tue,12.69934,1.306
7,Tue,12.71703,0.944
7,Tue,12.72182,9.041
7,Tue,12.72544,2.822
7,Tue,12.72747,4.178
7,Tue,12.73198,3.592
7,Tue,12.73711,1.814
7,Tue,12.74065,4.625
7,Tue,12.76749,2.208
7,Tue,12.78659,4.972
7,Tue,12.79904,1.533
7,Tue,12.81142,2.750
7,Tue,12.81742,2.104
7,Tue,12.82014,1.648
7,Tue,12.82748,9.674
7,Tue,12.84230,1.045
7,Tue,12.86343,4.897
7,Tue,12.88696,2.620
7,Tue,12.89579,1.508
7,Tue,12.90148,7.893
7,Tue,12.91096,0.765
7,Tue,12.91222,0.735
7,Tue,12.93402,3.689
7,Tue,12.96358,2.898
7,Tue,12.96528,5.701
7,Tue,12.98900,1.433
7,Tue,12.99115,2.219
7,Tue,13.00534,1.770
7,Tue,13.02146,2.563
7,Tue,13.02281,6.548
7,Tue,13.04026,0.863
7,Tue,13.04446,6.915
7,Tue,13.05098,6.957
7,Tue,13.06605,1.570
7,Tue,13.06822,11.672
7,Tue,13.07060,1.005
7,Tue,13.07231,3.605
7,Tue,13.07409,4.334
7,Tue,13.09079,2.223
7,Tue,13.10209,2.251
7,Tue,13.10354,0.951
7,Tue,13.10774,2.115
7,Tue,13.11271,3.120
7,Tue,13.11409,2.352
7,Tue,13.12198,2.637
7,Tue,13.12905,3.303
7,Tue,13.13504,13.958
7,Tue,13.13702,2.578
7,Tue,13.14896,4.012
7,Tue,13.17126,1.545
7,Tue,13.18507,1.873
7,Tue,13.18532,2.863
7,Tue,13.19048,3.169
7,Tue,13.20208,5.615
7,Tue,13.20662,3.098
7,Tue,13.21638,3.710
7,Tue,13.21639,5.605
7,Tue,13.22202,2.518
7,Tue,13.24169,9.020
7,Tue,13.24223,6.717
7,Tue,13.24303,1.933
7,Tue,13.29644,3.310
7,Tue,13.30521,1.930
7,Tue,13.34336,6.543
7,Tue,13.34355,5.189
7,Tue,13.35642,2.949
7,Tue,13.36264,2.840
7,Tue,13.36298,5.946
7,Tue,13.40692,1.512
7,Tue,13.40735,5.987
7,Tue,13.42085,3.145
7,Tue,13.42664,2.685
7,Tue,13.42665,1.755
7,Tue,13.44039,2.581
7,Tue,13.44496,2.669
7,Tue,13.46515,2.275
7,Tue,13.47121,3.593
7,Tue,13.48239,0.829
7,Tue,13.48507,0.260
7,Tue,13.48955,2.310
7,Tue,13.49630,4.169
7,Tue,13.50206,1.787
7,Tue,13.52161,1.613
7,Tue,13.53976,2.540
7,Tue,13.53989,3.388
7,Tue,13.54219,2.672
7,Tue,13.54362,2.391
7,Tue,13.54791,3.240
7,Tue,13.55592,2.383
7,Tue,13.55792,1.222
7,Tue,13.58842,5.562
7,Tue,13.59463,2.008
7,Tue,13.60753,1.127
7,Tue,13.63246,1.735
7,Tue,13.66217,2.558
7,Tue,13.66239,4.670
7,Tue,13.66774,4.199
7,Tue,13.68251,6.214
7,Tue,13.71654,5.528
7,Tue,13.72484,2.268
7,Tue,13.75124,2.009
7,Tue,13.75450,2.844
7,Tue,13.75661,3.058
7,Tue,13.77116,5.619
7,Tue,13.78427,6.345
7,Tue,13.78839,7.052
7,Tue,13.79748,7.588
7,Tue,13.80364,4.053
7,Tue,13.80506,0.606
7,Tue,13.82077,3.128
7,Tue,13.82186,5.824
7,Tue,13.83899,8.467
7,Tue,13.86052,8.383
7,Tue,13.87340,4.161
7,Tue,13.87555,6.052
7,Tue,13.87999,4.725
7,Tue,13.89510,1.918
7,Tue,13.89648,8.771
7,Tue,13.90199,5.591
7,Tue,13.90862,7.864
7,Tue,13.91184,2.468
7,Tue,13.91212,4.237
7,Tue,13.91780,4.544
7,Tue,13.93217,2.467
7,Tue,13.95866,3.051
7,Tue,13.96857,0.698
7,Tue,13.99199,3.335
7,Tue,13.99242,6.889
7,Tue,13.99507,3.071
7,Tue,13.99625,5.602
7,Tue,13.99671,9.724
7,Tue,14.02991,6.622
7,Tue,14.03055,6.855
7,Tue,14.03103,3.133
7,Tue,14.04072,3.803
7,Tue,14.04116,6.449
7,Tue,14.04173,5.834
7,Tue,14.05222,1.718
7,Tue,14.06792,3.439
7,Tue,14.07470,0.965
7,Tue,14.08787,11.152
7,Tue,14.09600,6.148
7,Tue,14.09779,4.843
7,Tue,14.13521,3.076
7,Tue,14.13960,6.996
7,Tue,14.14506,0.616
7,Tue,14.14545,0.787
7,Tue,14.14710,1.710
7,Tue,14.16959,3.855
7,Tue,14.18291,2.257
7,Tue,14.19467,1.920
7,Tue,14.19932,4.856
7,Tue,14.20858,3.177
7,Tue,14.22649,11.276
7,Tue,14.23374,0.675
7,Tue,14.23432,0.629
7,Tue,14.24005,2.807
7,Tue,14.24129,3.780
7,Tue,14.25186,6.367
7,Tue,14.25775,7.052
7,Tue,14.26031,1.221
7,Tue,14.26295,3.005
7,Tue,14.28815,6.005
7,Tue,14.29234,3.912
7,Tue,14.29810,8.222
7,Tue,14.31310,0.844
7,Tue,14.32596,2.450
7,Tue,14.32597,2.159
7,Tue,14.32880,2.471
7,Tue,14.33277,5.280
7,Tue,14.36240,1.759
7,Tue,14.36257,7.034
7,Tue,14.36769,3.708
7,Tue,14.37485,3.489
7,Tue,14.38478,2.826
7,Tue,14.39167,2.265
7,Tue,14.39658,6.827
7,Tue,14.39663,3.747
7,Tue,14.42572,7.591
7,Tue,14.44078,6.405
7,Tue,14.45196,4.384
7,Tue,14.45738,9.377
7,Tue,14.46942,0.745
7,Tue,14.47241,0.943
7,Tue,14.50523,2.753
7,Tue,14.50528,4.772
7,Tue,14.52129,4.674
7,Tue,14.52934,1.290
7,Tue,14.53231,2.334
7,Tue,14.54063,3.553
7,Tue,14.54297,4.163
7,Tue,14.55139,4.203
7,Tue,14.55339,0.716
7,Tue,14.56282,5.349
7,Tue,14.57475,4.541
7,Tue,14.57929,6.615
7,Tue,14.59752,1.613
7,Tue,14.60476,9.309
7,Tue,14.62222,3.525
7,Tue,14.63699,2.989
7,Tue,14.64801,6.256
7,Tue,14.65826,4.069
7,Tue,14.68689,3.860
7,Tue,14.70773,0.586
7,Tue,14.71000,1.587
7,Tue,14.72523,3.887
7,Tue,14.74578,7.071
7,Tue,14.75013,3.237
7,Tue,14.75039,3.432
7,Tue,14.75198,13.796
7,Tue,14.75760,3.774
7,Tue,14.77765,3.851
7,Tue,14.77896,1.643
7,Tue,14.78102,2.528
7,Tue,14.79788,14.001
7,Tue,14.80297,1.052
7,Tue,14.80363,11.430
7,Tue,14.80462,3.138
7,Tue,14.80525,2.533
7,Tue,14.81036,6.350
7,Tue,14.83568,1.129
7,Tue,14.86053,2.467
7,Tue,14.86676,15.707
7,Tue,14.88391,3.349
7,Tue,14.88661,5.551
7,Tue,14.88671,4.073
7,Tue,14.88899,1.313
7,Tue,14.88912,2.242
7,Tue,14.90695,8.710
7,Tue,14.91286,2.804
7,Tue,14.92549,4.677
7,Tue,14.92847,1.232
7,Tue,14.94617,4.112
7,Tue,14.96478,0.964
7,Tue,14.97876,1.468
7,Tue,14.97997,1.740
7,Tue,14.98909,2.312
7,Tue,14.99502,4.370
7,Tue,15.02920,3.652
7,Tue,15.03187,0.947
7,Tue,15.05274,4.075
7,Tue,15.05843,8.238
7,Tue,15.07363,4.088
7,Tue,15.07768,1.799
7,Tue,15.07774,13.263
7,Tue,15.08390,12.921
7,Tue,15.08663,0.783
7,Tue,15.12287,2.860
7,Tue,15.13062,2.831
7,Tue,15.13613,7.802
7,Tue,15.16021,2.744
7,Tue,15.18771,3.495
7,Tue,15.20061,2.840
7,Tue,15.21686,2.203
7,Tue,15.21945,1.178
7,Tue,15.22741,3.212
7,Tue,15.26260,0.000
7,Tue,15.28526,2.518
7,Tue,15.30548,3.666
7,Tue,15.30573,1.482
7,Tue,15.32659,11.552
7,Tue,15.33259,0.666
7,Tue,15.34565,2.835
7,Tue,15.36145,2.598
7,Tue,15.37606,2.153
7,Tue,15.41734,4.555
7,Tue,15.43677,2.614
7,Tue,15.44090,3.219
7,Tue,15.45773,2.331
7,Tue,15.47499,2.362
7,Tue,15.47601,5.970
7,Tue,15.48465,8.320
7,Tue,15.49094,0.789
7,Tue,15.51046,7.317
7,Tue,15.51688,4.502
7,Tue,15.53159,1.586
7,Tue,15.53234,7.264
7,Tue,15.53958,0.851
7,Tue,15.54385,1.820
7,Tue,15.55433,6.882
7,Tue,15.56341,3.943
7,Tue,15.57205,1.534
7,Tue,15.59900,2.511
7,Tue,15.62590,3.169
7,Tue,15.62773,3.334
7,Tue,15.62956,4.434
7,Tue,15.64740,1.921
7,Tue,15.64769,4.250
7,Tue,15.64826,0.926
7,Tue,15.66038,0.915
7,Tue,15.67208,4.603
7,Tue,15.67795,3.825
7,Tue,15.67988,2.246
7,Tue,15.68025,5.594
7,Tue,15.68240,2.776
7,Tue,15.73465,2.505
7,Tue,15.73745,2.196
7,Tue,15.75161,3.075
7,Tue,15.78585,1.876
7,Tue,15.81084,2.012
7,Tue,15.81544,7.567
7,Tue,15.81918,7.561
7,Tue,15.82031,6.718
7,Tue,15.83315,1.263
7,Tue,15.83424,4.573
7,Tue,15.84264,2.469
7,Tue,15.85622,3.711
7,Tue,15.87266,3.284
7,Tue,15.87367,6.668
7,Tue,15.88942,9.842
7,Tue,15.93017,3.259
7,Tue,15.93148,2.470
7,Tue,15.93710,2.886
7,Tue,15.94745,4.545
7,Tue,15.95223,5.759
7,Tue,15.95528,6.299
7,Tue,15.96084,6.000
7,Tue,15.97006,2.726
7,Tue,15.97133,3.626
7,Tue,15.99599,2.028
7,Tue,16.00947,5.337
7,Tue,16.01715,3.225
7,Tue,16.03258,1.192
7,Tue,16.03378,6.213
7,Tue,16.05906,2.433
7,Tue,16.06142,1.440
7,Tue,16.06953,3.028
7,Tue,16.07000,3.080
7,Tue,16.08142,1.133
7,Tue,16.10460,2.060
7,Tue,16.12810,2.533
7,Tue,16.12845,7.140
7,Tue,16.14096,2.337
7,Tue,16.19933,1.363
7,Tue,16.22443,4.426
7,Tue,16.24111,4.182
7,Tue,16.25090,3.341
7,Tue,16.27684,6.042
7,Tue,16.28235,4.079
7,Tue,16.29162,14.242
7,Tue,16.29721,3.936
7,Tue,16.30729,1.910
7,Tue,16.31335,2.217
7,Tue,16.33865,3.985
7,Tue,16.34367,15.661
7,Tue,16.34763,1.250
7,Tue,16.36122,3.205
7,Tue,16.36819,1.897
7,Tue,16.36903,2.349
7,Tue,16.36906,3.197
7,Tue,16.40017,1.471
7,Tue,16.40817,1.534
7,Tue,16.41179,5.441
7,Tue,16.41993,2.011
7,Tue,16.43173,13.901
7,Tue,16.46285,4.060
7,Tue,16.47617,22.865
7,Tue,16.47661,3.935
7,Tue,16.47891,1.285
7,Tue,16.49076,3.057
7,Tue,16.50338,5.582
7,Tue,16.51074,1.579
7,Tue,16.51996,3.698
7,Tue,16.52145,2.167
7,Tue,16.53356,3.023
7,Tue,16.56863,12.719
7,Tue,16.57838,1.078
7,Tue,16.59518,2.807
7,Tue,16.59589,2.955
7,Tue,16.59744,4.284
7,Tue,16.62730,16.922
7,Tue,16.64649,1.925
7,Tue,16.65230,3.859
7,Tue,16.68046,2.459
7,Tue,16.68313,2.296
7,Tue,16.70591,2.314
7,Tue,16.72322,4.657
7,Tue,16.75083,1.168
7,Tue,16.75843,0.616
7,Tue,16.77919,3.644
7,Tue,16.79212,6.497
7,Tue,16.79700,2.581
7,Tue,16.79758,1.681
7,Tue,16.87437,3.172
7,Tue,16.87952,7.789
7,Tue,16.89740,1.180
7,Tue,16.89846,8.061
7,Tue,16.90282,4.019
7,Tue,16.93145,1.464
7,Tue,16.94785,1.013
7,Tue,16.96102,0.411
7,Tue,16.96727,2.069
7,Tue,16.97284,1.976
7,Tue,16.98297,1.513
7,Tue,17.00143,2.755
7,Tue,17.00149,2.688
7,Tue,17.01914,5.030
7,Tue,17.01930,1.831
7,Tue,17.02557,1.406
7,Tue,17.13986,2.782
7,Tue,17.14067,12.014
7,Tue,17.15713,1.921
7,Tue,17.16864,6.509
7,Tue,17.19532,1.279
7,Tue,17.20378,1.865
7,Tue,17.21130,1.573
7,Tue,17.22638,6.406
7,Tue,17.23186,1.782
7,Tue,17.23197,2.809
7,Tue,17.23791,1.607
7,Tue,17.25127,1.414
7,Tue,17.28837,2.077
7,Tue,17.31516,2.144
7,Tue,17.32548,3.850
7,Tue,17.35710,5.135
7,Tue,17.37378,4.105
7,Tue,17.42472,19.385
7,Tue,17.42887,2.756
7,Tue,17.48438,3.121
7,Tue,17.50285,10.532
7,Tue,17.52117,5.506
7,Tue,17.53330,2.655
7,Tue,17.53526,1.716
7,Tue,17.54360,8.953
7,Tue,17.55491,4.612
7,Tue,17.56154,5.339
7,Tue,17.57069,0.994
7,Tue,17.59513,3.680
7,Tue,17.64065,3.855
7,Tue,17.67437,4.977
7,Tue,17.68609,0.943
7,Tue,17.68731,4.040
7,Tue,17.71319,4.333
7,Tue,17.72920,2.231
7,Tue,17.77497,13.685
7,Tue,17.81577,5.162
7,Tue,17.81800,1.744
7,Tue,17.83660,4.272
7,Tue,17.84010,1.448
7,Tue,17.88841,3.821
7,Tue,17.88857,2.870
7,Tue,17.90142,12.029
7,Tue,17.94978,1.416
7,Tue,17.96607,2.765
7,Tue,17.97182,2.194
7,Tue,17.97878,7.634
7,Tue,17.99864,7.443
7,Tue,18.04848,0.897
7,Tue,18.05428,1.857
7,Tue,18.05953,1.419
7,Tue,18.12931,3.913
7,Tue,18.13807,1.910
7,Tue,18.15372,2.332
7,Tue,18.16014,0.938
7,Tue,18.19973,0.848
7,Tue,18.20370,1.152
7,Tue,18.20735,3.838
7,Tue,18.21027,3.140
7,Tue,18.25145,4.478
7,Tue,18.34342,2.441
7,Tue,18.37418,0.692
7,Tue,18.39779,4.782
7,Tue,18.40275,1.707
7,Tue,18.43010,4.770
7,Tue,18.45033,2.282
7,Tue,18.45860,3.399
7,Tue,18.46298,23.268
7,Tue,18.46303,2.869
7,Tue,18.47458,7.573
7,Tue,18.47726,3.716
7,Tue,18.48922,2.000
7,Tue,18.49006,5.455
7,Tue,18.49113,4.424
7,Tue,18.53916,1.726
7,Tue,18.54837,8.891
7,Tue,18.55633,2.240
7,Tue,18.56870,0.915
7,Tue,18.58957,2.769
7,Tue,18.60882,3.975
7,Tue,18.62060,2.238
7,Tue,18.62426,2.100
7,Tue,18.69773,8.122
7,Tue,18.71865,3.560
7,Tue,18.74323,5.565
7,Tue,18.76770,4.276
7,Tue,18.77306,6.724
7,Tue,18.78767,7.439
7,Tue,18.81531,3.594
7,Tue,18.83815,3.562
7,Tue,18.86479,5.034
7,Tue,18.87667,4.999
7,Tue,18.88181,4.821
7,Tue,18.88534,10.535
7,Tue,18.91463,2.937
7,Tue,18.98069,0.000
7,Tue,19.01733,4.191
7,Tue,19.02230,1.822
7,Tue,19.04080,9.996
7,Tue,19.05568,1.777
7,Tue,19.07060,1.384
7,Tue,19.07207,2.898
7,Tue,19.10896,2.952
7,Tue,19.20789,3.060
7,Tue,19.20811,4.476
7,Tue,19.25910,5.578
7,Tue,19.25953,3.590
7,Tue,19.27949,3.829
7,Tue,19.30977,0.808
7,Tue,19.32698,3.010
7,Tue,19.32983,1.671
7,Tue,19.34453,2.799
7,Tue,19.36578,2.992
7,Tue,19.37059,10.191
7,Tue,19.37661,2.531
7,Tue,19.46847,7.093
7,Tue,19.54940,4.306
7,Tue,19.57278,0.796
7,Tue,19.58874,2.494
7,Tue,19.62111,1.033
7,Tue,19.67138,3.714
7,Tue,19.72275,0.940
7,Tue,19.72600,2.596
7,Tue,19.73205,1.068
7,Tue,19.74916,2.619
7,Tue,19.79163,10.092
7,Tue,19.79351,1.384
7,Tue,19.80107,1.884
7,Tue,19.82294,0.612
7,Tue,19.82707,8.405
7,Tue,19.84505,3.616
7,Tue,19.88130,3.440
7,Tue,19.88536,3.691
7,Tue,19.88765,5.288
7,Tue,19.94819,5.029
8,Wed,8.00893,0.836
8,Wed,8.01755,2.288
8,Wed,8.04640,10.142
8,Wed,8.05250,2.576
8,Wed,8.07277,3.137
8,Wed,8.08408,3.820
8,Wed,8.10026,0.597
8,Wed,8.11831,3.978
8,Wed,8.11904,4.369
8,Wed,8.14812,2.458
8,Wed,8.15100,0.844
8,Wed,8.16124,2.121
8,Wed,8.16410,1.579
8,Wed,8.16799,7.232
8,Wed,8.19187,1.076
8,Wed,8.19565,1.721
8,Wed,8.21948,8.860
8,Wed,8.21957,2.800
8,Wed,8.22181,1.375
8,Wed,8.23677,8.245
8,Wed,8.25193,2.004
8,Wed,8.27793,1.276
8,Wed,8.30673,1.921
8,Wed,8.31347,2.374
8,Wed,8.33165,1.823
8,Wed,8.36222,1.975
8,Wed,8.36314,4.663
8,Wed,8.37698,1.683
8,Wed,8.41616,3.428
8,Wed,8.42323,3.412
8,Wed,8.42394,3.629
8,Wed,8.45487,5.266
8,Wed,8.46904,1.186
8,Wed,8.49324,1.245
8,Wed,8.49990,2.227
8,Wed,8.50082,2.901
8,Wed,8.52980,3.713
8,Wed,8.53760,22.126
8,Wed,8.55231,3.803
8,Wed,8.59294,2.213
8,Wed,8.60493,6.825
8,Wed,8.62256,4.602
8,Wed,8.64837,1.807
8,Wed,8.72668,3.615
8,Wed,8.73872,3.233
8,Wed,8.74266,2.244
8,Wed,8.74448,2.879
8,Wed,8.76627,2.039
8,Wed,8.76843,6.347
8,Wed,8.76843,2.207
8,Wed,8.78450,9.066
8,Wed,8.79324,2.024
8,Wed,8.79869,4.271
8,Wed,8.80189,2.481
8,Wed,8.80592,1.235
8,Wed,8.80821,2.043
8,Wed,8.83397,2.169
8,Wed,8.83807,2.114
8,Wed,8.84767,1.027
8,Wed,8.86280,1.552
8,Wed,8.86366,7.304
8,Wed,8.87230,1.681
8,Wed,8.87480,4.246
8,Wed,8.87922,5.249
8,Wed,8.90093,8.704
8,Wed,8.90768,7.875
8,Wed,8.90918,2.168
8,Wed,8.91585,3.137
8,Wed,8.91838,1.411
8,Wed,8.91890,5.655
8,Wed,8.92468,4.178
8,Wed,8.92574,1.784
8,Wed,8.95441,1.729
8,Wed,8.96095,4.513
8,Wed,8.96448,3.613
8,Wed,8.98591,13.178
8,Wed,8.98633,3.749
8,Wed,8.98886,3.107
8,Wed,9.00071,1.422
8,Wed,9.01413,3.594
8,Wed,9.03066,5.369
8,Wed,9.03510,10.762
8,Wed,9.04546,9.851
8,Wed,9.04591,6.538
8,Wed,9.05906,3.643
8,Wed,9.07796,11.358
8,Wed,9.07854,6.213
8,Wed,9.14365,0.687
8,Wed,9.14535,3.488
8,Wed,9.14571,1.375
8,Wed,9.16105,1.469
8,Wed,9.16783,5.798
8,Wed,9.17893,3.235
8,Wed,9.18920,6.300
8,Wed,9.19700,2.571
8,Wed,9.19771,21.096
8,Wed,9.20725,0.818
8,Wed,9.21292,3.274
8,Wed,9.24050,1.913
8,Wed,9.25208,4.272
8,Wed,9.25314,3.673
8,Wed,9.26288,2.002
8,Wed,9.26566,2.088
8,Wed,9.27253,1.685
8,Wed,9.27870,1.994
8,Wed,9.29918,1.634
8,Wed,9.31030,2.156
8,Wed,9.31530,1.116
8,Wed,9.32670,4.784
8,Wed,9.32715,3.286
8,Wed,9.32809,2.734
8,Wed,9.33478,3.529
8,Wed,9.34803,1.953
8,Wed,9.35026,3.991
8,Wed,9.35333,4.647
8,Wed,9.35763,6.488
8,Wed,9.37660,2.378
8,Wed,9.38205,3.140
8,Wed,9.39756,2.039
8,Wed,9.40813,3.126
8,Wed,9.40934,4.198
8,Wed,9.40973,6.282
8,Wed,9.41637,6.210
8,Wed,9.42103,2.798
8,Wed,9.42496,3.098
8,Wed,9.42847,2.809
8,Wed,9.43105,0.797
8,Wed,9.43125,2.645
8,Wed,9.45460,6.954
8,Wed,9.46992,1.319
8,Wed,9.47015,9.215
8,Wed,9.47481,3.843
8,Wed,9.48428,2.080
8,Wed,9.49003,0.928
8,Wed,9.49877,1.596
8,Wed,9.49993,0.930
8,Wed,9.50410,2.817
8,Wed,9.51613,6.429
8,Wed,9.52383,1.360
8,Wed,9.52401,6.635
8,Wed,9.52617,1.494
8,Wed,9.53324,5.937
8,Wed,9.54103,5.792
8,Wed,9.54577,1.768
8,Wed,9.55076,2.001
8,Wed,9.55398,1.492
8,Wed,9.58147,5.102
8,Wed,9.58344,8.120
8,Wed,9.58383,1.096
8,Wed,9.59050,5.354
8,Wed,9.60054,4.087
8,Wed,9.61274,1.317
8,Wed,9.62680,10.792
8,Wed,9.62800,0.949
8,Wed,9.63421,2.124
8,Wed,9.64062,28.142
8,Wed,9.66034,3.558
8,Wed,9.66928,15.265
8,Wed,9.67687,0.947
8,Wed,9.67689,5.631
8,Wed,9.69483,2.991
8,Wed,9.69669,8.253
8,Wed,9.69930,4.981
8,Wed,9.70194,5.589
8,Wed,9.72210,1.876
8,Wed,9.72309,3.844
8,Wed,9.72411,1.456
8,Wed,9.72836,9.027
8,Wed,9.72937,1.650
8,Wed,9.73323,10.616
8,Wed,9.74121,6.278
8,Wed,9.74628,5.390
8,Wed,9.74972,3.844
8,Wed,9.75222,2.288
8,Wed,9.75681,3.368
8,Wed,9.76150,11.327
8,Wed,9.77781,1.726
8,Wed,9.78071,5.817
8,Wed,9.78473,6.368
8,Wed,9.78989,6.415
8,Wed,9.80230,2.871
8,Wed,9.80663,3.803
8,Wed,9.80711,0.000
8,Wed,9.83157,7.524
8,Wed,9.84499,2.885
8,Wed,9.84949,6.298
8,Wed,9.85038,4.722
8,Wed,9.85350,0.853
8,Wed,9.85647,6.563
8,Wed,9.85830,1.153
8,Wed,9.86943,2.386
8,Wed,9.86978,2.463
8,Wed,9.87121,3.755
8,Wed,9.88179,4.722
8,Wed,9.88603,1.809
8,Wed,9.88785,1.827
8,Wed,9.89726,2.855
8,Wed,9.90026,3.579
8,Wed,9.90571,6.860
8,Wed,9.91827,0.811
8,Wed,9.92456,1.339
8,Wed,9.92789,6.072
8,Wed,9.94073,2.643
8,Wed,9.94142,2.631
8,Wed,9.94328,1.952
8,Wed,9.95026,3.570
8,Wed,9.97126,7.943
8,Wed,9.97744,4.677
8,Wed,9.98918,4.001
8,Wed,9.99297,4.728
8,Wed,9.99561,5.572
8,Wed,10.00110,1.923
8,Wed,10.00413,3.267
8,Wed,10.00527,3.514
8,Wed,10.00729,2.916
8,Wed,10.02465,1.167
8,Wed,10.02483,5.928
8,Wed,10.02547,3.423
8,Wed,10.02879,1.515
8,Wed,10.05526,2.236
8,Wed,10.05575,4.663
8,Wed,10.07202,4.673
8,Wed,10.08130,5.917
8,Wed,10.08165,1.108
8,Wed,10.09134,7.203
8,Wed,10.09691,2.719
8,Wed,10.09941,0.000
8,Wed,10.13085,4.489
8,Wed,10.13417,1.434
8,Wed,10.14372,2.257
8,Wed,10.14660,3.085
8,Wed,10.16222,1.084
8,Wed,10.16264,1.915
8,Wed,10.16812,9.779
8,Wed,10.16860,1.145
8,Wed,10.16881,5.868
8,Wed,10.17098,2.173
8,Wed,10.17684,4.550
8,Wed,10.19833,1.755
8,Wed,10.20010,2.752
8,Wed,10.20045,5.431
8,Wed,10.20166,1.232
8,Wed,10.21908,1.920
8,Wed,10.22000,5.746
8,Wed,10.22765,1.917
8,Wed,10.22915,2.560
8,Wed,10.23719,11.489
8,Wed,10.24081,2.202
8,Wed,10.24532,4.332
8,Wed,10.24561,6.157
8,Wed,10.25238,1.353
8,Wed,10.25242,1.547
8,Wed,10.25300,3.673
8,Wed,10.25700,1.482
8,Wed,10.26306,13.624
8,Wed,10.29113,1.486
8,Wed,10.29589,1.265
8,Wed,10.30205,0.432
8,Wed,10.30650,0.984
8,Wed,10.31835,1.526
8,Wed,10.32087,1.303
8,Wed,10.32429,4.578
8,Wed,10.32835,8.367
8,Wed,10.32953,0.907
8,Wed,10.34420,2.039
8,Wed,10.36212,0.912
8,Wed,10.36587,4.472
8,Wed,10.37307,8.329
8,Wed,10.37814,8.709
8,Wed,10.38391,1.170
8,Wed,10.40037,1.447
8,Wed,10.41200,4.766
8,Wed,10.42661,2.713
8,Wed,10.42901,1.329
8,Wed,10.43245,3.177
8,Wed,10.43620,4.282
8,Wed,10.43989,0.000
8,Wed,10.44200,14.022
8,Wed,10.44282,2.386
8,Wed,10.44890,2.589
8,Wed,10.45524,7.889
8,Wed,10.46936,5.236
8,Wed,10.47492,1.926
8,Wed,10.48266,5.413
8,Wed,10.48411,3.533
8,Wed,10.48731,0.731
8,Wed,10.48779,2.668
8,Wed,10.49706,1.034
8,Wed,10.49710,2.213
8,Wed,10.50152,3.044
8,Wed,10.51861,1.741
8,Wed,10.52297,13.869
8,Wed,10.52709,1.335
8,Wed,10.55193,9.579
8,Wed,10.55337,1.994
8,Wed,10.57315,0.998
8,Wed,10.58135,2.278
8,Wed,10.58430,0.724
8,Wed,10.59997,0.728
8,Wed,10.60784,2.993
8,Wed,10.60816,2.842
8,Wed,10.61163,4.720
8,Wed,10.61733,1.492
8,Wed,10.61819,2.323
8,Wed,10.61823,3.096
8,Wed,10.62827,2.228
8,Wed,10.64463,5.588
8,Wed,10.64632,1.741
8,Wed,10.64637,5.883
8,Wed,10.65300,7.341
8,Wed,10.65478,1.856
8,Wed,10.65520,1.495
8,Wed,10.65800,1.990
8,Wed,10.65885,4.330
8,Wed,10.67529,3.089
8,Wed,10.68246,3.402
8,Wed,10.68268,2.627
8,Wed,10.70000,4.535
8,Wed,10.72214,8.400
8,Wed,10.74228,7.066
8,Wed,10.74266,3.170
8,Wed,10.75924,1.787
8,Wed,10.75946,6.158
8,Wed,10.76432,4.766
8,Wed,10.76464,3.532
8,Wed,10.77189,1.011
8,Wed,10.77282,1.923
8,Wed,10.77414,3.217
8,Wed,10.77600,4.095
8,Wed,10.78602,1.917
8,Wed,10.78901,4.333
8,Wed,10.79203,2.922
8,Wed,10.79466,7.775
8,Wed,10.80668,3.915
8,Wed,10.81046,1.924
8,Wed,10.81630,1.890
8,Wed,10.81724,1.037
8,Wed,10.84269,5.324
8,Wed,10.84909,3.001
8,Wed,10.86128,2.777
8,Wed,10.86809,5.630
8,Wed,10.88032,2.592
8,Wed,10.90678,2.308
8,Wed,10.90901,2.827
8,Wed,10.91411,0.937
8,Wed,10.91654,2.097
8,Wed,10.92937,5.207
8,Wed,10.93177,2.166
8,Wed,10.93181,14.235
8,Wed,10.94731,2.084
8,Wed,10.95689,1.428
8,Wed,10.95757,2.266
8,Wed,10.95982,0.889
8,Wed,10.96032,3.252
8,Wed,10.96245,6.466
8,Wed,10.96292,0.561
8,Wed,10.97242,3.510
8,Wed,10.97547,0.605
8,Wed,10.97713,6.539
8,Wed,10.97747,3.789
8,Wed,10.97990,2.284
8,Wed,10.98294,1.650
8,Wed,10.98332,3.459
8,Wed,10.98364,5.825
8,Wed,10.98438,2.327
8,Wed,10.99732,1.662
8,Wed,11.00280,1.162
8,Wed,11.00427,3.725
8,Wed,11.01314,6.944
8,Wed,11.01456,3.881
8,Wed,11.01572,3.502
8,Wed,11.01581,1.286
8,Wed,11.02534,0.601
8,Wed,11.04030,7.128
8,Wed,11.04036,2.224
8,Wed,11.04119,1.247
8,Wed,11.04197,9.213
8,Wed,11.04461,2.894
8,Wed,11.04813,2.760
8,Wed,11.05206,3.560
8,Wed,11.05539,2.691
8,Wed,11.05570,3.387
8,Wed,11.07315,4.402
8,Wed,11.07417,1.581
8,Wed,11.08293,6.040
8,Wed,11.08873,3.022
8,Wed,11.09260,3.371
8,Wed,11.09409,11.877
8,Wed,11.09720,1.370
8,Wed,11.11335,6.327
8,Wed,11.11397,1.777
8,Wed,11.11992,2.879
8,Wed,11.12322,3.178
8,Wed,11.13852,2.862
8,Wed,11.14119,0.859
8,Wed,11.16198,1.632
8,Wed,11.17195,2.920
8,Wed,11.18403,7.549
8,Wed,11.19209,6.817
8,Wed,11.19791,1.520
8,Wed,11.21309,2.265
8,Wed,11.21380,4.246
8,Wed,11.21579,1.531
8,Wed,11.21699,8.696
8,Wed,11.22201,1.035
8,Wed,11.22644,7.200
8,Wed,11.23469,2.791
8,Wed,11.23851,2.362
8,Wed,11.24249,15.406
8,Wed,11.24526,5.340
8,Wed,11.24796,1.837
8,Wed,11.25343,8.399
8,Wed,11.25898,1.294
8,Wed,11.25956,1.734
8,Wed,11.26125,1.748
8,Wed,11.26326,1.108
8,Wed,11.26767,12.388
8,Wed,11.27205,2.439
8,Wed,11.27455,1.206
8,Wed,11.27691,2.939
8,Wed,11.28224,2.668
8,Wed,11.28456,3.237
8,Wed,11.28921,2.398
8,Wed,11.29396,3.614
8,Wed,11.29618,0.873
8,Wed,11.30215,4.886
8,Wed,11.30556,3.121
8,Wed,11.31307,0.725
8,Wed,11.31765,6.142
8,Wed,11.33253,5.957
8,Wed,11.34809,0.000
8,Wed,11.35642,7.164
8,Wed,11.36063,5.031
8,Wed,11.36527,2.574
8,Wed,11.36686,4.142
8,Wed,11.36734,1.980
8,Wed,11.37317,4.025
8,Wed,11.37738,1.633
8,Wed,11.38202,1.397
8,Wed,11.38630,2.236
8,Wed,11.38739,12.061
8,Wed,11.40941,2.834
8,Wed,11.41238,4.198
8,Wed,11.41340,4.525
8,Wed,11.41641,3.504
8,Wed,11.42139,2.917
8,Wed,11.43418,3.135
8,Wed,11.44179,3.057
8,Wed,11.44196,3.801
8,Wed,11.44290,1.643
8,Wed,11.44369,13.504
8,Wed,11.45602,0.985
8,Wed,11.46226,6.765
8,Wed,11.46469,3.806
8,Wed,11.48155,5.244
8,Wed,11.48797,1.081
8,Wed,11.50596,8.911
8,Wed,11.51617,1.691
8,Wed,11.51778,5.173
8,Wed,11.52003,6.720
8,Wed,11.52821,1.528
8,Wed,11.53527,2.665
8,Wed,11.53640,1.578
8,Wed,11.54069,1.958
8,Wed,11.54090,2.705
8,Wed,11.54481,3.352
8,Wed,11.54965,7.412
8,Wed,11.55235,0.903
8,Wed,11.56138,6.767
8,Wed,11.57124,9.870
8,Wed,11.57161,6.901
8,Wed,11.59157,3.316
8,Wed,11.59408,4.502
8,Wed,11.61600,1.987
8,Wed,11.65029,2.299
8,Wed,11.66430,3.498
8,Wed,11.67462,1.928
8,Wed,11.67678,1.656
8,Wed,11.67701,16.866
8,Wed,11.68452,5.292
8,Wed,11.69259,1.624
8,Wed,11.69757,3.504
8,Wed,11.70794,3.194
8,Wed,11.71113,1.064
8,Wed,11.72144,3.154
8,Wed,11.72219,1.882
8,Wed,11.73165,2.477
8,Wed,11.73591,5.981
8,Wed,11.73998,5.685
8,Wed,11.74484,2.778
8,Wed,11.74524,1.173
8,Wed,11.74657,1.748
8,Wed,11.75635,4.199
8,Wed,11.75920,1.575
8,Wed,11.80916,1.733
8,Wed,11.81813,1.668
8,Wed,11.85050,3.311
8,Wed,11.85643,2.713
8,Wed,11.86353,4.028
8,Wed,11.87342,2.873
8,Wed,11.88763,6.127
8,Wed,11.89319,6.893
8,Wed,11.89326,6.186
8,Wed,11.90013,6.492
8,Wed,11.90942,7.046
8,Wed,11.91214,3.164
8,Wed,11.92440,4.891
8,Wed,11.92869,1.965
8,Wed,11.93860,4.136
8,Wed,11.94413,2.038
8,Wed,11.95677,1.340
8,Wed,11.96131,10.035
8,Wed,11.96823,7.295
8,Wed,11.98024,5.022
8,Wed,11.99656,3.090
8,Wed,11.99769,1.361
8,Wed,12.00379,2.611
8,Wed,12.01428,4.233
8,Wed,12.01737,3.776
8,Wed,12.02109,6.713
8,Wed,12.02741,5.446
8,Wed,12.04130,3.195
8,Wed,12.04211,6.506
8,Wed,12.06807,2.936
8,Wed,12.09890,1.860
8,Wed,12.10186,8.382
8,Wed,12.11939,7.571
8,Wed,12.13879,2.760
8,Wed,12.14791,1.041
8,Wed,12.16141,2.911
8,Wed,12.16618,5.324
8,Wed,12.17538,1.686
8,Wed,12.17813,5.490
8,Wed,12.18255,4.519
8,Wed,12.19284,1.537
8,Wed,12.19438,1.036
8,Wed,12.20299,8.717
8,Wed,12.20360,7.829
8,Wed,12.20795,5.442
8,Wed,12.21504,1.731
8,Wed,12.21955,1.636
8,Wed,12.22885,1.730
8,Wed,12.23564,4.152
8,Wed,12.24670,3.491
8,Wed,12.24912,1.073
8,Wed,12.25079,1.744
8,Wed,12.25978,5.997
8,Wed,12.28044,7.791
8,Wed,12.28911,1.804
8,Wed,12.29534,2.811
8,Wed,12.31849,4.073
8,Wed,12.32397,6.326
8,Wed,12.33084,3.123
8,Wed,12.34425,1.043
8,Wed,12.35338,0.947
8,Wed,12.37134,1.867
8,Wed,12.39464,6.288
8,Wed,12.39603,2.909
8,Wed,12.40999,13.126
8,Wed,12.43906,2.465
8,Wed,12.44262,2.431
8,Wed,12.44369,2.253
8,Wed,12.45307,1.285
8,Wed,12.45746,2.192
8,Wed,12.47681,1.400
8,Wed,12.48454,3.937
8,Wed,12.48587,4.061
8,Wed,12.49807,4.694
8,Wed,12.52172,3.586
8,Wed,12.53363,3.463
8,Wed,12.55246,2.140
8,Wed,12.58454,3.493
8,Wed,12.58897,3.732
8,Wed,12.59198,6.282
8,Wed,12.59485,6.715
8,Wed,12.59779,2.304
8,Wed,12.60406,5.916
8,Wed,12.61361,1.091
8,Wed,12.62437,3.007
8,Wed,12.63232,1.978
8,Wed,12.64282,11.869
8,Wed,12.66005,1.053
8,Wed,12.66246,0.955
8,Wed,12.67510,1.206
8,Wed,12.68672,30.829
8,Wed,12.69962,1.538
8,Wed,12.70453,0.734
8,Wed,12.72337,1.651
8,Wed,12.73382,1.417
8,Wed,12.73496,7.917
8,Wed,12.74663,4.657
8,Wed,12.75067,5.345
8,Wed,12.76432,1.488
8,Wed,12.77159,2.454
8,Wed,12.79160,1.572
8,Wed,12.80142,1.767
8,Wed,12.81325,12.273
8,Wed,12.81417,3.151
8,Wed,12.83044,0.793
8,Wed,12.83974,1.232
8,Wed,12.85506,1.304
8,Wed,12.89728,2.804
8,Wed,12.92494,2.761
8,Wed,12.93147,6.322
8,Wed,12.93827,2.502
8,Wed,12.95339,3.354
8,Wed,12.97919,1.266
8,Wed,12.99968,5.118
8,Wed,14.51402,1.183
8,Wed,14.51862,3.895
8,Wed,14.52791,4.395
8,Wed,14.53872,4.808
8,Wed,14.57157,1.828
8,Wed,14.57561,5.081
8,Wed,14.58247,2.302
8,Wed,14.58364,3.834
8,Wed,14.59392,4.128
8,Wed,14.60153,5.149
8,Wed,14.61800,3.191
8,Wed,14.62148,2.425
8,Wed,14.62233,2.507
8,Wed,14.62897,3.107
8,Wed,14.63093,1.649
8,Wed,14.65064,3.012
8,Wed,14.66014,1.631
8,Wed,14.68183,2.479
8,Wed,14.68411,1.879
8,Wed,14.69660,1.568
8,Wed,14.70893,2.441
8,Wed,14.71165,8.461
8,Wed,14.71613,4.379
8,Wed,14.72032,1.379
8,Wed,14.72041,1.263
8,Wed,14.72359,1.956
8,Wed,14.72496,8.016
8,Wed,14.72695,4.837
8,Wed,14.72830,12.717
8,Wed,14.73984,1.189
8,Wed,14.74878,4.971
8,Wed,14.75334,6.181
8,Wed,14.75513,3.911
8,Wed,14.75627,0.630
8,Wed,14.77088,4.346
8,Wed,14.77137,4.434
8,Wed,14.78223,4.101
8,Wed,14.78460,2.108
8,Wed,14.78727,5.821
8,Wed,14.79532,2.805
8,Wed,14.79836,4.178
8,Wed,14.80035,5.933
8,Wed,14.80683,4.108
8,Wed,14.83013,4.388
8,Wed,14.83702,8.071
8,Wed,14.85908,4.101
8,Wed,14.86526,1.521
8,Wed,14.86541,3.778
8,Wed,14.86659,2.902
8,Wed,14.87583,6.351
8,Wed,14.88658,7.504
8,Wed,14.89222,6.783
8,Wed,14.89546,3.254
8,Wed,14.90229,2.096
8,Wed,14.90859,3.953
8,Wed,14.91510,4.570
8,Wed,14.92448,2.055
8,Wed,14.93210,2.483
8,Wed,14.93835,5.898
8,Wed,14.94197,1.474
8,Wed,14.96231,1.387
8,Wed,14.96784,2.425
8,Wed,14.97474,2.805
8,Wed,14.99668,1.230
8,Wed,15.01072,5.022
8,Wed,15.03357,1.963
8,Wed,15.03762,2.560
8,Wed,15.03961,1.023
8,Wed,15.05341,2.995
8,Wed,15.05427,2.512
8,Wed,15.05519,1.043
8,Wed,15.06712,5.368
8,Wed,15.07508,2.233
8,Wed,15.08898,3.212
8,Wed,15.10685,1.907
8,Wed,15.10706,2.616
8,Wed,15.10712,3.155
8,Wed,15.11051,0.913
8,Wed,15.11932,1.911
8,Wed,15.12724,4.140
8,Wed,15.12804,1.160
8,Wed,15.13488,2.911
8,Wed,15.13568,5.860
8,Wed,15.13711,1.487
8,Wed,15.14602,2.253
8,Wed,15.17300,2.155
8,Wed,15.17487,1.177
8,Wed,15.17499,1.436
8,Wed,15.18064,3.193
8,Wed,15.18433,14.064
8,Wed,15.22669,3.922
8,Wed,15.23017,1.836
8,Wed,15.23228,6.800
8,Wed,15.23743,0.991
8,Wed,15.23835,1.770
8,Wed,15.25261,3.074
8,Wed,15.27766,0.934
8,Wed,15.28453,2.406
8,Wed,15.29916,7.159
8,Wed,15.30123,1.634
8,Wed,15.30893,5.199
8,Wed,15.31668,6.827
8,Wed,15.32640,4.122
8,Wed,15.33693,3.133
8,Wed,15.34224,3.637
8,Wed,15.35588,2.078
8,Wed,15.37934,2.848
8,Wed,15.38036,5.943
8,Wed,15.38771,2.836
8,Wed,15.38970,2.199
8,Wed,15.39688,1.701
8,Wed,15.40108,3.982
8,Wed,15.41489,7.489
8,Wed,15.41946,2.456
8,Wed,15.43281,2.138
8,Wed,15.46113,5.274
8,Wed,15.46925,1.716
8,Wed,15.47053,4.694
8,Wed,15.47310,4.437
8,Wed,15.50643,5.814
8,Wed,15.52071,3.610
8,Wed,15.54370,4.216
8,Wed,15.54785,4.029
8,Wed,15.55781,0.643
8,Wed,15.57592,3.054
8,Wed,15.59353,3.931
8,Wed,15.60049,9.468
8,Wed,15.63581,3.129
8,Wed,15.64064,1.429
8,Wed,15.64315,2.887
8,Wed,15.65748,6.087
8,Wed,15.67583,2.131
8,Wed,15.68349,4.402
8,Wed,15.69933,18.496
8,Wed,15.74278,2.169
8,Wed,15.76943,0.941
8,Wed,15.77544,4.565
8,Wed,15.77785,7.793
8,Wed,15.80497,0.819
8,Wed,15.81936,4.754
8,Wed,15.81962,6.533
8,Wed,15.82107,2.295
8,Wed,15.82720,5.571
8,Wed,15.83639,4.685
8,Wed,15.84067,3.844
8,Wed,15.84320,9.320
8,Wed,15.84873,5.397
8,Wed,15.85491,2.023
8,Wed,15.85692,3.347
8,Wed,15.85742,11.979
8,Wed,15.86427,1.541
8,Wed,15.86677,4.102
8,Wed,15.86916,2.275
8,Wed,15.88702,2.475
8,Wed,15.89873,7.801
8,Wed,15.90109,16.387
8,Wed,15.90641,2.550
8,Wed,15.95778,1.871
8,Wed,15.97647,5.980
8,Wed,16.00291,2.377
8,Wed,16.00707,1.556
8,Wed,16.01505,3.223
8,Wed,16.02429,1.569
8,Wed,16.03510,1.555
8,Wed,16.03586,10.600
8,Wed,16.03632,1.914
8,Wed,16.04540,5.209
8,Wed,16.07538,3.965
8,Wed,16.10110,6.252
8,Wed,16.11295,4.452
8,Wed,16.17891,4.723
8,Wed,16.19554,4.165
8,Wed,16.20753,1.122
8,Wed,16.21449,1.203
8,Wed,16.22661,1.780
8,Wed,16.22898,5.398
8,Wed,16.27209,3.667
8,Wed,16.27725,6.504
8,Wed,16.29882,4.351
8,Wed,16.30007,1.269
8,Wed,16.31891,1.650
8,Wed,16.32881,3.792
8,Wed,16.36376,0.852
8,Wed,16.37967,2.734
8,Wed,16.38511,1.248
8,Wed,16.38651,0.749
8,Wed,16.41320,1.557
8,Wed,16.43538,0.578
8,Wed,16.44190,2.277
8,Wed,16.44266,17.476
8,Wed,16.45046,5.116
8,Wed,16.47546,7.314
8,Wed,16.49290,6.386
8,Wed,16.49679,0.762
8,Wed,16.50028,3.411
8,Wed,16.52163,3.056
8,Wed,16.52914,0.797
8,Wed,16.56386,1.270
8,Wed,16.57780,3.911
8,Wed,16.58370,1.397
8,Wed,16.60422,6.555
8,Wed,16.61246,3.403
8,Wed,16.61520,3.648
8,Wed,16.62196,4.469
8,Wed,16.63898,0.000
8,Wed,16.64314,0.850
8,Wed,16.65453,2.432
8,Wed,16.66500,16.193
8,Wed,16.72692,5.419
8,Wed,16.73094,1.838
8,Wed,16.73473,2.883
8,Wed,16.73899,6.828
8,Wed,16.74761,3.073
8,Wed,16.76832,1.373
8,Wed,16.77390,2.650
8,Wed,16.78238,2.322
8,Wed,16.84047,3.750
8,Wed,16.87811,5.159
8,Wed,16.88186,5.643
8,Wed,16.89439,2.196
8,Wed,16.90231,1.794
8,Wed,16.92452,2.691
8,Wed,16.96210,4.156
8,Wed,16.97446,2.531
8,Wed,16.97833,2.913
8,Wed,16.98118,2.460
8,Wed,16.98437,5.675
8,Wed,16.99400,4.615
8,Wed,17.01092,0.871
8,Wed,17.03273,3.264
8,Wed,17.06854,4.248
8,Wed,17.08903,1.900
8,Wed,17.11323,6.399
8,Wed,17.17590,4.503
8,Wed,17.19097,9.612
8,Wed,17.24270,5.513
8,Wed,17.25440,4.456
8,Wed,17.30665,1.718
8,Wed,17.31936,3.517
8,Wed,17.32798,3.771
8,Wed,17.36452,6.535
8,Wed,17.38123,6.287
8,Wed,17.39397,4.767
8,Wed,17.39855,2.430
8,Wed,17.39926,3.166
8,Wed,17.41476,5.630
8,Wed,17.43096,2.691
8,Wed,17.44640,0.995
8,Wed,17.45074,4.456
8,Wed,17.45987,9.556
8,Wed,17.49215,4.227
8,Wed,17.51060,1.706
8,Wed,17.52405,2.366
8,Wed,17.53250,0.446
8,Wed,17.54885,2.223
8,Wed,17.59126,4.201
8,Wed,17.63483,1.778
8,Wed,17.67821,4.118
8,Wed,17.68313,3.296
8,Wed,17.71249,1.643
8,Wed,17.72855,2.583
8,Wed,17.75464,8.899
8,Wed,17.77736,4.356
8,Wed,17.78290,1.071
8,Wed,17.79887,10.168
8,Wed,17.81032,1.672
8,Wed,17.81798,16.659
8,Wed,17.84803,0.883
8,Wed,17.86358,2.600
8,Wed,17.88142,0.339
8,Wed,17.91189,4.107
8,Wed,17.93208,2.515
8,Wed,17.94637,4.386
8,Wed,17.99230,2.175
8,Wed,17.99273,2.276
8,Wed,17.99990,2.410
8,Wed,18.00463,4.641
8,Wed,18.02966,12.626
8,Wed,18.03752,2.979
8,Wed,18.07056,1.576
8,Wed,18.10837,2.689
8,Wed,18.15120,1.138
8,Wed,18.17556,3.918
8,Wed,18.19450,3.528
8,Wed,18.19493,1.040
8,Wed,18.22112,6.049
8,Wed,18.26872,1.348
8,Wed,18.36807,8.694
8,Wed,18.44169,3.246
8,Wed,18.45808,6.996
8,Wed,18.47435,1.839
8,Wed,18.48781,3.088
8,Wed,18.48849,2.009
8,Wed,18.48863,1.583
8,Wed,18.55095,2.349
8,Wed,18.57994,1.971
8,Wed,18.59967,7.789
8,Wed,18.60673,3.767
8,Wed,18.63526,2.238
8,Wed,18.65152,3.969
8,Wed,18.70808,3.989
8,Wed,18.81572,1.736
8,Wed,18.87922,2.089
8,Wed,18.93163,3.741
8,Wed,18.95142,1.685
8,Wed,18.95265,4.352
8,Wed,18.95599,5.140
8,Wed,18.96309,2.153
8,Wed,18.97830,15.075
8,Wed,18.98194,4.846
8,Wed,19.00204,5.621
8,Wed,19.02296,0.807
8,Wed,19.04741,5.725
8,Wed,19.07116,1.807
8,Wed,19.08087,4.103
8,Wed,19.09920,7.069
8,Wed,19.10161,0.757
8,Wed,19.10640,4.173
8,Wed,19.11589,5.156
8,Wed,19.12077,19.282
8,Wed,19.16707,1.521
8,Wed,19.33171,7.751
8,Wed,19.33292,2.327
8,Wed,19.33441,3.828
8,Wed,19.33475,1.647
8,Wed,19.33798,1.652
8,Wed,19.34069,4.374
8,Wed,19.37559,1.716
8,Wed,19.37976,1.525
8,Wed,19.41267,3.125
8,Wed,19.43679,2.821
8,Wed,19.44935,1.135
8,Wed,19.46028,7.270
8,Wed,19.46644,1.035
8,Wed,19.53158,2.946
8,Wed,19.57716,6.894
8,Wed,19.58673,1.272
8,Wed,19.59766,2.449
8,Wed,19.63080,2.312
8,Wed,19.65316,5.968
8,Wed,19.73560,1.078
8,Wed,19.74323,5.000
8,Wed,19.79530,1.581
8,Wed,19.87791,1.765
8,Wed,19.91525,1.438
8,Wed,19.93679,6.477
8,Wed,19.97172,2.566
8,Wed,19.98287,4.648
9,Thu,8.00114,1.915
9,Thu,8.02146,2.568
9,Thu,8.05622,2.514
9,Thu,8.09009,1.349
9,Thu,8.13900,4.286
9,Thu,8.14701,1.536
9,Thu,8.14764,7.579
9,Thu,8.14954,1.134
9,Thu,8.19178,2.072
9,Thu,8.22617,1.822
9,Thu,8.24773,2.206
9,Thu,8.26435,1.534
9,Thu,8.26833,3.731
9,Thu,8.33072,4.398
9,Thu,8.33092,3.244
9,Thu,8.33902,2.708
9,Thu,8.34852,14.323
9,Thu,8.36954,0.385
9,Thu,8.37438,7.749
9,Thu,8.37973,3.119
9,Thu,8.38167,1.510
9,Thu,8.40925,6.379
9,Thu,8.41365,3.465
9,Thu,8.41967,2.998
9,Thu,8.42939,2.108
9,Thu,8.43888,0.949
9,Thu,8.45607,3.412
9,Thu,8.48280,4.586
9,Thu,8.48933,13.487
9,Thu,8.49113,2.075
9,Thu,8.50098,0.979
9,Thu,8.50882,11.082
9,Thu,8.51035,3.093
9,Thu,8.53251,0.979
9,Thu,8.57721,2.268
9,Thu,8.58363,1.968
9,Thu,8.61294,9.232
9,Thu,8.61867,4.842
9,Thu,8.63715,1.947
9,Thu,8.65152,3.386
9,Thu,8.65519,5.233
9,Thu,8.75158,24.349
9,Thu,8.75310,0.614
9,Thu,8.75413,6.258
9,Thu,8.76575,1.876
9,Thu,8.77798,0.993
9,Thu,8.78165,1.944
9,Thu,8.79661,4.777
9,Thu,8.80270,6.231
9,Thu,8.82888,1.780
9,Thu,8.85349,13.652
9,Thu,8.85793,32.152
9,Thu,8.86213,0.664
9,Thu,8.86298,8.316
9,Thu,8.88624,0.838
9,Thu,8.88987,5.247
9,Thu,8.89255,2.202
9,Thu,8.90367,2.226
9,Thu,8.90769,4.355
9,Thu,8.91331,5.281
9,Thu,8.93740,3.939
9,Thu,8.93874,1.867
9,Thu,8.95665,2.582
9,Thu,8.96629,3.543
9,Thu,8.99323,0.397
9,Thu,8.99399,1.918
9,Thu,8.99773,2.379
9,Thu,9.02721,5.391
9,Thu,9.03398,1.200
9,Thu,9.05657,5.115
9,Thu,9.07435,11.254
9,Thu,9.07562,2.386
9,Thu,9.07662,2.896
9,Thu,9.10540,6.272
9,Thu,9.10583,3.382
9,Thu,9.10809,4.859
9,Thu,9.10843,4.629
9,Thu,9.12181,2.957
9,Thu,9.12472,2.023
9,Thu,9.12991,1.190
9,Thu,9.13756,1.967
9,Thu,9.15107,5.290
9,Thu,9.15529,1.122
9,Thu,9.15914,8.568
9,Thu,9.16427,3.969
9,Thu,9.17575,3.980
9,Thu,9.18607,1.609
9,Thu,9.19319,1.567
9,Thu,9.20435,1.121
9,Thu,9.23263,13.182
9,Thu,9.23822,4.061
9,Thu,9.25255,3.893
9,Thu,9.27990,1.273
9,Thu,9.28851,1.623
9,Thu,9.29117,0.763
9,Thu,9.30036,2.681
9,Thu,9.31237,7.742
9,Thu,9.31800,2.123
9,Thu,9.33133,0.992
9,Thu,9.33299,0.729
9,Thu,9.33475,6.490
9,Thu,9.34000,1.828
9,Thu,9.34266,3.320
9,Thu,9.34772,2.539
9,Thu,9.35016,4.360
9,Thu,9.36269,9.568
9,Thu,9.37747,0.837
9,Thu,9.37941,3.481
9,Thu,9.42126,4.104
9,Thu,9.42146,3.808
9,Thu,9.42748,2.110
9,Thu,9.43297,2.687
9,Thu,9.43740,2.247
9,Thu,9.43757,7.179
9,Thu,9.43899,3.730
9,Thu,9.46838,5.636
9,Thu,9.46845,2.312
9,Thu,9.47408,7.373
9,Thu,9.50035,3.448
9,Thu,9.52036,1.712
9,Thu,9.52172,1.037
9,Thu,9.52204,1.096
9,Thu,9.52603,3.073
9,Thu,9.52668,4.690
9,Thu,9.55161,2.920
9,Thu,9.55638,2.520
9,Thu,9.56673,3.762
9,Thu,9.56858,2.253
9,Thu,9.56893,2.479
9,Thu,9.56899,1.563
9,Thu,9.57841,2.460
9,Thu,9.58272,10.311
9,Thu,9.59461,0.710
9,Thu,9.60012,1.597
9,Thu,9.60515,3.526
9,Thu,9.60617,1.120
9,Thu,9.60822,2.081
9,Thu,9.63016,0.540
9,Thu,9.64498,6.974
9,Thu,9.69108,7.844
9,Thu,9.70414,0.715
9,Thu,9.70542,2.206
9,Thu,9.70914,3.334
9,Thu,9.71573,3.555
9,Thu,9.72011,2.060
9,Thu,9.73570,2.818
9,Thu,9.73914,1.271
9,Thu,9.75957,3.934
9,Thu,9.76277,3.398
9,Thu,9.77902,9.800
9,Thu,9.78532,0.825
9,Thu,9.78855,2.423
9,Thu,9.79924,1.785
9,Thu,9.80707,8.538
9,Thu,9.80808,4.880
9,Thu,9.80877,1.858
9,Thu,9.81432,2.847
9,Thu,9.81684,6.502
9,Thu,9.82057,1.940
9,Thu,9.82447,1.760
9,Thu,9.83920,2.069
9,Thu,9.84345,2.208
9,Thu,9.84359,2.405
9,Thu,9.84998,4.900
9,Thu,9.85507,2.161
9,Thu,9.85985,5.169
9,Thu,9.86442,4.931
9,Thu,9.88171,7.116
9,Thu,9.88568,3.346
9,Thu,9.88617,3.053
9,Thu,9.89478,2.331
9,Thu,9.89770,2.788
9,Thu,9.90120,2.248
9,Thu,9.90679,8.262
9,Thu,9.91924,1.103
9,Thu,9.93311,1.128
9,Thu,9.93555,6.967
9,Thu,9.93761,7.533
9,Thu,9.99878,5.774
9,Thu,10.01195,1.637
9,Thu,10.01896,1.598
9,Thu,10.02208,3.224
9,Thu,10.02585,4.929
9,Thu,10.02886,8.689
9,Thu,10.03361,10.725
9,Thu,10.04083,3.172
9,Thu,10.06232,2.375
9,Thu,10.08475,0.991
9,Thu,10.08745,7.892
9,Thu,10.11426,2.204
9,Thu,10.12283,8.529
9,Thu,10.13791,7.613
9,Thu,10.13886,6.565
9,Thu,10.13940,10.752
9,Thu,10.14250,2.617
9,Thu,10.15261,2.045
9,Thu,10.15307,6.030
9,Thu,10.16396,7.396
9,Thu,10.16468,4.205
9,Thu,10.17080,2.216
9,Thu,10.17391,2.368
9,Thu,10.18792,3.792
9,Thu,10.19228,2.292
9,Thu,10.19807,5.329
9,Thu,10.20396,1.763
9,Thu,10.20433,2.915
9,Thu,10.21035,3.805
9,Thu,10.21236,4.420
9,Thu,10.24142,8.144
9,Thu,10.24232,4.232
9,Thu,10.24652,2.468
9,Thu,10.25520,3.918
9,Thu,10.26002,3.384
9,Thu,10.26668,1.417
9,Thu,10.26695,0.883
9,Thu,10.26878,4.172
9,Thu,10.29333,1.926
9,Thu,10.31022,1.155
9,Thu,10.32016,3.099
9,Thu,10.32870,3.334
9,Thu,10.33154,0.781
9,Thu,10.33793,1.708
9,Thu,10.35759,2.394
9,Thu,10.36847,9.816
9,Thu,10.37195,3.991
9,Thu,10.37614,4.227
9,Thu,10.38066,4.326
9,Thu,10.39138,1.235
9,Thu,10.39659,0.641
9,Thu,10.40319,3.673
9,Thu,10.41264,3.933
9,Thu,10.41279,1.531
9,Thu,10.41849,2.940
9,Thu,10.43075,3.655
9,Thu,10.44026,1.989
9,Thu,10.44221,2.511
9,Thu,10.44402,4.607
9,Thu,10.46729,1.553
9,Thu,10.47311,0.899
9,Thu,10.47849,0.789
9,Thu,10.48694,1.303
9,Thu,10.50543,6.743
9,Thu,10.50957,8.551
9,Thu,10.51958,3.851
9,Thu,10.52820,4.201
9,Thu,10.53784,1.739
9,Thu,10.54428,0.810
9,Thu,10.55824,3.766
9,Thu,10.56477,2.576
9,Thu,10.57597,2.403
9,Thu,10.57629,1.008
9,Thu,10.58005,3.560
9,Thu,10.58011,1.148
9,Thu,10.58084,4.584
9,Thu,10.58171,2.797
9,Thu,10.58396,2.177
9,Thu,10.59065,3.610
9,Thu,10.59678,1.187
9,Thu,10.59693,1.849
9,Thu,10.59721,5.942
9,Thu,10.60235,2.612
9,Thu,10.61185,1.506
9,Thu,10.62501,4.316
9,Thu,10.63189,6.986
9,Thu,10.63859,4.203
9,Thu,10.64420,1.116
9,Thu,10.64435,1.395
9,Thu,10.64745,1.322
9,Thu,10.65299,6.043
9,Thu,10.65354,6.182
9,Thu,10.65490,4.138
9,Thu,10.65927,3.283
9,Thu,10.66019,0.983
9,Thu,10.66257,2.947
9,Thu,10.67369,0.580
9,Thu,10.67911,1.768
9,Thu,10.68954,2.116
9,Thu,10.69074,2.808
9,Thu,10.69083,5.340
9,Thu,10.69098,4.468
9,Thu,10.69380,23.114
9,Thu,10.69660,3.060
9,Thu,10.71412,1.725
9,Thu,10.71868,1.603
9,Thu,10.71897,1.509
9,Thu,10.72201,4.335
9,Thu,10.72561,4.586
9,Thu,10.72604,8.554
9,Thu,10.72771,2.724
9,Thu,10.74867,3.964
9,Thu,10.75032,3.906
9,Thu,10.75255,1.253
9,Thu,10.77601,5.798
9,Thu,10.77779,1.027
9,Thu,10.78099,1.663
9,Thu,10.78174,3.003
9,Thu,10.80210,2.713
9,Thu,10.80347,1.526
9,Thu,10.81756,1.855
9,Thu,10.82720,2.667
9,Thu,10.83227,2.011
9,Thu,10.83661,3.757
9,Thu,10.84543,5.207
9,Thu,10.84817,1.643
9,Thu,10.85164,5.610
9,Thu,10.85992,1.212
9,Thu,10.86135,5.106
9,Thu,10.86587,3.797
9,Thu,10.86866,4.429
9,Thu,10.86878,2.221
9,Thu,10.87541,4.487
9,Thu,10.87569,8.866
9,Thu,10.87616,4.554
9,Thu,10.87996,4.661
9,Thu,10.88072,3.106
9,Thu,10.88520,6.581
9,Thu,10.89186,2.511
9,Thu,10.89238,1.897
9,Thu,10.89800,2.310
9,Thu,10.91357,4.664
9,Thu,10.92674,1.588
9,Thu,10.92915,2.625
9,Thu,10.93850,2.286
9,Thu,10.94511,2.720
9,Thu,10.94560,11.930
9,Thu,10.96697,6.239
9,Thu,10.97493,11.839
9,Thu,10.97810,11.760
9,Thu,10.97891,5.502
9,Thu,10.98494,0.942
9,Thu,11.01387,1.964
9,Thu,11.01394,3.544
9,Thu,11.01570,1.187
9,Thu,11.02234,3.312
9,Thu,11.02250,2.307
9,Thu,11.02645,4.172
9,Thu,11.03922,3.628
9,Thu,11.04003,1.128
9,Thu,11.04787,4.334
9,Thu,11.04855,3.867
9,Thu,11.06297,4.606
9,Thu,11.06458,4.407
9,Thu,11.06886,2.425
9,Thu,11.06951,1.707
9,Thu,11.06969,5.812
9,Thu,11.07682,5.899
9,Thu,11.09582,0.982
9,Thu,11.10342,4.805
9,Thu,11.10734,2.507
9,Thu,11.11110,2.382
9,Thu,11.11576,2.914
9,Thu,11.12623,0.536
9,Thu,11.12935,3.415
9,Thu,11.13030,1.397
9,Thu,11.14491,1.379
9,Thu,11.14567,3.804
9,Thu,11.14654,3.526
9,Thu,11.15207,4.440
9,Thu,11.17188,5.390
9,Thu,11.18700,1.972
9,Thu,11.19465,5.662
9,Thu,11.20666,9.959
9,Thu,11.21127,2.683
9,Thu,11.22836,0.825
9,Thu,11.25325,1.319
9,Thu,11.25899,5.721
9,Thu,11.26284,3.688
9,Thu,11.26836,8.254
9,Thu,11.27085,4.467
9,Thu,11.27816,5.583
9,Thu,11.29694,1.313
9,Thu,11.30821,3.752
9,Thu,11.31071,3.425
9,Thu,11.31082,8.653
9,Thu,11.31111,11.313
9,Thu,11.32551,1.621
9,Thu,11.33159,2.227
9,Thu,11.33441,1.896
9,Thu,11.33531,1.800
9,Thu,11.33592,4.225
9,Thu,11.33903,2.831
9,Thu,11.35995,2.518
9,Thu,11.36342,2.925
9,Thu,11.36432,1.740
9,Thu,11.37069,2.770
9,Thu,11.37327,2.005
9,Thu,11.37866,0.465
9,Thu,11.41072,1.608
9,Thu,11.41176,1.045
9,Thu,11.41237,5.932
9,Thu,11.41315,1.679
9,Thu,11.41515,5.059
9,Thu,11.41825,4.339
9,Thu,11.42195,4.670
9,Thu,11.42588,5.880
9,Thu,11.43390,1.982
9,Thu,11.43512,3.340
9,Thu,11.44944,2.806
9,Thu,11.45295,5.023
9,Thu,11.45463,6.813
9,Thu,11.45513,4.235
9,Thu,11.45784,1.402
9,Thu,11.45894,4.154
9,Thu,11.46174,1.429
9,Thu,11.46175,3.250
9,Thu,11.48590,4.212
9,Thu,11.49284,9.206
9,Thu,11.51130,8.231
9,Thu,11.53706,1.406
9,Thu,11.55884,1.169
9,Thu,11.55919,4.107
9,Thu,11.55975,5.516
9,Thu,11.56062,1.823
9,Thu,11.56519,10.814
9,Thu,11.58239,6.494
9,Thu,11.58456,5.074
9,Thu,11.59530,1.436
9,Thu,11.59730,1.736
9,Thu,11.60529,4.422
9,Thu,11.60881,1.049
9,Thu,11.64176,3.299
9,Thu,11.64417,3.337
9,Thu,11.64629,1.258
9,Thu,11.66602,3.239
9,Thu,11.66832,2.321
9,Thu,11.66903,2.223
9,Thu,11.67623,2.574
9,Thu,11.67836,4.201
9,Thu,11.70363,2.806
9,Thu,11.72440,2.806
9,Thu,11.72702,18.706
9,Thu,11.73324,1.774
9,Thu,11.74282,1.968
9,Thu,11.75008,4.712
9,Thu,11.75859,7.966
9,Thu,11.76693,4.149
9,Thu,11.78218,4.881
9,Thu,11.78541,2.000
9,Thu,11.80401,6.423
9,Thu,11.86001,1.359
9,Thu,11.86956,3.353
9,Thu,11.87091,7.476
9,Thu,11.87149,2.207
9,Thu,11.87207,2.057
9,Thu,11.87734,10.767
9,Thu,11.88559,2.747
9,Thu,11.89019,1.728
9,Thu,11.89310,1.407
9,Thu,11.89334,13.082
9,Thu,11.90260,1.228
9,Thu,11.90797,17.256
9,Thu,11.91023,10.935
9,Thu,11.92331,0.824
9,Thu,11.92628,2.740
9,Thu,11.93180,4.785
9,Thu,11.95267,6.004
9,Thu,11.98279,4.070
9,Thu,11.99453,4.539
9,Thu,12.02550,19.323
9,Thu,12.02957,1.613
9,Thu,12.02998,1.075
9,Thu,12.03468,2.255
9,Thu,12.03627,1.081
9,Thu,12.03648,2.608
9,Thu,12.04303,3.528
9,Thu,12.04760,3.526
9,Thu,12.05288,18.930
9,Thu,12.05679,4.103
9,Thu,12.06593,3.597
9,Thu,12.07367,1.859
9,Thu,12.07861,4.343
9,Thu,12.08218,3.008
9,Thu,12.10218,6.020
9,Thu,12.10727,3.117
9,Thu,12.10975,4.683
9,Thu,12.12045,1.764
9,Thu,12.13438,4.139
9,Thu,12.15398,3.755
9,Thu,12.15422,2.301
9,Thu,12.15616,5.342
9,Thu,12.16969,6.078
9,Thu,12.18533,4.076
9,Thu,12.18744,1.077
9,Thu,12.19540,4.634
9,Thu,12.20512,3.962
9,Thu,12.24059,5.419
9,Thu,12.25459,6.506
9,Thu,12.25527,3.252
9,Thu,12.26046,3.983
9,Thu,12.28000,7.704
9,Thu,12.28314,1.181
9,Thu,12.28335,23.545
9,Thu,12.28409,2.084
9,Thu,12.29259,1.108
9,Thu,12.30160,4.329
9,Thu,12.32879,1.963
9,Thu,12.34221,2.643
9,Thu,12.34887,0.579
9,Thu,12.34890,1.070
9,Thu,12.36479,2.301
9,Thu,12.39388,7.371
9,Thu,12.43433,6.239
9,Thu,12.44503,2.329
9,Thu,12.45054,11.986
9,Thu,12.49272,9.053
9,Thu,12.50584,2.297
9,Thu,12.50601,3.634
9,Thu,12.54565,3.481
9,Thu,12.55907,2.686
9,Thu,12.58654,5.484
9,Thu,12.60022,11.534
9,Thu,12.60210,1.199
9,Thu,12.60520,2.372
9,Thu,12.60731,1.739
9,Thu,12.60890,1.162
9,Thu,12.62923,1.082
9,Thu,12.63360,4.122
9,Thu,12.64002,1.666
9,Thu,12.64274,5.430
9,Thu,12.64375,1.855
9,Thu,12.66394,2.571
9,Thu,12.66951,4.639
9,Thu,12.68140,4.885
9,Thu,12.68734,17.598
9,Thu,12.68932,0.401
9,Thu,12.71755,1.236
9,Thu,12.73310,4.464
9,Thu,12.75389,4.155
9,Thu,12.76029,1.317
9,Thu,12.76312,3.516
9,Thu,12.77286,5.618
9,Thu,12.77396,5.322
9,Thu,12.77653,3.272
9,Thu,12.78856,1.944
9,Thu,12.79101,3.068
9,Thu,12.79252,1.609
9,Thu,12.80761,4.015
9,Thu,12.80771,0.822
9,Thu,12.81857,2.962
9,Thu,12.81952,7.930
9,Thu,12.82260,1.913
9,Thu,12.82667,2.144
9,Thu,12.82695,4.107
9,Thu,12.82918,2.476
9,Thu,12.87148,2.617
9,Thu,12.88033,1.487
9,Thu,12.88440,2.285
9,Thu,12.93913,2.064
9,Thu,12.94933,5.148
9,Thu,12.99593,6.111
9,Thu,13.00294,7.636
9,Thu,13.00980,1.884
9,Thu,13.01560,2.231
9,Thu,13.01640,6.546
9,Thu,13.01933,5.501
9,Thu,13.01989,3.573
9,Thu,13.03353,3.460
9,Thu,13.03483,2.959
9,Thu,13.04450,3.112
9,Thu,13.04839,3.518
9,Thu,13.05246,2.773
9,Thu,13.05337,2.635
9,Thu,13.05914,2.176
9,Thu,13.07892,2.765
9,Thu,13.08386,6.139
9,Thu,13.09752,3.326
9,Thu,13.10789,5.934
9,Thu,13.11932,1.371
9,Thu,13.12216,2.336
9,Thu,13.12773,9.598
9,Thu,13.12837,4.159
9,Thu,13.13769,1.228
9,Thu,13.14687,5.831
9,Thu,13.15078,3.968
9,Thu,13.17520,3.548
9,Thu,13.17843,4.349
9,Thu,13.18355,1.648
9,Thu,13.19274,3.508
9,Thu,13.19641,9.069
9,Thu,13.20119,1.426
9,Thu,13.20277,3.766
9,Thu,13.20392,3.427
9,Thu,13.21103,3.627
9,Thu,13.21317,3.944
9,Thu,13.21418,2.493
9,Thu,13.21925,3.794
9,Thu,13.21998,25.170
9,Thu,13.22259,6.165
9,Thu,13.25789,3.577
9,Thu,13.26330,4.556
9,Thu,13.33268,1.651
9,Thu,13.35158,6.530
9,Thu,13.37680,4.515
9,Thu,13.38986,4.998
9,Thu,13.39415,2.363
9,Thu,13.40255,2.234
9,Thu,13.40999,7.196
9,Thu,13.41862,1.921
9,Thu,13.42599,0.000
9,Thu,13.43764,3.768
9,Thu,13.44199,0.366
9,Thu,13.47078,1.675
9,Thu,13.47296,3.162
9,Thu,13.48913,3.232
9,Thu,13.49238,6.464
9,Thu,13.49486,4.722
9,Thu,13.50230,8.949
9,Thu,13.50449,5.267
9,Thu,13.50809,1.421
9,Thu,13.51408,3.215
9,Thu,13.52622,5.171
9,Thu,13.52940,4.386
9,Thu,13.53863,3.824
9,Thu,13.56638,3.220
9,Thu,13.57431,2.880
9,Thu,13.57903,3.223
9,Thu,13.57928,3.977
9,Thu,13.58661,1.769
9,Thu,13.59619,3.732
9,Thu,13.59936,7.837
9,Thu,13.61253,3.886
9,Thu,13.63926,2.212
9,Thu,13.65410,3.072
9,Thu,13.65831,3.870
9,Thu,13.66092,2.062
9,Thu,13.66938,7.002
9,Thu,13.70866,3.786
9,Thu,13.71198,4.518
9,Thu,13.71698,6.155
9,Thu,13.76511,1.234
9,Thu,13.78335,1.438
9,Thu,13.78674,10.930
9,Thu,13.79777,2.909
9,Thu,13.82496,3.693
9,Thu,13.83791,1.858
9,Thu,13.84185,1.046
9,Thu,13.84676,1.290
9,Thu,13.84752,3.196
9,Thu,13.85590,4.083
9,Thu,13.85806,0.914
9,Thu,13.87086,3.016
9,Thu,13.87765,6.079
9,Thu,13.88105,2.051
9,Thu,13.88657,1.280
9,Thu,13.89478,1.585
9,Thu,13.90868,1.091
9,Thu,13.91284,2.618
9,Thu,13.93148,3.149
9,Thu,13.94973,14.488
9,Thu,13.98586,1.387
9,Thu,13.99677,1.934
9,Thu,13.99862,4.774
9,Thu,14.00232,3.218
9,Thu,14.00318,2.240
9,Thu,14.05001,12.586
9,Thu,14.06460,2.755
9,Thu,14.06771,2.522
9,Thu,14.07531,1.253
9,Thu,14.08261,4.078
9,Thu,14.08821,0.818
9,Thu,14.13237,3.407
9,Thu,14.14176,1.446
9,Thu,14.14305,8.085
9,Thu,14.14688,9.014
9,Thu,14.15480,2.037
9,Thu,14.17908,0.000
9,Thu,14.17938,2.395
9,Thu,14.18880,5.714
9,Thu,14.23249,4.967
9,Thu,14.23422,6.154
9,Thu,14.23678,6.107
9,Thu,14.23780,1.608
9,Thu,14.26299,1.133
9,Thu,14.27087,3.385
9,Thu,14.27325,2.230
9,Thu,14.27497,1.175
9,Thu,14.29560,4.929
9,Thu,14.30116,1.007
9,Thu,14.30896,6.535
9,Thu,14.31169,4.161
9,Thu,14.32952,3.107
9,Thu,14.34203,2.961
9,Thu,14.35435,1.552
9,Thu,14.35668,3.171
9,Thu,14.36172,2.309
9,Thu,14.38114,5.318
9,Thu,14.38410,12.339
9,Thu,14.38448,2.482
9,Thu,14.39164,5.690
9,Thu,14.42714,1.469
9,Thu,14.43034,2.329
9,Thu,14.43629,1.709
9,Thu,14.43657,5.367
9,Thu,14.44376,2.578
9,Thu,14.45126,4.327
9,Thu,14.45206,1.877
9,Thu,14.46483,2.063
9,Thu,14.46657,5.766
9,Thu,14.47465,3.068
9,Thu,14.47652,3.558
9,Thu,14.50334,2.787
9,Thu,14.52741,1.764
9,Thu,14.52946,14.599
9,Thu,14.52987,3.986
9,Thu,14.53395,8.941
9,Thu,14.53442,5.668
9,Thu,14.55320,3.994
9,Thu,14.55972,1.583
9,Thu,14.56431,4.860
9,Thu,14.57379,1.507
9,Thu,14.57801,1.813
9,Thu,14.57946,4.172
9,Thu,14.58843,7.959
9,Thu,14.59510,1.652
9,Thu,14.59723,2.383
9,Thu,14.59952,4.391
9,Thu,14.60631,2.391
9,Thu,14.61833,4.373
9,Thu,14.62755,1.349
9,Thu,14.63166,2.210
9,Thu,14.64789,3.110
9,Thu,14.65310,3.038
9,Thu,14.65896,3.591
9,Thu,14.66297,4.731
9,Thu,14.70428,1.619
9,Thu,14.70530,1.157
9,Thu,14.71049,8.899
9,Thu,14.73125,2.653
9,Thu,14.73583,3.141
9,Thu,14.73809,1.013
9,Thu,14.75499,2.848
9,Thu,14.75836,3.392
9,Thu,14.78303,3.091
9,Thu,14.79820,3.331
9,Thu,14.80282,3.757
9,Thu,14.82843,1.935
9,Thu,14.83678,2.093
9,Thu,14.87663,1.797
9,Thu,14.92009,1.852
9,Thu,14.92691,19.589
9,Thu,14.92966,6.555
9,Thu,14.93016,1.412
9,Thu,14.95589,3.350
9,Thu,14.97265,5.678
9,Thu,14.97385,1.337
9,Thu,14.98106,5.483
9,Thu,14.98904,5.359
9,Thu,15.01477,3.771
9,Thu,15.01560,0.812
9,Thu,15.01565,3.865
9,Thu,15.02713,2.651
9,Thu,15.04881,1.107
9,Thu,15.05724,4.340
9,Thu,15.08215,1.529
9,Thu,15.08425,4.958
9,Thu,15.10808,3.822
9,Thu,15.12393,3.911
9,Thu,15.13245,2.880
9,Thu,15.13482,2.039
9,Thu,15.14399,13.161
9,Thu,15.16694,0.312
9,Thu,15.16894,5.256
9,Thu,15.18864,5.744
9,Thu,15.18956,5.163
9,Thu,15.21606,5.710
9,Thu,15.23172,5.892
9,Thu,15.23704,1.567
9,Thu,15.25514,4.889
9,Thu,15.26040,6.549
9,Thu,15.26390,8.541
9,Thu,15.26441,2.534
9,Thu,15.27835,7.764
9,Thu,15.27973,0.659
9,Thu,15.28759,1.407
9,Thu,15.29351,0.391
9,Thu,15.30579,2.851
9,Thu,15.31690,3.610
9,Thu,15.33502,0.812
9,Thu,15.35008,14.996
9,Thu,15.35560,9.309
9,Thu,15.36034,4.858
9,Thu,15.39959,6.569
9,Thu,15.42492,2.078
9,Thu,15.42632,1.025
9,Thu,15.43343,5.217
9,Thu,15.43956,5.536
9,Thu,15.48871,3.392
9,Thu,15.51548,1.634
9,Thu,15.52249,8.234
9,Thu,15.52261,5.149
9,Thu,15.52404,3.680
9,Thu,15.53147,0.882
9,Thu,15.54264,3.736
9,Thu,15.55190,3.163
9,Thu,15.57185,1.908
9,Thu,15.58564,1.700
9,Thu,15.59440,22.535
9,Thu,15.60026,1.180
9,Thu,15.60143,3.289
9,Thu,15.61071,4.485
9,Thu,15.61936,11.314
9,Thu,15.62165,5.493
9,Thu,15.62900,2.529
9,Thu,15.64254,7.014
9,Thu,15.65053,4.990
9,Thu,15.65360,2.541
9,Thu,15.66203,0.435
9,Thu,15.67279,2.527
9,Thu,15.67724,0.529
9,Thu,15.67984,2.360
9,Thu,15.69376,5.006
9,Thu,15.69423,5.483
9,Thu,15.69866,3.630
9,Thu,15.70816,2.499
9,Thu,15.71285,1.374
9,Thu,15.71698,5.282
9,Thu,15.71949,5.584
9,Thu,15.73559,4.495
9,Thu,15.74120,3.103
9,Thu,15.74942,3.721
9,Thu,15.75072,0.852
9,Thu,15.75951,1.646
9,Thu,15.76386,0.831
9,Thu,15.77037,0.845
9,Thu,15.79964,3.378
9,Thu,15.80023,6.343
9,Thu,15.80113,1.938
9,Thu,15.80871,4.517
9,Thu,15.82926,1.402
9,Thu,15.83377,3.648
9,Thu,15.84381,7.053
9,Thu,15.84698,7.900
9,Thu,15.85171,4.590
9,Thu,15.85775,1.239
9,Thu,15.87582,2.701
9,Thu,15.88201,7.092
9,Thu,15.89009,19.070
9,Thu,15.90010,3.021
9,Thu,15.90533,6.814
9,Thu,15.91387,2.577
9,Thu,15.93986,2.831
9,Thu,15.94533,2.179
9,Thu,15.95779,0.928
9,Thu,15.96603,1.508
9,Thu,15.96632,0.312
9,Thu,16.01240,7.140
9,Thu,16.03750,12.040
9,Thu,16.04611,1.725
9,Thu,16.05245,5.373
9,Thu,16.05802,11.487
9,Thu,16.06152,3.674
9,Thu,16.09187,1.413
9,Thu,16.13172,2.009
9,Thu,16.13918,3.251
9,Thu,16.14289,3.464
9,Thu,16.14967,2.301
9,Thu,16.16504,2.863
9,Thu,16.18212,3.110
9,Thu,16.19651,3.230
9,Thu,16.20332,2.862
9,Thu,16.21764,2.224
9,Thu,16.23002,9.670
9,Thu,16.23107,5.045
9,Thu,16.24514,1.432
9,Thu,16.24973,3.523
9,Thu,16.25242,0.689
9,Thu,16.25464,2.915
9,Thu,16.25807,0.969
9,Thu,16.25898,0.663
9,Thu,16.26272,2.603
9,Thu,16.26691,4.252
9,Thu,16.27813,8.538
9,Thu,16.29214,0.000
9,Thu,16.29911,3.225
9,Thu,16.31022,2.487
9,Thu,16.31733,1.379
9,Thu,16.32272,2.228
9,Thu,16.33132,6.060
9,Thu,16.36311,9.641
9,Thu,16.36935,8.664
9,Thu,16.37931,4.969
9,Thu,16.43827,1.507
9,Thu,16.44686,0.887
9,Thu,16.44709,3.223
9,Thu,16.47758,6.684
9,Thu,16.48970,10.869
9,Thu,16.50297,9.578
9,Thu,16.52194,2.758
9,Thu,16.54279,12.092
9,Thu,16.58745,4.486
9,Thu,16.58781,2.308
9,Thu,16.59877,0.731
9,Thu,16.61107,3.783
9,Thu,16.62223,6.355
9,Thu,16.62478,6.176
9,Thu,16.63110,4.804
9,Thu,16.64608,2.253
9,Thu,16.73695,1.775
9,Thu,16.76170,1.705
9,Thu,16.83412,2.929
9,Thu,16.86058,1.916
9,Thu,16.87624,2.094
9,Thu,16.89321,3.044
9,Thu,16.89589,1.360
9,Thu,16.93333,6.365
9,Thu,16.94062,7.392
9,Thu,16.96373,4.618
9,Thu,16.97712,8.157
9,Thu,16.98212,5.926
9,Thu,16.98776,3.953
9,Thu,16.98935,0.907
9,Thu,16.99203,9.196
9,Thu,17.03599,8.523
9,Thu,17.04100,3.482
9,Thu,17.04696,1.138
9,Thu,17.04845,12.369
9,Thu,17.06074,3.597
9,Thu,17.06416,4.024
9,Thu,17.06627,8.571
9,Thu,17.08810,4.252
9,Thu,17.09363,1.664
9,Thu,17.10007,5.540
9,Thu,17.10474,2.332
9,Thu,17.10967,2.345
9,Thu,17.12339,4.639
9,Thu,17.12447,0.884
9,Thu,17.13375,4.997
9,Thu,17.15761,2.268
9,Thu,17.16377,1.204
9,Thu,17.16718,1.808
9,Thu,17.21731,3.101
9,Thu,17.23302,4.439
9,Thu,17.26438,3.262
9,Thu,17.26558,1.630
9,Thu,17.27182,3.139
9,Thu,17.32861,1.279
9,Thu,17.34528,10.221
9,Thu,17.37021,4.332
9,Thu,17.40763,4.835
9,Thu,17.42047,12.218
9,Thu,17.45409,1.385
9,Thu,17.52192,2.368
9,Thu,17.52918,10.253
9,Thu,17.57836,3.264
9,Thu,17.60531,3.385
9,Thu,17.60742,5.102
9,Thu,17.61524,4.223
9,Thu,17.65973,1.996
9,Thu,17.66920,5.131
9,Thu,17.67281,10.923
9,Thu,17.67606,4.115
9,Thu,17.68801,4.187
9,Thu,17.72023,3.637
9,Thu,17.75061,5.064
9,Thu,17.78765,3.217
9,Thu,17.79624,0.774
9,Thu,17.81441,3.605
9,Thu,17.81874,7.133
9,Thu,17.82458,3.742
9,Thu,17.83916,3.543
9,Thu,17.92328,2.609
9,Thu,17.92536,3.611
9,Thu,17.92690,11.808
9,Thu,17.94104,0.456
9,Thu,17.95139,7.800
9,Thu,17.97865,1.517
9,Thu,17.99921,2.077
9,Thu,18.01834,4.424
9,Thu,18.04605,11.328
9,Thu,18.06868,8.211
9,Thu,18.08101,3.869
9,Thu,18.08461,2.243
9,Thu,18.09948,3.130
9,Thu,18.11689,3.355
9,Thu,18.12735,7.767
9,Thu,18.14346,0.946
9,Thu,18.15149,5.651
9,Thu,18.16329,6.259
9,Thu,18.17073,9.456
9,Thu,18.20786,2.464
9,Thu,18.24660,2.176
9,Thu,18.25293,7.345
9,Thu,18.26019,3.870
9,Thu,18.26208,2.879
9,Thu,18.27070,1.598
9,Thu,18.28174,1.987
9,Thu,18.31174,4.232
9,Thu,18.33458,6.394
9,Thu,18.34901,2.015
9,Thu,18.35413,4.626
9,Thu,18.41408,1.571
9,Thu,18.42229,10.753
9,Thu,18.42347,2.436
9,Thu,18.42817,2.929
9,Thu,18.43137,4.670
9,Thu,18.43344,4.664
9,Thu,18.43850,1.772
9,Thu,18.45966,5.326
9,Thu,18.51921,0.789
9,Thu,18.54744,3.272
9,Thu,18.58034,4.281
9,Thu,18.60900,4.302
9,Thu,18.61371,2.953
9,Thu,18.62442,3.202
9,Thu,18.63717,2.799
9,Thu,18.66132,2.059
9,Thu,18.67720,1.486
9,Thu,18.71427,3.319
9,Thu,18.73730,5.004
9,Thu,18.76312,9.687
9,Thu,18.79010,1.067
9,Thu,18.79022,6.248
9,Thu,18.79212,3.485
9,Thu,18.79490,3.102
9,Thu,18.80503,3.273
9,Thu,18.82029,2.183
9,Thu,18.85584,3.138
9,Thu,18.86473,2.652
9,Thu,18.87473,2.258
9,Thu,18.88687,0.441
9,Thu,18.90133,5.545
9,Thu,18.94041,2.308
9,Thu,18.94354,1.839
9,Thu,18.94586,0.548
9,Thu,18.95821,1.515
9,Thu,18.99662,2.282
9,Thu,19.00616,2.566
9,Thu,19.04205,2.730
9,Thu,19.05632,2.768
9,Thu,19.10481,0.565
9,Thu,19.12058,2.239
9,Thu,19.13559,6.224
9,Thu,19.22736,1.498
9,Thu,19.24155,0.806
9,Thu,19.25109,3.897
9,Thu,19.26874,2.277
9,Thu,19.27684,2.917
9,Thu,19.28028,2.564
9,Thu,19.33194,3.477
9,Thu,19.35455,3.912
9,Thu,19.42215,5.432
9,Thu,19.42945,1.675
9,Thu,19.44870,7.131
9,Thu,19.48632,7.763
9,Thu,19.49347,1.755
9,Thu,19.51807,1.703
9,Thu,19.54571,2.140
9,Thu,19.55192,2.416
9,Thu,19.59951,1.065
9,Thu,19.62497,4.367
9,Thu,19.65990,2.931
9,Thu,19.66371,2.656
9,Thu,19.71049,5.533
9,Thu,19.72476,9.853
9,Thu,19.75350,11.362
9,Thu,19.78559,3.163
9,Thu,19.80195,4.634
9,Thu,19.80504,3.887
9,Thu,19.80698,2.534
9,Thu,19.81107,2.159
9,Thu,19.81152,1.857
9,Thu,19.81747,3.898
9,Thu,19.82971,1.032
9,Thu,19.87365,3.754
9,Thu,19.88958,4.993
9,Thu,19.90028,10.327
9,Thu,19.92909,2.293
9,Thu,19.94046,2.360
9,Thu,19.94094,4.594
9,Thu,19.95159,3.491
9,Thu,19.97871,2.614
9,Thu,19.99029,5.407
9,Thu,19.99441,3.000
10,Fri,8.01316,5.823
10,Fri,8.01439,4.412
10,Fri,8.01557,7.279
10,Fri,8.02024,1.673
10,Fri,8.02424,4.299
10,Fri,8.02898,1.941
10,Fri,8.05026,1.010
10,Fri,8.08239,4.077
10,Fri,8.08667,2.228
10,Fri,8.09104,2.796
10,Fri,8.10071,2.848
10,Fri,8.13715,2.990
10,Fri,8.13715,3.614
10,Fri,8.14121,2.303
10,Fri,8.17123,4.591
10,Fri,8.18987,4.250
10,Fri,8.20975,2.390
10,Fri,8.24660,3.668
10,Fri,8.26531,1.580
10,Fri,8.26959,1.818
10,Fri,8.29686,2.169
10,Fri,8.33008,1.782
10,Fri,8.34138,4.874
10,Fri,8.34607,1.528
10,Fri,8.35782,3.617
10,Fri,8.36353,3.576
10,Fri,8.39942,3.053
10,Fri,8.43146,1.400
10,Fri,8.43632,5.717
10,Fri,8.47294,4.201
10,Fri,8.47795,2.541
10,Fri,8.51354,1.605
10,Fri,8.52969,4.752
10,Fri,8.54022,2.723
10,Fri,8.54044,8.706
10,Fri,8.54300,5.773
10,Fri,8.55627,2.133
10,Fri,8.55819,6.067
10,Fri,8.56632,5.650
10,Fri,8.58118,2.242
10,Fri,8.58798,2.633
10,Fri,8.59220,4.590
10,Fri,8.62280,1.187
10,Fri,8.63240,2.477
10,Fri,8.64542,2.461
10,Fri,8.64632,4.788
10,Fri,8.64719,5.331
10,Fri,8.66047,1.519
10,Fri,8.66529,1.756
10,Fri,8.66771,3.864
10,Fri,8.70109,2.570
10,Fri,8.71124,1.431
10,Fri,8.71206,3.370
10,Fri,8.71295,15.079
10,Fri,8.74049,2.223
10,Fri,8.74369,3.749
10,Fri,8.77014,2.477
10,Fri,8.77874,1.883
10,Fri,8.78186,2.432
10,Fri,8.80388,7.287
10,Fri,8.80572,2.652
10,Fri,8.81016,5.311
10,Fri,8.82858,4.376
10,Fri,8.86150,2.640
10,Fri,8.87470,3.244
10,Fri,8.87551,7.633
10,Fri,8.91197,3.439
10,Fri,8.91349,3.464
10,Fri,8.95638,1.705
10,Fri,8.97285,2.347
10,Fri,8.98576,5.374
10,Fri,8.99805,2.652
10,Fri,8.99912,3.691
10,Fri,8.99972,1.277
10,Fri,9.00011,6.852
10,Fri,9.00668,3.452
10,Fri,9.01924,5.222
10,Fri,9.04721,4.374
10,Fri,9.08442,2.931
10,Fri,9.08712,3.655
10,Fri,9.09300,3.108
10,Fri,9.13506,3.572
10,Fri,9.14324,3.524
10,Fri,9.17096,7.569
10,Fri,9.18088,6.079
10,Fri,9.20305,5.579
10,Fri,9.21575,1.693
10,Fri,9.21745,2.425
10,Fri,9.23426,4.281
10,Fri,9.25850,5.840
10,Fri,9.25906,1.501
10,Fri,9.26683,2.151
10,Fri,9.26735,1.973
10,Fri,9.30242,2.956
10,Fri,9.30832,2.067
10,Fri,9.31173,1.872
10,Fri,9.31184,4.002
10,Fri,9.31663,3.367
10,Fri,9.33047,4.472
10,Fri,9.33318,0.942
10,Fri,9.37468,8.026
10,Fri,9.40193,3.764
10,Fri,9.40236,9.245
10,Fri,9.40753,1.854
10,Fri,9.41077,7.876
10,Fri,9.41349,6.702
10,Fri,9.41890,3.412
10,Fri,9.42324,10.057
10,Fri,9.43170,9.836
10,Fri,9.43956,1.513
10,Fri,9.44868,3.350
10,Fri,9.45908,7.955
10,Fri,9.46230,2.811
10,Fri,9.46543,2.210
10,Fri,9.48610,5.442
10,Fri,9.50132,3.520
10,Fri,9.51132,1.354
10,Fri,9.51281,1.219
10,Fri,9.51355,0.000
10,Fri,9.51403,1.388
10,Fri,9.51898,6.301
10,Fri,9.52926,7.585
10,Fri,9.54485,4.173
10,Fri,9.55953,6.675
10,Fri,9.58180,4.153
10,Fri,9.58565,0.914
10,Fri,9.60334,2.170
10,Fri,9.61459,1.006
10,Fri,9.63390,3.537
10,Fri,9.64190,2.566
10,Fri,9.64377,6.448
10,Fri,9.66497,5.622
10,Fri,9.66964,3.688
10,Fri,9.68225,0.802
10,Fri,9.68809,4.581
10,Fri,9.69294,1.890
10,Fri,9.69596,2.841
10,Fri,9.69936,4.111
10,Fri,9.70691,11.069
10,Fri,9.70829,8.951
10,Fri,9.71312,1.639
10,Fri,9.71326,2.396
10,Fri,9.72085,3.697
10,Fri,9.72248,1.048
10,Fri,9.72379,2.673
10,Fri,9.73074,4.132
10,Fri,9.73414,2.257
10,Fri,9.73488,7.273
10,Fri,9.73672,2.489
10,Fri,9.74027,3.343
10,Fri,9.74462,4.434
10,Fri,9.76074,3.698
10,Fri,9.76516,4.721
10,Fri,9.77386,1.931
10,Fri,9.78563,13.197
10,Fri,9.79143,5.790
10,Fri,9.79388,3.474
10,Fri,9.80812,1.291
10,Fri,9.81989,11.128
10,Fri,9.82526,1.538
10,Fri,9.83000,2.180
10,Fri,9.83182,4.464
10,Fri,9.83295,3.739
10,Fri,9.83533,0.801
10,Fri,9.83854,4.962
10,Fri,9.84145,0.915
10,Fri,9.84315,3.811
10,Fri,9.84500,2.434
10,Fri,9.84658,0.000
10,Fri,9.86234,3.572
10,Fri,9.86810,4.752
10,Fri,9.88076,20.056
10,Fri,9.88261,5.621
10,Fri,9.88760,1.887
10,Fri,9.89061,0.785
10,Fri,9.89109,2.267
10,Fri,9.89306,6.895
10,Fri,9.89601,1.826
10,Fri,9.89818,4.959
10,Fri,9.90964,1.143
10,Fri,9.91211,0.879
10,Fri,9.91237,8.210
10,Fri,9.91469,6.279
10,Fri,9.92594,1.192
10,Fri,9.92820,1.791
10,Fri,9.93202,3.130
10,Fri,9.93247,4.245
10,Fri,9.95600,1.962
10,Fri,9.96831,4.836
10,Fri,9.96981,2.495
10,Fri,9.98525,2.891
10,Fri,9.98770,5.864
10,Fri,9.98954,3.748
10,Fri,9.99282,2.023
10,Fri,10.00960,2.699
10,Fri,10.02806,4.555
10,Fri,10.03348,2.300
10,Fri,10.03700,2.323
10,Fri,10.04304,1.338
10,Fri,10.05021,3.754
10,Fri,10.05529,4.017
10,Fri,10.06756,0.853
10,Fri,10.07532,2.726
10,Fri,10.07812,2.586
10,Fri,10.08331,10.561
10,Fri,10.08799,4.242
10,Fri,10.13574,3.154
10,Fri,10.14487,4.517
10,Fri,10.15024,3.608
10,Fri,10.15784,11.912
10,Fri,10.16317,10.415
10,Fri,10.16533,3.727
10,Fri,10.16995,1.664
10,Fri,10.17305,9.157
10,Fri,10.17665,1.936
10,Fri,10.18823,10.297
10,Fri,10.18967,1.824
10,Fri,10.19752,1.691
10,Fri,10.21292,11.341
10,Fri,10.21321,2.819
10,Fri,10.22433,2.555
10,Fri,10.22825,11.162
10,Fri,10.23267,4.095
10,Fri,10.23314,5.747
10,Fri,10.23342,2.737
10,Fri,10.25103,4.154
10,Fri,10.25804,0.849
10,Fri,10.27493,2.850
10,Fri,10.27702,1.620
10,Fri,10.27739,5.133
10,Fri,10.28441,4.328
10,Fri,10.31144,3.668
10,Fri,10.31656,4.761
10,Fri,10.31981,14.751
10,Fri,10.32789,1.532
10,Fri,10.33701,3.818
10,Fri,10.34062,2.861
10,Fri,10.35897,6.744
10,Fri,10.37675,1.234
10,Fri,10.38211,1.919
10,Fri,10.39419,3.907
10,Fri,10.39721,1.576
10,Fri,10.40283,4.209
10,Fri,10.41178,2.502
10,Fri,10.41180,2.151
10,Fri,10.41194,2.170
10,Fri,10.42986,1.726
10,Fri,10.43975,7.867
10,Fri,10.44551,5.616
10,Fri,10.45054,13.723
10,Fri,10.45056,1.449
10,Fri,10.45069,4.177
10,Fri,10.47936,0.913
10,Fri,10.48390,1.305
10,Fri,10.48482,1.319
10,Fri,10.49454,6.595
10,Fri,10.50191,4.134
10,Fri,10.50502,1.964
10,Fri,10.52700,3.326
10,Fri,10.53261,2.696
10,Fri,10.53428,2.360
10,Fri,10.55074,4.622
10,Fri,10.55402,1.526
10,Fri,10.58031,1.217
10,Fri,10.58248,3.504
10,Fri,10.59184,6.497
10,Fri,10.60382,3.731
10,Fri,10.60416,1.319
10,Fri,10.60471,1.680
10,Fri,10.60894,2.039
10,Fri,10.61577,2.485
10,Fri,10.63050,3.222
10,Fri,10.63301,4.586
10,Fri,10.63920,2.564
10,Fri,10.64278,2.691
10,Fri,10.64463,10.160
10,Fri,10.64983,3.396
10,Fri,10.66428,2.318
10,Fri,10.67224,2.153
10,Fri,10.67523,2.803
10,Fri,10.67737,4.211
10,Fri,10.68181,3.762
10,Fri,10.68438,2.055
10,Fri,10.68955,2.334
10,Fri,10.69250,5.288
10,Fri,10.70590,1.693
10,Fri,10.71616,6.124
10,Fri,10.71673,0.927
10,Fri,10.72379,2.238
10,Fri,10.72481,5.265
10,Fri,10.72837,4.383
10,Fri,10.74258,1.277
10,Fri,10.74573,2.593
10,Fri,10.75304,1.128
10,Fri,10.75570,6.333
10,Fri,10.76098,3.147
10,Fri,10.76442,1.679
10,Fri,10.77665,4.829
10,Fri,10.78201,4.578
10,Fri,10.79962,14.351
10,Fri,10.81012,1.295
10,Fri,10.81017,3.415
10,Fri,10.81129,5.596
10,Fri,10.81147,3.545
10,Fri,10.81342,4.450
10,Fri,10.82816,3.533
10,Fri,10.82872,6.829
10,Fri,10.83678,7.121
10,Fri,10.84174,2.758
10,Fri,10.84433,3.444
10,Fri,10.85548,0.561
10,Fri,10.86156,5.829
10,Fri,10.86419,7.384
10,Fri,10.86705,1.399
10,Fri,10.87004,1.222
10,Fri,10.87026,3.041
10,Fri,10.87487,4.973
10,Fri,10.88040,5.662
10,Fri,10.89840,0.910
10,Fri,10.90735,6.256
10,Fri,10.92238,1.698
10,Fri,10.93451,2.888
10,Fri,10.93581,1.838
10,Fri,10.94626,5.826
10,Fri,10.96907,4.025
10,Fri,10.97226,4.402
10,Fri,10.97698,1.836
10,Fri,10.98387,4.415
10,Fri,10.98867,5.600
10,Fri,10.99216,1.654
10,Fri,10.99821,7.003
10,Fri,11.00887,1.673
10,Fri,11.00904,1.374
10,Fri,11.01088,2.263
10,Fri,11.01263,4.675
10,Fri,11.01798,5.712
10,Fri,11.02906,1.212
10,Fri,11.03745,1.566
10,Fri,11.04120,3.299
10,Fri,11.04205,2.232
10,Fri,11.04343,3.971
10,Fri,11.05595,1.682
10,Fri,11.06605,3.757
10,Fri,11.07866,11.113
10,Fri,11.08800,3.366
10,Fri,11.08879,2.329
10,Fri,11.09059,5.317
10,Fri,11.09381,2.353
10,Fri,11.10155,2.552
10,Fri,11.10373,4.003
10,Fri,11.11071,0.926
10,Fri,11.12315,2.086
10,Fri,11.12384,2.109
10,Fri,11.12764,1.411
10,Fri,11.12988,1.479
10,Fri,11.13993,0.671
10,Fri,11.14067,1.858
10,Fri,11.14517,3.578
10,Fri,11.14526,11.048
10,Fri,11.15475,1.534
10,Fri,11.15506,1.335
10,Fri,11.15561,2.283
10,Fri,11.15570,1.333
10,Fri,11.16217,4.661
10,Fri,11.17328,0.600
10,Fri,11.17476,2.405
10,Fri,11.18934,10.186
10,Fri,11.20838,6.748
10,Fri,11.21294,3.802
10,Fri,11.23543,1.409
10,Fri,11.23902,3.684
10,Fri,11.24067,3.384
10,Fri,11.24092,1.857
10,Fri,11.28170,1.773
10,Fri,11.28406,1.164
10,Fri,11.28653,9.776
10,Fri,11.28784,3.153
10,Fri,11.31291,3.236
10,Fri,11.31378,2.909
10,Fri,11.31494,6.663
10,Fri,11.31549,4.914
10,Fri,11.32540,1.059
10,Fri,11.33462,4.222
10,Fri,11.36406,1.301
10,Fri,11.36964,4.175
10,Fri,11.40197,1.212
10,Fri,11.41836,5.431
10,Fri,11.42064,1.207
10,Fri,11.43190,2.728
10,Fri,11.45558,4.771
10,Fri,11.46163,2.587
10,Fri,11.47004,5.055
10,Fri,11.47217,7.665
10,Fri,11.48302,0.000
10,Fri,11.50480,2.801
10,Fri,11.51212,2.351
10,Fri,11.53381,6.844
10,Fri,11.53855,9.013
10,Fri,11.53888,7.607
10,Fri,11.54531,2.142
10,Fri,11.56907,6.162
10,Fri,11.57019,0.961
10,Fri,11.58894,0.785
10,Fri,11.59178,0.993
10,Fri,11.59868,1.915
10,Fri,11.60086,4.430
10,Fri,11.62863,1.636
10,Fri,11.62920,1.527
10,Fri,11.64743,4.087
10,Fri,11.64840,2.654
10,Fri,11.65584,1.303
10,Fri,11.67928,7.853
10,Fri,11.68084,3.169
10,Fri,11.69687,2.552
10,Fri,11.69996,2.060
10,Fri,11.70555,7.694
10,Fri,11.72019,3.315
10,Fri,11.72915,1.643
10,Fri,11.74760,1.755
10,Fri,11.74935,4.390
10,Fri,11.76999,7.837
10,Fri,11.80072,3.649
10,Fri,11.80926,0.000
10,Fri,11.82174,2.862
10,Fri,11.82905,2.201
10,Fri,11.83016,3.447
10,Fri,11.83746,3.710
10,Fri,11.84432,1.549
10,Fri,11.88142,5.181
10,Fri,11.88502,0.717
10,Fri,11.89709,1.318
10,Fri,11.91241,3.014
10,Fri,11.91334,5.985
10,Fri,11.91618,0.559
10,Fri,11.91708,10.962
10,Fri,11.94274,1.833
10,Fri,11.94465,2.512
10,Fri,11.96174,5.776
10,Fri,11.96559,1.626
10,Fri,11.97139,1.409
10,Fri,11.97426,1.949
10,Fri,11.97807,3.038
10,Fri,11.98573,1.268
10,Fri,11.99024,4.462
10,Fri,11.99832,9.098
10,Fri,12.02313,7.711
10,Fri,12.03264,2.267
10,Fri,12.04516,5.391
10,Fri,12.04783,3.541
10,Fri,12.06175,4.908
10,Fri,12.07072,1.426
10,Fri,12.08164,16.047
10,Fri,12.09759,4.557
10,Fri,12.10474,2.009
10,Fri,12.11619,1.278
10,Fri,12.12020,3.730
10,Fri,12.13993,8.331
10,Fri,12.14543,8.399
10,Fri,12.16910,1.578
10,Fri,12.17010,2.192
10,Fri,12.17257,4.920
10,Fri,12.19239,4.340
10,Fri,12.19963,1.469
10,Fri,12.21037,2.345
10,Fri,12.23986,9.260
10,Fri,12.24265,3.457
10,Fri,12.29259,2.813
10,Fri,12.32039,1.088
10,Fri,12.35507,2.968
10,Fri,12.35853,2.047
10,Fri,12.36155,5.426
10,Fri,12.37912,2.433
10,Fri,12.39180,1.197
10,Fri,12.39358,0.700
10,Fri,12.40119,2.761
10,Fri,12.40351,6.628
10,Fri,12.42608,3.140
10,Fri,12.43744,2.615
10,Fri,12.44668,0.000
10,Fri,12.45409,6.069
10,Fri,12.45497,1.846
10,Fri,12.46665,11.560
10,Fri,12.46739,1.570
10,Fri,12.49005,1.865
10,Fri,12.49448,1.611
10,Fri,12.51003,1.457
10,Fri,12.51393,8.937
10,Fri,12.51677,11.875
10,Fri,12.52241,2.619
10,Fri,12.52439,9.231
10,Fri,12.53177,7.749
10,Fri,12.56574,10.314
10,Fri,12.60210,2.436
10,Fri,12.60858,1.066
10,Fri,12.61840,2.743
10,Fri,12.62167,5.555
10,Fri,12.64911,3.060
10,Fri,12.65006,8.567
10,Fri,12.65305,3.596
10,Fri,12.65312,0.915
10,Fri,12.67775,4.889
10,Fri,12.69253,1.522
10,Fri,12.69383,2.921
10,Fri,12.72449,3.698
10,Fri,12.72451,2.066
10,Fri,12.73386,2.467
10,Fri,12.76003,3.130
10,Fri,12.78214,5.760
10,Fri,12.79889,1.393
10,Fri,12.81306,2.279
10,Fri,12.85209,1.465
10,Fri,12.87305,1.384
10,Fri,12.88378,2.074
10,Fri,12.88423,4.858
10,Fri,12.88480,8.044
10,Fri,12.90488,2.182
10,Fri,12.91866,4.933
10,Fri,12.93320,1.305
10,Fri,12.93652,9.524
10,Fri,12.93874,5.882
10,Fri,12.94852,1.731
10,Fri,12.95309,1.900
10,Fri,12.95823,1.596
10,Fri,12.97833,2.875
10,Fri,13.00383,1.488
10,Fri,13.02510,12.641
10,Fri,13.02736,3.436
10,Fri,13.02807,4.727
10,Fri,13.04079,2.020
10,Fri,13.04886,6.352
10,Fri,13.05136,1.077
10,Fri,13.06167,2.675
10,Fri,13.08610,8.143
10,Fri,13.08994,2.557
10,Fri,13.09255,6.001
10,Fri,13.10431,1.742
10,Fri,13.11196,1.779
10,Fri,13.11395,5.591
10,Fri,13.11479,8.542
10,Fri,13.12423,3.180
10,Fri,13.12579,1.236
10,Fri,13.12702,12.851
10,Fri,13.14600,5.513
10,Fri,13.14611,1.757
10,Fri,13.15232,3.258
10,Fri,13.18081,2.453
10,Fri,13.18729,1.072
10,Fri,13.18945,6.877
10,Fri,13.19040,2.388
10,Fri,13.19715,3.627
10,Fri,13.21647,2.411
10,Fri,13.22762,5.015
10,Fri,13.23607,2.737
10,Fri,13.24097,5.471
10,Fri,13.28213,2.886
10,Fri,13.28503,1.809
10,Fri,13.28913,2.809
10,Fri,13.30310,3.189
10,Fri,13.31273,1.798
10,Fri,13.31391,10.686
10,Fri,13.33009,6.504
10,Fri,13.33422,1.480
10,Fri,13.34150,3.540
10,Fri,13.35177,6.861
10,Fri,13.36672,3.483
10,Fri,13.37264,2.383
10,Fri,13.37625,7.004
10,Fri,13.37960,4.087
10,Fri,13.38320,4.119
10,Fri,13.38335,3.440
10,Fri,13.38433,3.870
10,Fri,13.38952,1.895
10,Fri,13.39442,3.668
10,Fri,13.40181,8.577
10,Fri,13.40941,1.636
10,Fri,13.41277,3.995
10,Fri,13.41587,2.464
10,Fri,13.41821,2.163
10,Fri,13.42035,3.103
10,Fri,13.42234,4.383
10,Fri,13.42435,1.557
10,Fri,13.43466,4.609
10,Fri,13.44905,2.247
10,Fri,13.45704,9.883
10,Fri,13.47048,6.686
10,Fri,13.47996,2.329
10,Fri,13.48127,3.990
10,Fri,13.48345,6.849
10,Fri,13.49919,7.099
10,Fri,13.50075,3.242
10,Fri,13.55915,1.771
10,Fri,13.56159,5.558
10,Fri,13.56226,5.888
10,Fri,13.58428,4.824
10,Fri,13.58533,6.279
10,Fri,13.58895,4.964
10,Fri,13.60537,5.324
10,Fri,13.60540,3.712
10,Fri,13.61172,1.684
10,Fri,13.62277,1.281
10,Fri,13.62371,0.858
10,Fri,13.63837,12.439
10,Fri,13.64502,2.931
10,Fri,13.65087,3.147
10,Fri,13.65836,4.988
10,Fri,13.66660,10.007
10,Fri,13.67242,6.412
10,Fri,13.67623,16.341
10,Fri,13.70126,1.040
10,Fri,13.72724,7.355
10,Fri,13.73525,2.723
10,Fri,13.73926,11.591
10,Fri,13.74263,3.333
10,Fri,13.74497,8.666
10,Fri,13.74875,8.865
10,Fri,13.75406,3.569
10,Fri,13.75540,2.961
10,Fri,13.77101,3.598
10,Fri,13.78438,2.620
10,Fri,13.78805,6.168
10,Fri,13.78906,6.074
10,Fri,13.79047,3.385
10,Fri,13.79213,2.492
10,Fri,13.80063,9.806
10,Fri,13.81111,1.609
10,Fri,13.81531,2.919
10,Fri,13.83446,2.304
10,Fri,13.83891,1.650
10,Fri,13.85657,2.375
10,Fri,13.86999,13.479
10,Fri,13.87294,12.338
10,Fri,13.88496,8.777
10,Fri,13.90614,1.511
10,Fri,13.90991,2.104
10,Fri,13.91436,1.356
10,Fri,13.92867,1.236
10,Fri,13.95018,7.293
10,Fri,13.97552,1.367
10,Fri,13.98694,4.369
10,Fri,13.98731,4.489
10,Fri,13.98905,1.909
10,Fri,13.99519,1.420
10,Fri,13.99813,1.845
10,Fri,14.00423,1.040
10,Fri,14.01195,5.003
10,Fri,14.02986,4.764
10,Fri,14.03491,8.479
10,Fri,14.04236,3.366
10,Fri,14.04613,2.401
10,Fri,14.05745,3.612
10,Fri,14.06538,2.752
10,Fri,14.07128,10.154
10,Fri,14.07215,2.423
10,Fri,14.07326,5.101
10,Fri,14.08032,7.338
10,Fri,14.08649,5.016
10,Fri,14.08925,9.171
10,Fri,14.11018,1.424
10,Fri,14.13344,6.244
10,Fri,14.14179,3.408
10,Fri,14.14686,2.611
10,Fri,14.15706,2.294
10,Fri,14.19467,2.833
10,Fri,14.19504,5.519
10,Fri,14.20529,1.705
10,Fri,14.20881,1.368
10,Fri,14.21808,8.331
10,Fri,14.23071,2.536
10,Fri,14.24465,1.309
10,Fri,14.24524,4.991
10,Fri,14.24555,5.254
10,Fri,14.26681,1.414
10,Fri,14.28057,3.318
10,Fri,14.28453,1.643
10,Fri,14.28895,2.536
10,Fri,14.29115,3.005
10,Fri,14.29345,2.940
10,Fri,14.30287,2.507
10,Fri,14.30866,4.309
10,Fri,14.31024,3.489
10,Fri,14.36118,1.486
10,Fri,14.36398,5.959
10,Fri,14.37025,4.821
10,Fri,14.38084,1.346
10,Fri,14.38330,4.775
10,Fri,14.42016,5.342
10,Fri,14.42199,0.834
10,Fri,14.42896,3.072
10,Fri,14.44490,2.493
10,Fri,14.44758,5.941
10,Fri,14.48424,2.288
10,Fri,14.48525,3.300
10,Fri,14.51583,5.265
10,Fri,14.55238,2.651
10,Fri,14.56667,1.094
10,Fri,14.57390,1.763
10,Fri,14.57406,4.861
10,Fri,14.58746,2.905
10,Fri,14.60281,3.059
10,Fri,14.61002,4.831
10,Fri,14.62754,4.602
10,Fri,14.63538,2.478
10,Fri,14.63675,4.233
10,Fri,14.63762,4.381
10,Fri,14.70434,4.552
10,Fri,14.70486,1.358
10,Fri,14.71219,3.762
10,Fri,14.72038,3.678
10,Fri,14.72116,8.522
10,Fri,14.73022,1.219
10,Fri,14.74330,3.775
10,Fri,14.74580,5.928
10,Fri,14.74898,6.129
10,Fri,14.74972,0.871
10,Fri,14.75172,0.889
10,Fri,14.76861,4.376
10,Fri,14.79034,1.478
10,Fri,14.79218,6.946
10,Fri,14.80932,1.975
10,Fri,14.82047,3.359
10,Fri,14.82198,4.580
10,Fri,14.82276,1.617
10,Fri,14.84188,2.395
10,Fri,14.85140,5.141
10,Fri,14.86427,1.992
10,Fri,14.86813,5.761
10,Fri,14.86842,7.051
10,Fri,14.88398,3.549
10,Fri,14.90055,4.087
10,Fri,14.90698,5.858
10,Fri,14.90947,1.155
10,Fri,14.91568,6.007
10,Fri,14.93740,3.881
10,Fri,14.95115,1.886
10,Fri,14.95764,9.860
10,Fri,14.96192,2.094
10,Fri,14.96799,2.401
10,Fri,14.98722,14.313
10,Fri,14.99185,5.835
10,Fri,14.99476,3.527
10,Fri,15.00196,11.456
10,Fri,15.00408,4.302
10,Fri,15.00766,6.646
10,Fri,15.00797,2.235
10,Fri,15.00910,1.108
10,Fri,15.03409,5.230
10,Fri,15.03415,1.895
10,Fri,15.06988,2.667
10,Fri,15.07512,2.614
10,Fri,15.08072,4.045
10,Fri,15.10430,5.654
10,Fri,15.12045,4.607
10,Fri,15.12233,7.279
10,Fri,15.17393,10.207
10,Fri,15.18145,2.495
10,Fri,15.19503,3.178
10,Fri,15.19526,3.142
10,Fri,15.20609,2.413
10,Fri,15.20768,2.837
10,Fri,15.22245,6.168
10,Fri,15.22734,4.720
10,Fri,15.23345,5.261
10,Fri,15.23850,1.146
10,Fri,15.24697,2.148
10,Fri,15.25014,1.958
10,Fri,15.25037,6.415
10,Fri,15.25288,3.309
10,Fri,15.25506,5.166
10,Fri,15.30191,2.563
10,Fri,15.31314,2.935
10,Fri,15.32079,13.383
10,Fri,15.32549,1.058
10,Fri,15.33153,2.756
10,Fri,15.36350,4.253
10,Fri,15.37108,1.747
10,Fri,15.37475,3.860
10,Fri,15.37671,8.594
10,Fri,15.37746,5.031
10,Fri,15.38527,2.988
10,Fri,15.38810,2.336
10,Fri,15.39618,11.819
10,Fri,15.39860,2.245
10,Fri,15.41595,4.849
10,Fri,15.43040,8.186
10,Fri,15.46642,1.542
10,Fri,15.46710,2.963
10,Fri,15.48556,2.471
10,Fri,15.49278,2.945
10,Fri,15.49874,6.834
10,Fri,15.50488,11.716
10,Fri,15.52137,1.888
10,Fri,15.52296,8.553
10,Fri,15.52924,3.409
10,Fri,15.53886,3.611
10,Fri,15.54922,4.880
10,Fri,15.61433,9.722
10,Fri,15.61454,4.874
10,Fri,15.69452,2.215
10,Fri,15.69456,13.205
10,Fri,15.70169,3.270
10,Fri,15.70513,7.269
10,Fri,15.71262,2.101
10,Fri,15.71451,1.196
10,Fri,15.72989,9.503
10,Fri,15.73598,1.995
10,Fri,15.73626,0.998
10,Fri,15.74567,2.935
10,Fri,15.77116,1.367
10,Fri,15.77152,8.135
10,Fri,15.77479,3.161
10,Fri,15.79977,8.737
10,Fri,15.81932,1.819
10,Fri,15.84191,6.403
10,Fri,15.84468,2.078
10,Fri,15.86628,2.560
10,Fri,15.87761,7.926
10,Fri,15.87842,2.277
10,Fri,15.87978,1.141
10,Fri,15.88178,4.322
10,Fri,15.91094,4.334
10,Fri,15.91209,6.170
10,Fri,15.91265,3.653
10,Fri,15.91492,5.659
10,Fri,15.92055,1.869
10,Fri,15.92109,1.960
10,Fri,15.93219,13.895
10,Fri,15.96140,5.439
10,Fri,15.96688,2.680
10,Fri,15.97485,4.147
10,Fri,15.97824,1.351
10,Fri,15.99399,3.749
10,Fri,16.00383,2.528
10,Fri,16.03204,1.592
10,Fri,16.05165,2.329
10,Fri,16.05275,2.860
10,Fri,16.05900,7.612
10,Fri,16.09538,4.317
10,Fri,16.09634,4.507
10,Fri,16.10524,4.741
10,Fri,16.10994,4.186
10,Fri,16.11629,10.204
10,Fri,16.11807,1.172
10,Fri,16.12840,3.654
10,Fri,16.12988,4.696
10,Fri,16.13251,6.298
10,Fri,16.13708,2.548
10,Fri,16.14157,3.546
10,Fri,16.14576,4.957
10,Fri,16.14740,5.796
10,Fri,16.15710,5.393
10,Fri,16.17436,2.226
10,Fri,16.18591,1.637
10,Fri,16.19235,1.504
10,Fri,16.19617,3.727
10,Fri,16.21125,8.228
10,Fri,16.26227,2.129
10,Fri,16.26651,4.449
10,Fri,16.27096,2.005
10,Fri,16.27447,3.364
10,Fri,16.30534,0.848
10,Fri,16.30553,1.796
10,Fri,16.31280,3.088
10,Fri,16.32116,1.648
10,Fri,16.32981,2.757
10,Fri,16.33859,1.840
10,Fri,16.34761,7.457
10,Fri,16.38245,2.594
10,Fri,16.39665,2.274
10,Fri,16.44044,6.041
10,Fri,16.44441,6.400
10,Fri,16.44563,3.046
10,Fri,16.45152,7.240
10,Fri,16.45404,1.612
10,Fri,16.45716,2.847
10,Fri,16.45835,2.958
10,Fri,16.46117,0.738
10,Fri,16.47498,3.751
10,Fri,16.48562,4.698
10,Fri,16.49588,1.697
10,Fri,16.50615,2.724
10,Fri,16.52872,5.214
10,Fri,16.54961,2.352
10,Fri,16.55029,5.873
10,Fri,16.55636,2.654
10,Fri,16.56294,8.022
10,Fri,16.57514,1.931
10,Fri,16.59020,3.337
10,Fri,16.59112,15.486
10,Fri,16.59213,1.677
10,Fri,16.62785,4.127
10,Fri,16.63152,1.202
10,Fri,16.68790,1.857
10,Fri,16.73731,8.468
10,Fri,16.75698,5.453
10,Fri,16.79400,1.083
10,Fri,16.79407,4.987
10,Fri,16.80406,10.029
10,Fri,16.81247,2.174
10,Fri,16.83927,5.595
10,Fri,16.85008,9.022
10,Fri,16.85049,4.603
10,Fri,16.85494,3.999
10,Fri,16.85915,7.779
10,Fri,16.89268,2.748
10,Fri,16.90339,3.269
10,Fri,16.90559,4.787
10,Fri,16.95799,3.086
10,Fri,16.97947,6.890
10,Fri,16.98164,3.560
10,Fri,16.98374,2.193
10,Fri,16.98555,3.878
10,Fri,16.99071,5.410
10,Fri,17.02240,0.745
10,Fri,17.03827,12.982
10,Fri,17.04372,4.465
10,Fri,17.11855,0.785
10,Fri,17.15124,2.163
10,Fri,17.16775,2.151
10,Fri,17.18599,2.922
10,Fri,17.19349,2.206
10,Fri,17.21477,3.662
10,Fri,17.22240,1.843
10,Fri,17.23253,2.061
10,Fri,17.23825,4.301
10,Fri,17.23904,4.934
10,Fri,17.23930,5.686
10,Fri,17.24956,8.203
10,Fri,17.25211,3.302
10,Fri,17.30608,1.340
10,Fri,17.46551,6.419
10,Fri,17.49614,3.465
10,Fri,17.53806,1.247
10,Fri,17.53907,4.136
10,Fri,17.55129,1.184
10,Fri,17.60574,2.343
10,Fri,17.60626,2.674
10,Fri,17.65149,2.788
10,Fri,17.71564,3.222
10,Fri,17.73719,1.247
10,Fri,17.74994,3.389
10,Fri,17.75500,8.124
10,Fri,17.76148,12.442
10,Fri,17.77126,3.492
10,Fri,17.77792,2.812
10,Fri,17.78197,1.249
10,Fri,17.79384,23.603
10,Fri,17.80862,3.271
10,Fri,17.82807,2.592
10,Fri,17.85084,3.007
10,Fri,17.86539,4.535
10,Fri,17.87138,7.310
10,Fri,17.87429,4.418
10,Fri,17.87778,1.563
10,Fri,17.92401,1.040
10,Fri,17.94473,8.996
10,Fri,17.99763,0.754
10,Fri,18.00188,6.493
10,Fri,18.01858,2.055
10,Fri,18.01982,3.575
10,Fri,18.02154,3.169
10,Fri,18.04645,3.005
10,Fri,18.06065,8.030
10,Fri,18.09481,3.643
10,Fri,18.13025,6.150
10,Fri,18.13428,4.505
10,Fri,18.13564,2.393
10,Fri,18.16122,6.293
10,Fri,18.20398,0.000
10,Fri,18.22252,1.411
10,Fri,18.26330,0.909
10,Fri,18.27704,1.002
10,Fri,18.28135,0.000
10,Fri,18.34939,4.270
10,Fri,18.40986,5.004
10,Fri,18.42831,4.970
10,Fri,18.50510,7.157
10,Fri,18.53241,3.448
10,Fri,18.53381,2.383
10,Fri,18.53704,21.350
10,Fri,18.53919,2.702
10,Fri,18.57314,0.933
10,Fri,18.64913,2.293
10,Fri,18.65169,2.485
10,Fri,18.65246,2.939
10,Fri,18.68727,4.403
10,Fri,18.68940,1.699
10,Fri,18.69942,2.053
10,Fri,18.74778,6.329
10,Fri,18.82804,1.287
10,Fri,18.83184,0.872
10,Fri,18.87900,4.029
10,Fri,18.88808,1.839
10,Fri,18.99165,1.232
10,Fri,19.01881,6.797
10,Fri,19.03151,5.140
10,Fri,19.07010,9.314
10,Fri,19.16074,2.830
10,Fri,19.16243,2.382
10,Fri,19.17966,6.055
10,Fri,19.25796,0.476
10,Fri,19.29235,1.374
10,Fri,19.31253,3.596
10,Fri,19.31309,6.830
10,Fri,19.33377,1.452
10,Fri,19.33787,3.540
10,Fri,19.34337,1.472
10,Fri,19.37758,2.216
10,Fri,19.38619,2.764
10,Fri,19.41618,1.626
10,Fri,19.45839,3.978
10,Fri,19.46526,1.727
10,Fri,19.47663,13.608
10,Fri,19.48353,2.992
10,Fri,19.49289,1.421
10,Fri,19.51160,2.468
10,Fri,19.59924,1.670
10,Fri,19.62557,1.724
10,Fri,19.63932,1.002
10,Fri,19.68902,0.704
10,Fri,19.75557,5.690
10,Fri,19.81380,1.043
10,Fri,19.92019,4.927
11,Mon,8.00446,2.807
11,Mon,8.01984,3.673
11,Mon,8.02455,1.789
11,Mon,8.02638,3.468
11,Mon,8.03861,2.369
11,Mon,8.04446,5.004
11,Mon,8.04715,2.955
11,Mon,8.06256,4.549
11,Mon,8.06693,1.870
11,Mon,8.07048,4.293
11,Mon,8.09459,13.993
11,Mon,8.11195,0.686
11,Mon,8.11875,2.715
11,Mon,8.14110,1.682
11,Mon,8.15734,7.971
11,Mon,8.16202,7.026
11,Mon,8.18876,1.538
11,Mon,8.19299,1.529
11,Mon,8.19501,2.613
11,Mon,8.21133,5.588
11,Mon,8.22098,2.806
11,Mon,8.23101,4.858
11,Mon,8.23583,1.888
11,Mon,8.27979,1.997
11,Mon,8.30286,6.366
11,Mon,8.30389,4.762
11,Mon,8.30745,8.845
11,Mon,8.32184,4.376
11,Mon,8.33315,3.592
11,Mon,8.37814,10.367
11,Mon,8.38837,8.269
11,Mon,8.39269,3.421
11,Mon,8.41595,5.771
11,Mon,8.43425,3.015
11,Mon,8.43959,1.006
11,Mon,8.44697,1.798
11,Mon,8.46286,10.921
11,Mon,8.46443,10.384
11,Mon,8.46585,1.205
11,Mon,8.47631,1.033
11,Mon,8.49158,0.996
11,Mon,8.49978,1.548
11,Mon,8.50603,5.452
11,Mon,8.50828,3.017
11,Mon,8.51424,6.232
11,Mon,8.54813,7.089
11,Mon,8.56154,10.080
11,Mon,8.57562,3.421
11,Mon,8.58957,2.746
11,Mon,8.60224,3.208
11,Mon,8.61540,9.324
11,Mon,8.61923,2.720
11,Mon,8.62479,5.421
11,Mon,8.63238,4.772
11,Mon,8.65998,7.596
11,Mon,8.66450,2.169
11,Mon,8.67753,2.188
11,Mon,8.68308,1.253
11,Mon,8.68878,2.656
11,Mon,8.69334,3.537
11,Mon,8.70740,1.768
11,Mon,8.71297,3.328
11,Mon,8.72743,5.237
11,Mon,8.74209,1.492
11,Mon,8.75353,10.235
11,Mon,8.75927,3.031
11,Mon,8.76280,7.251
11,Mon,8.78599,2.662
11,Mon,8.78606,3.068
11,Mon,8.82938,7.229
11,Mon,8.83552,3.001
11,Mon,8.83787,1.716
11,Mon,8.84848,1.641
11,Mon,8.85831,2.226
11,Mon,8.87153,0.934
11,Mon,8.87288,3.122
11,Mon,8.87626,1.941
11,Mon,8.92327,1.902
11,Mon,8.94007,4.172
11,Mon,8.94980,3.308
11,Mon,8.95333,3.250
11,Mon,8.95424,4.138
11,Mon,8.95498,1.826
11,Mon,8.96117,3.890
11,Mon,8.96478,3.302
11,Mon,8.97499,4.133
11,Mon,8.98207,2.454
11,Mon,8.98576,14.494
11,Mon,8.98808,10.452
11,Mon,8.99237,1.907
11,Mon,8.99940,5.144
11,Mon,9.02278,10.464
11,Mon,9.02904,5.408
11,Mon,9.03898,2.044
11,Mon,9.04379,3.374
11,Mon,9.06537,2.129
11,Mon,9.06715,8.015
11,Mon,9.07354,3.382
11,Mon,9.07866,4.844
11,Mon,9.07935,2.354
11,Mon,9.08246,1.287
11,Mon,9.08858,4.116
11,Mon,9.11289,1.918
11,Mon,9.12703,1.569
11,Mon,9.12874,2.192
11,Mon,9.13637,19.017
11,Mon,9.14139,2.588
11,Mon,9.14890,4.447
11,Mon,9.14934,1.379
11,Mon,9.16385,0.751
11,Mon,9.16434,0.323
11,Mon,9.16548,3.739
11,Mon,9.16890,3.405
11,Mon,9.17120,5.783
11,Mon,9.17649,0.760
11,Mon,9.17961,6.021
11,Mon,9.19065,4.981
11,Mon,9.19464,4.589
11,Mon,9.19755,1.611
11,Mon,9.21228,5.606
11,Mon,9.21649,2.723
11,Mon,9.24263,4.264
11,Mon,9.24427,4.128
11,Mon,9.26457,0.715
11,Mon,9.28551,1.929
11,Mon,9.29806,1.979
11,Mon,9.30091,1.283
11,Mon,9.30343,3.027
11,Mon,9.30605,1.369
11,Mon,9.30695,1.648
11,Mon,9.30949,4.198
11,Mon,9.31687,2.219
11,Mon,9.31696,6.559
11,Mon,9.32452,16.019
11,Mon,9.32645,5.952
11,Mon,9.34197,1.680
11,Mon,9.34536,12.790
11,Mon,9.34835,1.430
11,Mon,9.37298,2.071
11,Mon,9.37926,2.067
11,Mon,9.38654,1.916
11,Mon,9.39093,2.380
11,Mon,9.39901,4.572
11,Mon,9.41665,2.230
11,Mon,9.41974,3.203
11,Mon,9.42069,3.532
11,Mon,9.42534,3.025
11,Mon,9.42579,1.432
11,Mon,9.43655,3.133
11,Mon,9.43699,3.906
11,Mon,9.44133,2.060
11,Mon,9.46418,1.552
11,Mon,9.46437,3.283
11,Mon,9.46498,0.918
11,Mon,9.46673,3.186
11,Mon,9.47293,2.988
11,Mon,9.47354,5.406
11,Mon,9.47435,7.085
11,Mon,9.47760,2.913
11,Mon,9.47911,4.261
11,Mon,9.48420,2.489
11,Mon,9.48952,3.033
11,Mon,9.49636,2.060
11,Mon,9.50377,1.729
11,Mon,9.50731,2.266
11,Mon,9.50804,2.699
11,Mon,9.50892,18.857
11,Mon,9.51201,4.894
11,Mon,9.51750,1.789
11,Mon,9.52184,2.452
11,Mon,9.52560,0.603
11,Mon,9.53280,5.473
11,Mon,9.55109,0.905
11,Mon,9.56484,2.917
11,Mon,9.57169,2.425
11,Mon,9.62416,4.403
11,Mon,9.63043,2.500
11,Mon,9.63346,4.346
11,Mon,9.64852,2.527
11,Mon,9.64927,1.773
11,Mon,9.65088,6.589
11,Mon,9.65746,2.472
11,Mon,9.66782,2.275
11,Mon,9.67479,8.103
11,Mon,9.67590,1.427
11,Mon,9.68629,3.863
11,Mon,9.69130,2.954
11,Mon,9.69334,3.787
11,Mon,9.69429,6.242
11,Mon,9.70175,4.790
11,Mon,9.70951,8.205
11,Mon,9.71323,0.864
11,Mon,9.71703,2.328
11,Mon,9.71795,3.527
11,Mon,9.71863,1.592
11,Mon,9.71976,2.668
11,Mon,9.72761,8.837
11,Mon,9.73486,2.310
11,Mon,9.73515,8.070
11,Mon,9.75191,6.735
11,Mon,9.75627,3.775
11,Mon,9.76941,4.464
11,Mon,9.77010,1.214
11,Mon,9.77290,7.423
11,Mon,9.77649,1.703
11,Mon,9.77865,2.531
11,Mon,9.78337,1.859
11,Mon,9.78868,3.439
11,Mon,9.79012,2.068
11,Mon,9.79283,0.851
11,Mon,9.80886,1.285
11,Mon,9.81655,4.069
11,Mon,9.81689,3.417
11,Mon,9.82563,9.320
11,Mon,9.82819,10.345
11,Mon,9.83147,5.335
11,Mon,9.84410,2.652
11,Mon,9.84540,1.720
11,Mon,9.84664,2.339
11,Mon,9.84933,1.859
11,Mon,9.85006,3.231
11,Mon,9.85201,0.650
11,Mon,9.85544,3.960
11,Mon,9.85820,6.239
11,Mon,9.86176,1.930
11,Mon,9.86823,4.387
11,Mon,9.87394,8.785
11,Mon,9.88182,1.392
11,Mon,9.88421,10.085
11,Mon,9.88488,1.451
11,Mon,9.88792,3.271
11,Mon,9.89013,2.118
11,Mon,9.89939,3.126
11,Mon,9.90165,4.730
11,Mon,9.91005,1.295
11,Mon,9.91801,8.283
11,Mon,9.92584,4.224
11,Mon,9.93075,6.481
11,Mon,9.93227,4.487
11,Mon,9.93391,2.612
11,Mon,9.94376,0.668
11,Mon,9.95311,7.715
11,Mon,9.95504,7.202
11,Mon,9.95722,6.284
11,Mon,9.95974,5.140
11,Mon,9.96550,1.646
11,Mon,9.96774,4.788
11,Mon,9.96965,2.348
11,Mon,9.97896,2.391
11,Mon,10.00461,4.050
11,Mon,10.00535,3.673
11,Mon,10.01195,4.244
11,Mon,10.02428,7.069
11,Mon,10.02861,5.488
11,Mon,10.03660,5.449
11,Mon,10.03829,1.726
11,Mon,10.04784,9.815
11,Mon,10.04912,14.298
11,Mon,10.04954,5.543
11,Mon,10.06855,4.637
11,Mon,10.07391,8.510
11,Mon,10.07685,1.750
11,Mon,10.09225,3.708
11,Mon,10.09283,1.753
11,Mon,10.10099,3.390
11,Mon,10.10696,1.955
11,Mon,10.10739,3.381
11,Mon,10.12830,2.303
11,Mon,10.12911,1.663
11,Mon,10.13511,2.056
11,Mon,10.13862,8.084
11,Mon,10.14662,4.720
11,Mon,10.14830,3.281
11,Mon,10.15045,3.372
11,Mon,10.15186,2.537
11,Mon,10.15506,2.170
11,Mon,10.16037,3.807
11,Mon,10.16110,3.853
11,Mon,10.16191,2.609
11,Mon,10.16501,7.035
11,Mon,10.16561,3.911
11,Mon,10.17215,7.532
11,Mon,10.17252,9.981
11,Mon,10.20363,3.483
11,Mon,10.20511,1.774
11,Mon,10.20558,2.628
11,Mon,10.20763,7.560
11,Mon,10.21283,3.546
11,Mon,10.21296,1.788
11,Mon,10.21769,5.733
11,Mon,10.21803,8.988
11,Mon,10.21803,4.971
11,Mon,10.21988,10.367
11,Mon,10.23188,7.989
11,Mon,10.23453,2.128
11,Mon,10.24370,0.949
11,Mon,10.24672,3.991
11,Mon,10.24684,8.243
11,Mon,10.26779,2.171
11,Mon,10.27184,11.644
11,Mon,10.27474,0.743
11,Mon,10.27849,2.313
11,Mon,10.29085,8.293
11,Mon,10.29086,1.605
11,Mon,10.29164,1.205
11,Mon,10.29170,1.456
11,Mon,10.29871,12.452
11,Mon,10.30301,1.607
11,Mon,10.31788,1.093
11,Mon,10.32013,3.866
11,Mon,10.32323,5.284
11,Mon,10.32970,11.357
11,Mon,10.33358,5.067
11,Mon,10.33359,2.344
11,Mon,10.33496,5.189
11,Mon,10.33960,0.863
11,Mon,10.34218,1.006
11,Mon,10.34739,13.142
11,Mon,10.34879,6.278
11,Mon,10.36895,4.341
11,Mon,10.37138,4.000
11,Mon,10.37314,9.101
11,Mon,10.37356,2.419
11,Mon,10.37868,8.642
11,Mon,10.38055,1.092
11,Mon,10.39078,1.941
11,Mon,10.40152,4.663
11,Mon,10.40856,0.668
11,Mon,10.40885,10.229
11,Mon,10.41096,2.423
11,Mon,10.41155,0.696
11,Mon,10.41846,1.893
11,Mon,10.42158,6.113
11,Mon,10.43021,0.495
11,Mon,10.43154,3.642
11,Mon,10.43412,3.451
11,Mon,10.43418,2.563
11,Mon,10.44460,3.226
11,Mon,10.45119,6.855
11,Mon,10.45577,6.100
11,Mon,10.47690,6.303
11,Mon,10.48480,1.462
11,Mon,10.48551,1.567
11,Mon,10.48616,4.102
11,Mon,10.49685,4.577
11,Mon,10.50837,3.516
11,Mon,10.51412,4.071
11,Mon,10.51628,4.760
11,Mon,10.51956,9.413
11,Mon,10.52246,2.682
11,Mon,10.52358,4.595
11,Mon,10.52711,2.496
11,Mon,10.52968,6.710
11,Mon,10.53777,6.426
11,Mon,10.54134,2.351
11,Mon,10.54144,13.210
11,Mon,10.55213,3.771
11,Mon,10.55354,3.779
11,Mon,10.55805,4.151
11,Mon,10.55982,3.560
11,Mon,10.56898,2.688
11,Mon,10.58825,2.489
11,Mon,10.59501,2.984
11,Mon,10.60371,3.896
11,Mon,10.60588,6.204
11,Mon,10.61189,1.223
11,Mon,10.61334,5.999
11,Mon,10.62256,4.936
11,Mon,10.62755,10.193
11,Mon,10.62961,2.274
11,Mon,10.63596,3.325
11,Mon,10.63782,7.843
11,Mon,10.64269,1.201
11,Mon,10.64881,1.786
11,Mon,10.65011,1.810
11,Mon,10.65348,6.823
11,Mon,10.67706,2.121
11,Mon,10.68424,4.489
11,Mon,10.69161,5.025
11,Mon,10.69428,1.914
11,Mon,10.71239,1.205
11,Mon,10.71712,3.929
11,Mon,10.72033,2.172
11,Mon,10.72558,1.631
11,Mon,10.73002,1.672
11,Mon,10.74491,2.112
11,Mon,10.75941,6.893
11,Mon,10.77310,3.438
11,Mon,10.77883,1.852
11,Mon,10.78037,7.044
11,Mon,10.78426,3.917
11,Mon,10.78473,10.335
11,Mon,10.78728,6.574
11,Mon,10.80447,4.705
11,Mon,10.81032,5.345
11,Mon,10.81446,5.022
11,Mon,10.82658,2.081
11,Mon,10.83269,2.755
11,Mon,10.83569,3.110
11,Mon,10.83725,7.991
11,Mon,10.84115,7.422
11,Mon,10.85640,0.755
11,Mon,10.85939,2.273
11,Mon,10.86107,1.652
11,Mon,10.86610,1.504
11,Mon,10.87724,2.254
11,Mon,10.87885,4.516
11,Mon,10.88498,1.215
11,Mon,10.88980,2.782
11,Mon,10.89016,3.642
11,Mon,10.89305,0.864
11,Mon,10.89904,6.396
11,Mon,10.90382,2.818
11,Mon,10.90641,7.882
11,Mon,10.90921,5.451
11,Mon,10.91222,0.608
11,Mon,10.91591,4.365
11,Mon,10.91739,1.391
11,Mon,10.91952,2.015
11,Mon,10.92980,2.295
11,Mon,10.93077,1.108
11,Mon,10.93277,7.803
11,Mon,10.93663,5.445
11,Mon,10.94130,3.084
11,Mon,10.94142,2.465
11,Mon,10.94224,3.105
11,Mon,10.95435,3.079
11,Mon,10.96479,5.431
11,Mon,10.96766,3.192
11,Mon,10.97225,1.828
11,Mon,10.97464,3.479
11,Mon,10.99296,3.369
11,Mon,10.99419,0.000
11,Mon,10.99423,1.438
11,Mon,10.99685,3.296
11,Mon,10.99728,5.215
11,Mon,11.00240,1.301
11,Mon,11.00627,0.919
11,Mon,11.01829,1.871
11,Mon,11.02151,5.755
11,Mon,11.02287,1.701
11,Mon,11.03123,3.594
11,Mon,11.03554,0.931
11,Mon,11.05932,4.278
11,Mon,11.06867,3.095
11,Mon,11.07073,4.676
11,Mon,11.07447,4.415
11,Mon,11.08246,5.446
11,Mon,11.08354,1.758
11,Mon,11.09312,2.052
11,Mon,11.09734,1.923
11,Mon,11.09927,2.780
11,Mon,11.10799,2.511
11,Mon,11.10921,1.230
11,Mon,11.11555,2.945
11,Mon,11.11700,4.960
11,Mon,11.14136,2.362
11,Mon,11.14361,5.082
11,Mon,11.14571,2.320
11,Mon,11.15419,3.198
11,Mon,11.16391,1.316
11,Mon,11.17248,4.570
11,Mon,11.17470,3.262
11,Mon,11.18265,3.708
11,Mon,11.18641,1.658
11,Mon,11.18643,3.208
11,Mon,11.19399,1.421
11,Mon,11.19909,1.447
11,Mon,11.19917,4.015
11,Mon,11.19937,6.284
11,Mon,11.22363,3.431
11,Mon,11.22823,4.170
11,Mon,11.25989,3.032
11,Mon,11.26657,3.373
11,Mon,11.26757,3.542
11,Mon,11.27435,12.184
11,Mon,11.30179,3.979
11,Mon,11.32562,0.812
11,Mon,11.33017,2.301
11,Mon,11.33433,4.585
11,Mon,11.33565,1.098
11,Mon,11.33702,0.000
11,Mon,11.34478,1.011
11,Mon,11.34530,6.452
11,Mon,11.34712,4.388
11,Mon,11.34814,5.551
11,Mon,11.35455,2.299
11,Mon,11.36562,5.868
11,Mon,11.36982,2.574
11,Mon,11.37484,0.972
11,Mon,11.37699,1.467
11,Mon,11.37794,2.900
11,Mon,11.38253,1.430
11,Mon,11.39238,6.650
11,Mon,11.39379,2.286
11,Mon,11.40233,9.163
11,Mon,11.40369,0.892
11,Mon,11.44213,5.980
11,Mon,11.44691,2.593
11,Mon,11.44901,3.888
11,Mon,11.45924,4.285
11,Mon,11.46059,1.698
11,Mon,11.46090,5.791
11,Mon,11.48862,6.946
11,Mon,11.49266,3.053
11,Mon,11.49860,3.269
11,Mon,11.50385,3.930
11,Mon,11.51251,1.057
11,Mon,11.51903,3.081
11,Mon,11.52238,11.105
11,Mon,11.52639,6.706
11,Mon,11.52701,9.497
11,Mon,11.52892,0.601
11,Mon,11.54231,3.654
11,Mon,11.54251,1.832
11,Mon,11.54445,6.781
11,Mon,11.55027,1.194
11,Mon,11.56567,4.477
11,Mon,11.57100,8.967
11,Mon,11.58022,0.449
11,Mon,11.59322,2.554
11,Mon,11.59414,1.251
11,Mon,11.59427,1.044
11,Mon,11.60621,1.890
11,Mon,11.61750,1.666
11,Mon,11.63826,1.424
11,Mon,11.64616,4.242
11,Mon,11.65315,3.827
11,Mon,11.66290,1.087
11,Mon,11.67388,1.931
11,Mon,11.68459,1.374
11,Mon,11.68465,1.916
11,Mon,11.68466,3.426
11,Mon,11.70627,8.282
11,Mon,11.72227,5.679
11,Mon,11.73200,4.325
11,Mon,11.73633,1.751
11,Mon,11.74621,2.157
11,Mon,11.75879,1.715
11,Mon,11.77039,13.156
11,Mon,11.77359,1.743
11,Mon,11.77410,1.805
11,Mon,11.77914,8.765
11,Mon,11.78617,4.331
11,Mon,11.79092,3.283
11,Mon,11.79433,1.198
11,Mon,11.80131,4.539
11,Mon,11.80643,1.219
11,Mon,11.80667,0.880
11,Mon,11.81758,14.554
11,Mon,11.82033,2.775
11,Mon,11.82366,9.124
11,Mon,11.82677,1.823
11,Mon,11.84100,4.893
11,Mon,11.84257,5.321
11,Mon,11.84389,1.370
11,Mon,11.85038,5.572
11,Mon,11.85047,4.213
11,Mon,11.85069,2.887
11,Mon,11.85234,2.147
11,Mon,11.85338,6.604
11,Mon,11.85559,1.860
11,Mon,11.85565,5.012
11,Mon,11.85785,3.082
11,Mon,11.86039,2.931
11,Mon,11.86497,1.596
11,Mon,11.87006,7.838
11,Mon,11.87732,5.164
11,Mon,11.88647,11.903
11,Mon,11.88995,5.533
11,Mon,11.89591,4.040
11,Mon,11.93057,11.310
11,Mon,11.93072,6.178
11,Mon,11.93771,2.651
11,Mon,11.96106,2.479
11,Mon,11.97717,2.471
11,Mon,11.98273,2.287
11,Mon,11.98289,0.532
11,Mon,12.00067,1.496
11,Mon,12.00374,7.910
11,Mon,12.00684,5.840
11,Mon,12.01644,15.104
11,Mon,12.01734,3.658
11,Mon,12.02623,0.879
11,Mon,12.04055,1.860
11,Mon,12.05530,2.810
11,Mon,12.05896,4.662
11,Mon,12.07403,1.097
11,Mon,12.08236,2.681
11,Mon,12.08748,4.942
11,Mon,12.08813,4.132
11,Mon,12.08938,12.570
11,Mon,12.10202,1.333
11,Mon,12.10686,1.300
11,Mon,12.11366,3.887
11,Mon,12.13255,1.934
11,Mon,12.13709,2.010
11,Mon,12.13826,3.063
11,Mon,12.14099,6.807
11,Mon,12.14374,2.846
11,Mon,12.15263,5.104
11,Mon,12.15812,2.982
11,Mon,12.16103,4.757
11,Mon,12.16695,6.541
11,Mon,12.17232,4.748
11,Mon,12.17625,1.798
11,Mon,12.21147,3.908
11,Mon,12.22287,3.465
11,Mon,12.24922,2.055
11,Mon,12.25279,0.907
11,Mon,12.25421,5.573
11,Mon,12.25917,5.343
11,Mon,12.28691,9.239
11,Mon,12.29017,1.599
11,Mon,12.29813,1.681
11,Mon,12.30316,7.164
11,Mon,12.30870,5.886
11,Mon,12.31800,2.621
11,Mon,12.32340,1.548
11,Mon,12.32545,1.467
11,Mon,12.33116,4.147
11,Mon,12.33231,2.894
11,Mon,12.33250,2.092
11,Mon,12.33416,2.888
11,Mon,12.35405,2.289
11,Mon,12.36090,0.864
11,Mon,12.36267,9.375
11,Mon,12.38303,4.899
11,Mon,12.39753,1.122
11,Mon,12.40136,1.422
11,Mon,12.41495,10.832
11,Mon,12.42962,5.740
11,Mon,12.43257,6.737
11,Mon,12.43943,1.726
11,Mon,12.46149,4.641
11,Mon,12.46484,2.800
11,Mon,12.47471,6.458
11,Mon,12.48015,6.283
11,Mon,12.48296,4.198
11,Mon,12.48735,5.917
11,Mon,12.50689,15.024
11,Mon,12.51528,11.046
11,Mon,12.52590,3.227
11,Mon,12.53462,4.165
11,Mon,12.54234,1.173
11,Mon,12.56291,5.585
11,Mon,12.56480,8.912
11,Mon,12.57206,0.178
11,Mon,12.58073,1.875
11,Mon,12.58525,4.905
11,Mon,12.60697,1.184
11,Mon,12.61860,2.908
11,Mon,12.62089,0.894
11,Mon,12.62233,4.126
11,Mon,12.62941,2.006
11,Mon,12.64419,2.431
11,Mon,12.67883,1.165
11,Mon,12.68288,2.364
11,Mon,12.68550,2.218
11,Mon,12.68900,3.468
11,Mon,12.69484,1.683
11,Mon,12.69797,2.973
11,Mon,12.70470,6.453
11,Mon,12.70850,6.521
11,Mon,12.70972,3.135
11,Mon,12.71566,3.230
11,Mon,12.71990,2.971
11,Mon,12.72492,2.782
11,Mon,12.72844,1.723
11,Mon,12.73933,3.399
11,Mon,12.75422,0.773
11,Mon,12.76029,7.023
11,Mon,12.76783,3.065
11,Mon,12.77093,4.115
11,Mon,12.77366,6.403
11,Mon,12.77745,7.152
11,Mon,12.77759,4.614
11,Mon,12.78614,2.406
11,Mon,12.79187,10.221
11,Mon,12.80970,3.314
11,Mon,12.82863,8.744
11,Mon,12.83219,1.477
11,Mon,12.83631,2.480
11,Mon,12.83635,5.216
11,Mon,12.84004,1.230
11,Mon,12.84510,5.247
11,Mon,12.84679,5.180
11,Mon,12.84831,2.215
11,Mon,12.85734,1.356
11,Mon,12.86786,3.262
11,Mon,12.87134,0.951
11,Mon,12.88311,6.452
11,Mon,12.88340,5.270
11,Mon,12.90644,1.433
11,Mon,12.90940,1.117
11,Mon,12.91319,1.716
11,Mon,12.93404,3.027
11,Mon,12.94007,3.906
11,Mon,12.96769,8.851
11,Mon,12.97035,2.758
11,Mon,12.97731,1.622
11,Mon,13.00085,2.160
11,Mon,13.00200,2.706
11,Mon,13.03135,1.128
11,Mon,13.03784,7.716
11,Mon,13.05191,0.746
11,Mon,13.05836,16.075
11,Mon,13.09719,0.901
11,Mon,13.12549,4.472
11,Mon,13.13655,2.401
11,Mon,13.14162,2.981
11,Mon,13.15677,3.820
11,Mon,13.15826,1.894
11,Mon,13.17864,1.246
11,Mon,13.19075,4.537
11,Mon,13.20292,1.470
11,Mon,13.20455,4.168
11,Mon,13.20679,1.935
11,Mon,13.21194,13.579
11,Mon,13.21565,1.780
11,Mon,13.21598,2.018
11,Mon,13.22748,1.801
11,Mon,13.29093,3.077
11,Mon,13.29246,2.915
11,Mon,13.30732,1.912
11,Mon,13.31329,1.843
11,Mon,13.32157,0.000
11,Mon,13.33386,3.733
11,Mon,13.33418,2.537
11,Mon,13.34335,24.116
11,Mon,13.34338,5.898
11,Mon,13.34877,2.072
11,Mon,13.35957,5.086
11,Mon,13.39094,2.674
11,Mon,13.40599,0.890
11,Mon,13.41261,1.890
11,Mon,13.41397,3.165
11,Mon,13.43715,1.423
11,Mon,13.43887,4.449
11,Mon,13.44471,5.922
11,Mon,13.45093,3.437
11,Mon,13.50914,2.311
11,Mon,13.51157,6.092
11,Mon,13.53093,3.195
11,Mon,13.54959,4.361
11,Mon,13.58655,3.472
11,Mon,13.59280,2.252
11,Mon,13.59319,5.262
11,Mon,13.59601,2.007
11,Mon,13.59634,3.715
11,Mon,13.60134,1.221
11,Mon,13.60337,4.167
11,Mon,13.60842,3.383
11,Mon,13.60908,3.029
11,Mon,13.61744,3.781
11,Mon,13.64717,1.126
11,Mon,13.65773,1.331
11,Mon,13.66329,2.717
11,Mon,13.66384,15.548
11,Mon,13.69802,4.007
11,Mon,13.71069,3.701
11,Mon,13.72184,0.662
11,Mon,13.72837,4.397
11,Mon,13.73958,1.461
11,Mon,13.75080,1.393
11,Mon,13.75441,2.147
11,Mon,13.75535,1.777
11,Mon,13.75958,1.448
11,Mon,13.78206,2.113
11,Mon,13.78215,1.209
11,Mon,13.78553,1.337
11,Mon,13.79270,2.834
11,Mon,13.81276,2.966
11,Mon,13.81668,0.617
11,Mon,13.81886,3.049
11,Mon,13.83763,3.244
11,Mon,13.85286,5.098
11,Mon,13.89376,0.986
11,Mon,13.92786,2.587
11,Mon,13.93054,1.536
11,Mon,13.93714,4.921
11,Mon,13.93832,3.420
11,Mon,13.94536,5.014
11,Mon,13.95243,2.327
11,Mon,13.96290,2.450
11,Mon,13.96645,5.108
11,Mon,13.97269,5.343
11,Mon,13.97280,1.058
11,Mon,13.99773,9.494
11,Mon,14.00365,8.007
11,Mon,14.01296,5.826
11,Mon,14.01380,0.698
11,Mon,14.02489,2.044
11,Mon,14.03393,2.525
11,Mon,14.04834,15.701
11,Mon,14.05556,2.020
11,Mon,14.05838,1.639
11,Mon,14.06311,2.302
11,Mon,14.07038,1.696
11,Mon,14.08618,4.892
11,Mon,14.09124,2.648
11,Mon,14.09373,3.148
11,Mon,14.10145,10.722
11,Mon,14.11644,1.603
11,Mon,14.11931,1.900
11,Mon,14.12182,2.390
11,Mon,14.13674,20.587
11,Mon,14.13719,2.117
11,Mon,14.14776,6.137
11,Mon,14.16025,6.613
11,Mon,14.16573,6.557
11,Mon,14.16604,1.404
11,Mon,14.16720,3.309
11,Mon,14.16816,1.629
11,Mon,14.19161,2.024
11,Mon,14.19496,1.558
11,Mon,14.20062,1.168
11,Mon,14.20072,1.868
11,Mon,14.22708,5.526
11,Mon,14.22767,2.298
11,Mon,14.22771,2.606
11,Mon,14.22940,3.978
11,Mon,14.23210,4.366
11,Mon,14.23403,5.732
11,Mon,14.24289,6.924
11,Mon,14.24663,2.769
11,Mon,14.24735,6.903
11,Mon,14.25462,1.780
11,Mon,14.25858,2.559
11,Mon,14.26887,2.859
11,Mon,14.28099,5.189
11,Mon,14.28895,3.120
11,Mon,14.29543,0.000
11,Mon,14.32706,2.983
11,Mon,14.33205,2.687
11,Mon,14.35591,8.958
11,Mon,14.36222,0.704
11,Mon,14.38478,5.097
11,Mon,14.38895,3.221
11,Mon,14.38938,6.306
11,Mon,14.40228,2.666
11,Mon,14.40819,2.837
11,Mon,14.43448,5.895
11,Mon,14.43582,5.077
11,Mon,14.44808,1.193
11,Mon,14.45018,2.683
11,Mon,14.45734,4.807
11,Mon,14.46721,1.961
11,Mon,14.46888,2.475
11,Mon,14.47208,1.669
11,Mon,14.47283,3.432
11,Mon,14.50638,1.798
11,Mon,14.50811,1.009
11,Mon,14.51129,20.049
11,Mon,14.51568,7.753
11,Mon,14.52682,4.152
11,Mon,14.52698,2.443
11,Mon,14.53008,4.473
11,Mon,14.53804,3.676
11,Mon,14.54423,7.295
11,Mon,14.54741,4.977
11,Mon,14.58980,3.199
11,Mon,14.61069,1.403
11,Mon,14.62247,1.026
11,Mon,14.64313,4.366
11,Mon,14.64514,9.170
11,Mon,14.66301,0.555
11,Mon,14.67123,13.387
11,Mon,14.68865,6.818
11,Mon,14.71153,2.800
11,Mon,14.71988,4.766
11,Mon,14.72397,8.721
11,Mon,14.73310,2.735
11,Mon,14.73625,2.284
11,Mon,14.74188,6.995
11,Mon,14.74333,5.774
11,Mon,14.76129,2.330
11,Mon,14.76883,2.316
11,Mon,14.79607,13.354
11,Mon,14.79815,1.992
11,Mon,14.80340,3.318
11,Mon,14.80558,8.872
11,Mon,14.80711,2.276
11,Mon,14.83258,1.168
11,Mon,14.85083,3.935
11,Mon,14.85295,4.472
11,Mon,14.85471,4.678
11,Mon,14.85830,1.935
11,Mon,14.86207,3.790
11,Mon,14.86823,3.603
11,Mon,14.88950,3.404
11,Mon,14.89017,2.830
11,Mon,14.89216,41.348
11,Mon,14.91490,6.921
11,Mon,14.92507,1.681
11,Mon,14.92682,2.871
11,Mon,14.92946,5.157
11,Mon,14.93295,1.769
11,Mon,14.93551,2.504
11,Mon,14.94769,3.995
11,Mon,14.95361,2.041
11,Mon,14.95632,3.771
11,Mon,14.96004,5.715
11,Mon,14.97256,2.772
11,Mon,15.00025,1.834
11,Mon,15.01990,1.979
11,Mon,15.02124,3.591
11,Mon,15.02515,1.617
11,Mon,15.03158,2.733
11,Mon,15.03523,1.568
11,Mon,15.04143,1.752
11,Mon,15.05006,5.195
11,Mon,15.05559,4.920
11,Mon,15.06569,2.116
11,Mon,15.08832,1.410
11,Mon,15.09072,3.168
11,Mon,15.09418,4.907
11,Mon,15.11415,3.874
11,Mon,15.12958,3.699
11,Mon,15.13509,4.320
11,Mon,15.13669,6.588
11,Mon,15.13764,1.279
11,Mon,15.14312,5.931
11,Mon,15.15381,5.132
11,Mon,15.16062,0.687
11,Mon,15.17150,2.115
11,Mon,15.18299,5.241
11,Mon,15.19686,9.197
11,Mon,15.20547,5.743
11,Mon,15.20650,2.835
11,Mon,15.20814,1.923
11,Mon,15.21656,2.657
11,Mon,15.22321,4.157
11,Mon,15.23821,6.552
11,Mon,15.23886,2.201
11,Mon,15.25390,0.927
11,Mon,15.25762,3.612
11,Mon,15.26052,6.166
11,Mon,15.26174,2.719
11,Mon,15.26800,0.734
11,Mon,15.26812,5.163
11,Mon,15.27598,2.425
11,Mon,15.31385,1.942
11,Mon,15.32071,2.220
11,Mon,15.32091,1.192
11,Mon,15.32764,2.869
11,Mon,15.33386,2.617
11,Mon,15.35851,2.482
11,Mon,15.35952,2.758
11,Mon,15.37154,6.635
11,Mon,15.37414,2.393
11,Mon,15.37693,2.440
11,Mon,15.38015,0.977
11,Mon,15.38284,0.658
11,Mon,15.38534,6.012
11,Mon,15.39168,2.671
11,Mon,15.39746,3.963
11,Mon,15.40770,4.419
11,Mon,15.41772,4.112
11,Mon,15.41984,7.663
11,Mon,15.43264,2.714
11,Mon,15.48376,5.100
11,Mon,15.49116,1.344
11,Mon,15.49683,2.568
11,Mon,15.51072,2.386
11,Mon,15.51555,2.804
11,Mon,15.51607,5.659
11,Mon,15.51792,2.492
11,Mon,15.52448,15.593
11,Mon,15.52463,4.552
11,Mon,15.52551,1.457
11,Mon,15.53228,1.173
11,Mon,15.53691,1.039
11,Mon,15.56313,1.773
11,Mon,15.57719,6.294
11,Mon,15.57900,1.289
11,Mon,15.59697,4.047
11,Mon,15.60147,2.552
11,Mon,15.64091,1.332
11,Mon,15.64261,1.564
11,Mon,15.66071,4.992
11,Mon,15.66568,0.915
11,Mon,15.69110,4.304
11,Mon,15.69335,3.910
11,Mon,15.70352,1.925
11,Mon,15.70433,3.229
11,Mon,15.70608,4.021
11,Mon,15.71096,2.916
11,Mon,15.71584,6.101
11,Mon,15.71847,4.156
11,Mon,15.71975,14.014
11,Mon,15.72179,1.078
11,Mon,15.72792,4.057
11,Mon,15.72794,2.138
11,Mon,15.73517,3.499
11,Mon,15.74015,1.912
11,Mon,15.75672,1.436
11,Mon,15.76234,1.958
11,Mon,15.77982,10.067
11,Mon,15.78001,3.533
11,Mon,15.78447,8.920
11,Mon,15.80274,2.372
11,Mon,15.80279,3.614
11,Mon,15.81610,5.338
11,Mon,15.81678,3.315
11,Mon,15.84386,3.729
11,Mon,15.85113,5.061
11,Mon,15.87099,3.127
11,Mon,15.90743,2.475
11,Mon,15.90924,6.039
11,Mon,15.92761,3.409
11,Mon,15.93456,5.555
11,Mon,15.94512,1.766
11,Mon,15.94790,1.780
11,Mon,15.94920,8.946
11,Mon,15.95759,4.569
11,Mon,15.96884,2.773
11,Mon,15.97884,4.025
11,Mon,15.98658,2.366
11,Mon,15.99514,2.493
11,Mon,15.99739,3.442
11,Mon,16.00582,0.845
11,Mon,16.00889,1.015
11,Mon,16.01423,5.210
11,Mon,16.04742,2.999
11,Mon,16.06151,2.330
11,Mon,16.06318,4.787
11,Mon,16.06543,1.101
11,Mon,16.08393,2.979
11,Mon,16.08522,6.090
11,Mon,16.08856,8.852
11,Mon,16.10084,2.869
11,Mon,16.11634,5.107
11,Mon,16.11871,4.589
11,Mon,16.12845,2.066
11,Mon,16.13185,6.868
11,Mon,16.13914,2.233
11,Mon,16.17287,3.555
11,Mon,16.18375,2.869
11,Mon,16.19867,6.799
11,Mon,16.20824,2.633
11,Mon,16.21110,1.066
11,Mon,16.21557,2.961
11,Mon,16.22033,2.843
11,Mon,16.22712,1.392
11,Mon,16.28367,5.292
11,Mon,16.29153,1.263
11,Mon,16.29755,1.570
11,Mon,16.30126,0.773
11,Mon,16.30660,6.589
11,Mon,16.31322,5.254
11,Mon,16.32942,6.964
11,Mon,16.35184,0.997
11,Mon,16.40714,2.244
11,Mon,16.41034,10.502
11,Mon,16.41919,3.053
11,Mon,16.44417,2.311
11,Mon,16.44665,2.667
11,Mon,16.44932,2.527
11,Mon,16.45135,0.876
11,Mon,16.45221,6.525
11,Mon,16.46178,5.038
11,Mon,16.47564,3.101
11,Mon,16.47597,3.342
11,Mon,16.48372,1.269
11,Mon,16.49112,3.142
11,Mon,16.49347,8.554
11,Mon,16.50664,6.587
11,Mon,16.52802,1.978
11,Mon,16.53624,3.327
11,Mon,16.53676,5.718
11,Mon,16.53934,0.861
11,Mon,16.54371,2.664
11,Mon,16.55810,6.544
11,Mon,16.59101,1.180
11,Mon,16.65361,2.389
11,Mon,16.65819,1.108
11,Mon,16.67903,4.642
11,Mon,16.68180,1.933
11,Mon,16.70517,2.016
11,Mon,16.70709,4.216
11,Mon,16.71204,2.196
11,Mon,16.71759,2.134
11,Mon,16.73072,2.844
11,Mon,16.73869,1.235
11,Mon,16.76189,5.163
11,Mon,16.76511,5.850
11,Mon,16.83686,3.060
11,Mon,16.84265,5.988
11,Mon,16.84497,3.692
11,Mon,16.85290,1.968
11,Mon,16.86129,6.030
11,Mon,16.86623,1.928
11,Mon,16.86871,13.453
11,Mon,16.89800,2.060
11,Mon,16.90494,1.348
11,Mon,16.92751,5.639
11,Mon,16.94616,5.927
11,Mon,16.95069,6.373
11,Mon,16.97718,2.351
11,Mon,16.99478,3.305
11,Mon,17.01338,1.764
11,Mon,17.08466,6.908
11,Mon,17.09678,5.033
11,Mon,17.12046,1.619
11,Mon,17.13427,3.958
11,Mon,17.13484,1.060
11,Mon,17.13757,4.256
11,Mon,17.13837,3.837
11,Mon,17.13956,3.028
11,Mon,17.14930,3.496
11,Mon,17.17040,5.978
11,Mon,17.17324,2.775
11,Mon,17.20424,0.880
11,Mon,17.22865,4.479
11,Mon,17.31461,5.769
11,Mon,17.38374,3.612
11,Mon,17.38882,1.306
11,Mon,17.39106,1.259
11,Mon,17.40054,2.486
11,Mon,17.41223,0.792
11,Mon,17.42410,9.150
11,Mon,17.42619,5.659
11,Mon,17.44286,4.095
11,Mon,17.46613,8.138
11,Mon,17.48047,1.310
11,Mon,17.49121,5.169
11,Mon,17.49948,7.738
11,Mon,17.54546,4.179
11,Mon,17.54676,3.691
11,Mon,17.58703,3.185
11,Mon,17.60125,1.080
11,Mon,17.60967,3.114
11,Mon,17.61480,2.968
11,Mon,17.62378,2.072
11,Mon,17.67906,0.924
11,Mon,17.69268,0.882
11,Mon,17.69558,6.399
11,Mon,17.69941,2.265
11,Mon,17.70881,2.358
11,Mon,17.73854,2.114
11,Mon,17.74378,5.841
11,Mon,17.74390,6.887
11,Mon,17.75259,1.260
11,Mon,17.75482,0.777
11,Mon,17.76307,0.429
11,Mon,17.77869,6.264
11,Mon,17.82969,2.368
11,Mon,17.83204,5.237
11,Mon,17.83221,13.348
11,Mon,17.84144,3.831
11,Mon,17.91537,4.522
11,Mon,17.95688,4.274
11,Mon,17.95943,5.719
11,Mon,17.96772,2.650
11,Mon,17.97194,1.528
11,Mon,17.99760,6.328
11,Mon,18.08313,4.056
11,Mon,18.08637,2.152
11,Mon,18.11334,2.976
11,Mon,18.13114,1.746
11,Mon,18.13288,1.862
11,Mon,18.18371,4.797
11,Mon,18.21393,2.489
11,Mon,18.22143,3.809
11,Mon,18.26581,2.494
11,Mon,18.26585,1.632
11,Mon,18.27940,2.529
11,Mon,18.28165,4.887
11,Mon,18.33494,2.381
11,Mon,18.35187,3.340
11,Mon,18.43298,1.970
11,Mon,18.44785,1.036
11,Mon,18.45512,3.205
11,Mon,18.45621,3.420
11,Mon,18.47813,1.317
11,Mon,18.51815,1.630
11,Mon,18.54767,5.088
11,Mon,18.56177,5.835
11,Mon,18.60714,3.792
11,Mon,18.61931,2.625
11,Mon,18.74855,4.549
11,Mon,18.77352,2.891
11,Mon,18.80241,4.073
11,Mon,18.80283,3.180
11,Mon,18.81128,3.139
11,Mon,18.83254,6.815
11,Mon,18.84895,3.607
11,Mon,18.85593,4.690
11,Mon,18.86214,0.908
11,Mon,18.88205,2.093
11,Mon,18.88564,6.192
11,Mon,18.90341,5.477
11,Mon,18.92312,3.769
11,Mon,18.96804,3.598
11,Mon,18.98456,1.436
11,Mon,19.01941,5.917
11,Mon,19.03829,4.989
11,Mon,19.06277,4.053
11,Mon,19.06918,1.788
11,Mon,19.07133,6.534
11,Mon,19.07179,2.931
11,Mon,19.08064,2.247
11,Mon,19.09966,0.842
11,Mon,19.11130,2.870
11,Mon,19.11483,6.171
11,Mon,19.12497,0.801
11,Mon,19.12588,1.598
11,Mon,19.16289,2.635
11,Mon,19.17919,2.507
11,Mon,19.19626,4.110
11,Mon,19.22690,18.410
11,Mon,19.27504,1.514
11,Mon,19.29605,2.961
11,Mon,19.31629,3.925
11,Mon,19.33520,4.777
11,Mon,19.34043,2.381
11,Mon,19.34645,5.465
11,Mon,19.36482,2.420
11,Mon,19.40543,5.429
11,Mon,19.42369,4.278
11,Mon,19.43836,2.087
11,Mon,19.51128,2.352
11,Mon,19.53915,1.901
11,Mon,19.56693,2.643
11,Mon,19.58746,3.857
11,Mon,19.60339,2.283
11,Mon,19.60506,3.011
11,Mon,19.64739,3.089
11,Mon,19.65445,2.658
11,Mon,19.66031,6.826
11,Mon,19.66571,7.027
11,Mon,19.69201,2.825
11,Mon,19.72407,6.043
11,Mon,19.74735,5.638
11,Mon,19.78938,2.656
11,Mon,19.81603,1.390
11,Mon,19.82111,2.226
11,Mon,19.82684,1.828
11,Mon,19.85951,8.156
11,Mon,19.86749,2.456
11,Mon,19.86921,3.657
12,Tue,8.01770,10.907
12,Tue,8.03091,4.471
12,Tue,8.06475,2.399
12,Tue,8.08480,3.310
12,Tue,8.09433,12.401
12,Tue,8.11727,7.044
12,Tue,8.14153,25.005
12,Tue,8.20075,0.627
12,Tue,8.20685,7.052
12,Tue,8.21832,1.190
12,Tue,8.22061,5.964
12,Tue,8.23049,2.111
12,Tue,8.26892,2.180
12,Tue,8.27482,2.738
12,Tue,8.28133,3.328
12,Tue,8.30094,2.107
12,Tue,8.33171,5.035
12,Tue,8.34306,6.259
12,Tue,8.35429,1.423
12,Tue,8.37670,1.369
12,Tue,8.40100,1.494
12,Tue,8.40757,3.124
12,Tue,8.41796,3.168
12,Tue,8.44898,2.680
12,Tue,8.44969,2.364
12,Tue,8.48321,2.309
12,Tue,8.49714,0.955
12,Tue,8.50107,3.576
12,Tue,8.50175,5.130
12,Tue,8.55298,2.862
12,Tue,8.55753,13.157
12,Tue,8.56168,3.409
12,Tue,8.57720,11.029
12,Tue,8.58647,4.003
12,Tue,8.60712,3.089
12,Tue,8.62348,4.959
12,Tue,8.68316,4.423
12,Tue,8.70048,3.990
12,Tue,8.70222,3.737
12,Tue,8.70710,1.852
12,Tue,8.72419,2.187
12,Tue,8.77364,4.855
12,Tue,8.78531,5.968
12,Tue,8.81603,3.823
12,Tue,8.82016,4.363
12,Tue,8.83422,12.947
12,Tue,8.83641,20.670
12,Tue,8.84621,6.377
12,Tue,8.84737,7.715
12,Tue,8.86910,4.895
12,Tue,8.88773,5.468
12,Tue,8.91358,3.912
12,Tue,8.91579,7.719
12,Tue,8.92709,1.803
12,Tue,8.92941,7.803
12,Tue,8.93255,2.466
12,Tue,8.93994,0.790
12,Tue,8.94012,7.545
12,Tue,8.95832,4.500
12,Tue,9.03175,3.381
12,Tue,9.03267,2.316
12,Tue,9.03294,3.377
12,Tue,9.03948,2.970
12,Tue,9.04591,1.898
12,Tue,9.04975,2.069
12,Tue,9.08177,2.792
12,Tue,9.10373,5.700
12,Tue,9.11179,1.742
12,Tue,9.11218,5.637
12,Tue,9.13252,3.800
12,Tue,9.13309,2.210
12,Tue,9.13711,3.580
12,Tue,9.13769,5.366
12,Tue,9.14791,1.695
12,Tue,9.15692,1.753
12,Tue,9.19879,1.375
12,Tue,9.21131,5.037
12,Tue,9.21641,0.477
12,Tue,9.23804,3.295
12,Tue,9.24201,10.345
12,Tue,9.25452,15.567
12,Tue,9.25518,3.037
12,Tue,9.25836,2.349
12,Tue,9.25982,0.947
12,Tue,9.27236,1.444
12,Tue,9.27274,4.221
12,Tue,9.27514,2.530
12,Tue,9.28941,2.399
12,Tue,9.29845,2.315
12,Tue,9.30309,6.347
12,Tue,9.31795,3.195
12,Tue,9.31816,0.844
12,Tue,9.33312,3.930
12,Tue,9.33896,3.638
12,Tue,9.33912,2.868
12,Tue,9.34838,3.240
12,Tue,9.35452,3.409
12,Tue,9.36364,2.063
12,Tue,9.36459,1.140
12,Tue,9.37415,2.554
12,Tue,9.38863,3.871
12,Tue,9.38912,2.958
12,Tue,9.39824,6.804
12,Tue,9.40819,5.277
12,Tue,9.42189,1.981
12,Tue,9.42552,1.753
12,Tue,9.44359,8.125
12,Tue,9.45569,2.814
12,Tue,9.47395,3.050
12,Tue,9.48876,5.242
12,Tue,9.50703,5.862
12,Tue,9.51379,3.193
12,Tue,9.52792,4.362
12,Tue,9.53998,2.006
12,Tue,9.54308,0.000
12,Tue,9.54476,7.190
12,Tue,9.55102,3.536
12,Tue,9.55123,1.613
12,Tue,9.55439,0.898
12,Tue,9.55789,8.923
12,Tue,9.56042,2.382
12,Tue,9.56328,3.751
12,Tue,9.57096,3.339
12,Tue,9.57132,0.886
12,Tue,9.57200,8.378
12,Tue,9.58469,2.071
12,Tue,9.59072,2.367
12,Tue,9.63326,3.077
12,Tue,9.63383,2.001
12,Tue,9.65097,5.529
12,Tue,9.65210,6.064
12,Tue,9.66430,1.657
12,Tue,9.67134,5.240
12,Tue,9.69601,1.779
12,Tue,9.69707,1.035
12,Tue,9.70376,1.596
12,Tue,9.70896,1.317
12,Tue,9.71054,2.104
12,Tue,9.72230,3.187
12,Tue,9.72491,1.004
12,Tue,9.74145,3.085
12,Tue,9.74464,3.989
12,Tue,9.75904,1.685
12,Tue,9.75940,0.774
12,Tue,9.76101,2.838
12,Tue,9.77943,1.202
12,Tue,9.79789,2.070
12,Tue,9.79998,2.802
12,Tue,9.81089,1.536
12,Tue,9.82317,6.275
12,Tue,9.83781,5.647
12,Tue,9.84350,2.602
12,Tue,9.85681,1.667
12,Tue,9.86969,2.605
12,Tue,9.89269,2.080
12,Tue,9.90142,1.324
12,Tue,9.91496,2.577
12,Tue,9.91528,1.793
12,Tue,9.93058,1.238
12,Tue,9.93388,5.886
12,Tue,9.93458,1.755
12,Tue,9.94349,1.048
12,Tue,9.94568,16.289
12,Tue,9.95120,1.831
12,Tue,9.95405,1.477
12,Tue,9.95803,10.263
12,Tue,9.96050,1.860
12,Tue,9.96336,5.790
12,Tue,9.96592,3.129
12,Tue,9.96598,7.140
12,Tue,9.96602,2.681
12,Tue,9.97370,3.885
12,Tue,9.97910,9.595
12,Tue,9.99120,4.353
12,Tue,9.99712,1.358
12,Tue,10.00040,2.953
12,Tue,10.00198,3.299
12,Tue,10.00568,1.616
12,Tue,10.00664,2.313
12,Tue,10.01470,3.827
12,Tue,10.01800,8.969
12,Tue,10.01828,3.588
12,Tue,10.01872,19.403
12,Tue,10.03073,1.966
12,Tue,10.04712,3.529
12,Tue,10.04783,3.050
12,Tue,10.04988,3.354
12,Tue,10.05167,0.732
12,Tue,10.05976,4.688
12,Tue,10.06934,5.647
12,Tue,10.08009,5.352
12,Tue,10.08320,1.812
12,Tue,10.08441,2.164
12,Tue,10.08490,3.574
12,Tue,10.11508,2.429
12,Tue,10.12132,2.134
12,Tue,10.13543,0.968
12,Tue,10.13746,3.202
12,Tue,10.13850,1.578
12,Tue,10.14145,11.194
12,Tue,10.14520,7.554
12,Tue,10.14649,6.928
12,Tue,10.15490,8.070
12,Tue,10.15738,1.512
12,Tue,10.16537,0.575
12,Tue,10.17319,5.882
12,Tue,10.17628,9.364
12,Tue,10.17861,7.982
12,Tue,10.17993,0.811
12,Tue,10.18481,1.876
12,Tue,10.19252,2.557
12,Tue,10.19514,3.968
12,Tue,10.19543,4.786
12,Tue,10.19565,4.115
12,Tue,10.20660,5.256
12,Tue,10.20789,3.072
12,Tue,10.21913,5.915
12,Tue,10.22300,2.826
12,Tue,10.22708,4.779
12,Tue,10.23612,0.939
12,Tue,10.26408,2.987
12,Tue,10.26936,0.808
12,Tue,10.27165,5.101
12,Tue,10.28263,4.493
12,Tue,10.29087,2.882
12,Tue,10.29128,2.696
12,Tue,10.29756,3.829
12,Tue,10.29945,4.112
12,Tue,10.31688,1.991
12,Tue,10.32416,5.451
12,Tue,10.32759,3.407
12,Tue,10.33921,4.442
12,Tue,10.34209,1.455
12,Tue,10.34460,5.836
12,Tue,10.35765,1.351
12,Tue,10.36067,2.105
12,Tue,10.36621,6.004
12,Tue,10.36756,4.016
12,Tue,10.37632,1.877
12,Tue,10.37980,3.485
12,Tue,10.37994,1.747
12,Tue,10.38594,4.420
12,Tue,10.39640,4.944
12,Tue,10.41055,4.203
12,Tue,10.41617,7.733
12,Tue,10.42128,1.693
12,Tue,10.43355,3.148
12,Tue,10.43802,4.056
12,Tue,10.45467,1.370
12,Tue,10.45994,4.329
12,Tue,10.47194,3.321
12,Tue,10.49334,7.353
12,Tue,10.54335,5.972
12,Tue,10.55560,2.866
12,Tue,10.56049,1.777
12,Tue,10.56078,1.240
12,Tue,10.57306,1.735
12,Tue,10.57560,3.910
12,Tue,10.58891,3.477
12,Tue,10.59982,5.965
12,Tue,10.60346,1.483
12,Tue,10.61452,1.927
12,Tue,10.61974,3.906
12,Tue,10.62808,6.207
12,Tue,10.62810,2.806
12,Tue,10.62845,1.004
12,Tue,10.63150,3.197
12,Tue,10.63350,14.863
12,Tue,10.63584,1.639
12,Tue,10.64155,5.612
12,Tue,10.64260,13.084
12,Tue,10.65328,1.588
12,Tue,10.65388,2.801
12,Tue,10.65761,2.248
12,Tue,10.66302,2.842
12,Tue,10.67257,8.375
12,Tue,10.67332,2.550
12,Tue,10.67379,2.351
12,Tue,10.67968,2.233
12,Tue,10.69533,2.652
12,Tue,10.69739,1.852
12,Tue,10.69761,2.296
12,Tue,10.70133,1.208
12,Tue,10.71865,5.605
12,Tue,10.72976,1.712
12,Tue,10.73297,2.087
12,Tue,10.73966,15.795
12,Tue,10.74713,4.485
12,Tue,10.74899,5.476
12,Tue,10.75341,3.366
12,Tue,10.75485,2.890
12,Tue,10.75958,1.277
12,Tue,10.76570,1.148
12,Tue,10.77044,7.704
12,Tue,10.77247,1.120
12,Tue,10.79568,3.373
12,Tue,10.79685,4.210
12,Tue,10.80471,5.337
12,Tue,10.80962,4.907
12,Tue,10.82315,2.496
12,Tue,10.83675,0.721
12,Tue,10.84632,2.410
12,Tue,10.85827,6.017
12,Tue,10.85927,0.911
12,Tue,10.87097,4.180
12,Tue,10.87937,3.360
12,Tue,10.89064,2.527
12,Tue,10.89490,5.228
12,Tue,10.89915,3.357
12,Tue,10.90582,0.899
12,Tue,10.90659,4.837
12,Tue,10.91159,4.071
12,Tue,10.93281,2.506
12,Tue,10.94158,2.071
12,Tue,10.95668,1.114
12,Tue,10.96862,0.588
12,Tue,10.96899,2.879
12,Tue,10.97406,4.755
12,Tue,10.98647,6.099
12,Tue,10.98669,2.513
12,Tue,10.98794,1.536
12,Tue,10.99505,1.162
12,Tue,10.99830,3.673
12,Tue,10.99951,3.415
12,Tue,10.99989,1.232
12,Tue,11.01291,1.518
12,Tue,11.01321,9.415
12,Tue,11.01383,2.378
12,Tue,11.01510,3.282
12,Tue,11.01941,9.181
12,Tue,11.02708,1.186
12,Tue,11.03844,1.529
12,Tue,11.04315,5.096
12,Tue,11.04562,7.492
12,Tue,11.04594,3.769
12,Tue,11.04769,0.757
12,Tue,11.05214,2.592
12,Tue,11.06040,8.526
12,Tue,11.07002,1.077
12,Tue,11.07758,1.154
12,Tue,11.08085,3.797
12,Tue,11.09531,4.628
12,Tue,11.09773,1.197
12,Tue,11.09792,1.447
12,Tue,11.10033,11.362
12,Tue,11.10860,1.917
12,Tue,11.11201,1.839
12,Tue,11.11738,1.915
12,Tue,11.13136,1.264
12,Tue,11.13946,5.061
12,Tue,11.15577,3.448
12,Tue,11.16232,3.705
12,Tue,11.16688,1.850
12,Tue,11.17890,10.885
12,Tue,11.19241,2.600
12,Tue,11.19323,4.152
12,Tue,11.19697,5.564
12,Tue,11.20069,6.360
12,Tue,11.20897,1.289
12,Tue,11.20957,1.854
12,Tue,11.22372,3.671
12,Tue,11.25322,3.052
12,Tue,11.25522,4.860
12,Tue,11.26005,3.763
12,Tue,11.26602,1.757
12,Tue,11.30934,5.662
12,Tue,11.31008,6.352
12,Tue,11.32930,2.677
12,Tue,11.33195,8.568
12,Tue,11.34231,3.492
12,Tue,11.35563,8.403
12,Tue,11.36412,2.015
12,Tue,11.36413,1.322
12,Tue,11.37194,0.877
12,Tue,11.37363,6.341
12,Tue,11.37502,3.936
12,Tue,11.37993,3.754
12,Tue,11.38661,9.698
12,Tue,11.38774,2.612
12,Tue,11.39670,4.290
12,Tue,11.40973,0.000
12,Tue,11.41131,4.700
12,Tue,11.42766,0.863
12,Tue,11.42783,5.420
12,Tue,11.43923,2.417
12,Tue,11.46583,1.632
12,Tue,11.47119,9.561
12,Tue,11.51068,2.466
12,Tue,11.52888,3.679
12,Tue,11.53482,2.097
12,Tue,11.54323,1.041
12,Tue,11.54591,1.339
12,Tue,11.55456,2.115
12,Tue,11.55734,1.166
12,Tue,11.55755,3.997
12,Tue,11.58359,3.530
12,Tue,11.59958,4.722
12,Tue,11.60824,1.930
12,Tue,11.61211,8.136
12,Tue,11.62525,7.395
12,Tue,11.63160,1.631
12,Tue,11.65078,2.640
12,Tue,11.65912,1.649
12,Tue,11.67823,3.995
12,Tue,11.68013,1.706
12,Tue,11.69332,2.152
12,Tue,11.70087,3.246
12,Tue,11.70242,2.557
12,Tue,11.70661,7.549
12,Tue,11.71120,5.798
12,Tue,11.71900,1.558
12,Tue,11.75254,3.055
12,Tue,11.75717,2.193
12,Tue,11.76469,1.835
12,Tue,11.76517,0.751
12,Tue,11.76793,1.461
12,Tue,11.79136,2.855
12,Tue,11.80142,13.715
12,Tue,11.81548,8.273
12,Tue,11.81679,1.771
12,Tue,11.81680,1.515
12,Tue,11.83094,2.238
12,Tue,11.83860,0.501
12,Tue,11.85637,2.592
12,Tue,11.85994,1.371
12,Tue,11.88680,9.059
12,Tue,11.88805,1.975
12,Tue,11.88870,3.725
12,Tue,11.88951,3.186
12,Tue,11.89381,3.313
12,Tue,11.90789,3.235
12,Tue,11.91108,2.552
12,Tue,11.91127,1.580
12,Tue,11.91221,2.641
12,Tue,11.91303,14.934
12,Tue,11.91772,4.113
12,Tue,11.92811,6.543
12,Tue,11.93087,15.490
12,Tue,11.94574,2.478
12,Tue,11.95926,5.541
12,Tue,11.96430,2.244
12,Tue,11.96677,3.971
12,Tue,11.99974,6.459
12,Tue,12.00588,1.380
12,Tue,12.01693,3.365
12,Tue,12.01947,8.406
12,Tue,12.02088,1.807
12,Tue,12.03065,3.204
12,Tue,12.03968,5.769
12,Tue,12.04607,4.272
12,Tue,12.04763,0.850
12,Tue,12.05554,2.127
12,Tue,12.06201,1.518
12,Tue,12.06999,3.093
12,Tue,12.07240,2.848
12,Tue,12.09502,3.493
12,Tue,12.10634,3.268
12,Tue,12.12788,6.053
12,Tue,12.12882,3.371
12,Tue,12.13226,1.680
12,Tue,12.14015,5.345
12,Tue,12.14069,7.784
12,Tue,12.14766,3.994
12,Tue,12.14871,6.966
12,Tue,12.15088,1.939
12,Tue,12.19065,1.127
12,Tue,12.19299,2.430
12,Tue,12.21272,6.945
12,Tue,12.21564,1.249
12,Tue,12.22102,2.341
12,Tue,12.22843,0.526
12,Tue,12.23308,2.869
12,Tue,12.24573,3.602
12,Tue,12.24950,4.093
12,Tue,12.24959,5.175
12,Tue,12.26124,1.705
12,Tue,12.26631,4.326
12,Tue,12.26650,2.418
12,Tue,12.27460,3.686
12,Tue,12.28035,5.377
12,Tue,12.28787,4.909
12,Tue,12.28886,4.262
12,Tue,12.29050,2.196
12,Tue,12.29491,1.986
12,Tue,12.30394,1.042
12,Tue,12.31868,3.336
12,Tue,12.33080,3.124
12,Tue,12.33823,2.649
12,Tue,12.34102,1.202
12,Tue,12.34664,3.030
12,Tue,12.34787,1.493
12,Tue,12.35055,6.886
12,Tue,12.37507,5.712
12,Tue,12.38610,3.876
12,Tue,12.39606,2.180
12,Tue,12.40652,3.064
12,Tue,12.41300,2.101
12,Tue,12.41931,2.381
12,Tue,12.42895,6.187
12,Tue,12.43382,2.269
12,Tue,12.43989,14.457
12,Tue,12.48436,1.775
12,Tue,12.48979,0.642
12,Tue,12.49428,0.874
12,Tue,12.50162,2.374
12,Tue,12.52201,5.585
12,Tue,12.52442,2.504
12,Tue,12.52744,1.501
12,Tue,12.54945,2.013
12,Tue,12.56031,0.921
12,Tue,12.58316,6.508
12,Tue,12.58659,8.280
12,Tue,12.58727,1.010
12,Tue,12.60900,3.211
12,Tue,12.61003,1.695
12,Tue,12.64125,0.608
12,Tue,12.65843,2.342
12,Tue,12.69457,4.962
12,Tue,12.72418,3.538
12,Tue,12.72479,4.797
12,Tue,12.72501,0.947
12,Tue,12.74312,5.044
12,Tue,12.74786,7.899
12,Tue,12.75258,10.533
12,Tue,12.75334,3.500
12,Tue,12.77553,3.972
12,Tue,12.77722,1.475
12,Tue,12.77886,3.837
12,Tue,12.78442,0.957
12,Tue,12.81534,3.794
12,Tue,12.82395,3.114
12,Tue,12.86071,8.078
12,Tue,12.86867,1.371
12,Tue,12.87260,5.237
12,Tue,12.87742,5.984
12,Tue,12.89128,1.532
12,Tue,12.90938,0.607
12,Tue,12.93130,6.883
12,Tue,12.96171,4.910
12,Tue,12.97639,1.093
12,Tue,12.98063,4.862
12,Tue,12.98446,0.708
12,Tue,12.98467,1.891
12,Tue,12.98783,7.173
12,Tue,13.00012,2.749
12,Tue,13.00981,1.236
12,Tue,13.01086,9.216
12,Tue,13.02642,1.550
12,Tue,13.03440,1.234
12,Tue,13.03831,0.402
12,Tue,13.05084,3.424
12,Tue,13.06627,10.913
12,Tue,13.07422,4.959
12,Tue,13.07607,4.268
12,Tue,13.08369,2.295
12,Tue,13.09887,4.228
12,Tue,13.12487,3.998
12,Tue,13.13299,2.934
12,Tue,13.15266,1.877
12,Tue,13.16926,7.792
12,Tue,13.18771,4.599
12,Tue,13.19759,7.039
12,Tue,13.21392,5.157
12,Tue,13.21505,2.875
12,Tue,13.23060,1.145
12,Tue,13.23204,6.498
12,Tue,13.23600,2.372
12,Tue,13.24860,3.939
12,Tue,13.25053,2.061
12,Tue,13.25361,3.945
12,Tue,13.25786,1.544
12,Tue,13.27129,2.978
12,Tue,13.29034,1.612
12,Tue,13.29144,0.802
12,Tue,13.30518,1.641
12,Tue,13.30891,2.067
12,Tue,13.32097,1.808
12,Tue,13.36487,4.457
12,Tue,13.36549,1.570
12,Tue,13.36619,3.412
12,Tue,13.37167,0.701
12,Tue,13.37534,1.132
12,Tue,13.37601,1.389
12,Tue,13.40104,2.318
12,Tue,13.40393,5.199
12,Tue,13.40972,2.169
12,Tue,13.41140,6.235
12,Tue,13.43332,3.352
12,Tue,13.45135,1.778
12,Tue,13.45251,3.001
12,Tue,13.45280,6.602
12,Tue,13.46565,5.517
12,Tue,13.49119,3.715
12,Tue,13.49491,3.086
12,Tue,13.51393,3.960
12,Tue,13.52918,7.243
12,Tue,13.53300,5.496
12,Tue,13.53421,5.271
12,Tue,13.54286,4.854
12,Tue,13.54484,3.824
12,Tue,13.54684,3.597
12,Tue,13.54830,2.736
12,Tue,13.55675,1.466
12,Tue,13.55923,8.059
12,Tue,13.59334,4.896
12,Tue,13.61776,4.177
12,Tue,13.62983,3.134
12,Tue,13.63720,1.587
12,Tue,13.64121,1.948
12,Tue,13.65119,2.030
12,Tue,13.65288,4.841
12,Tue,13.67192,2.670
12,Tue,13.68903,5.559
12,Tue,13.69411,5.696
12,Tue,13.69657,3.578
12,Tue,13.73488,4.330
12,Tue,13.73509,4.458
12,Tue,13.74055,3.040
12,Tue,13.75025,1.939
12,Tue,13.75028,3.544
12,Tue,13.76069,3.089
12,Tue,13.77063,1.581
12,Tue,13.77740,5.209
12,Tue,13.79100,1.855
12,Tue,13.79706,1.130
12,Tue,13.80078,2.797
12,Tue,13.81155,8.314
12,Tue,13.81535,1.638
12,Tue,13.82923,2.562
12,Tue,13.84796,5.679
12,Tue,13.85264,1.135
12,Tue,13.86767,0.877
12,Tue,13.86910,3.655
12,Tue,13.86970,1.350
12,Tue,13.87061,1.171
12,Tue,13.87437,2.365
12,Tue,13.89198,6.860
12,Tue,13.89866,3.867
12,Tue,13.89930,4.102
12,Tue,13.89978,7.557
12,Tue,13.90007,1.208
12,Tue,13.91586,9.566
12,Tue,13.92356,0.000
12,Tue,13.92884,4.212
12,Tue,13.93327,2.575
12,Tue,13.93710,2.902
12,Tue,13.94455,0.835
12,Tue,13.95700,19.169
12,Tue,13.96557,5.687
12,Tue,13.96832,1.528
12,Tue,13.97488,0.857
12,Tue,13.98606,6.880
12,Tue,13.99780,3.867
12,Tue,13.99925,20.462
12,Tue,14.01192,2.818
12,Tue,14.01314,2.017
12,Tue,14.02818,0.664
12,Tue,14.03492,1.726
12,Tue,14.04674,1.989
12,Tue,14.05615,1.917
12,Tue,14.05624,6.326
12,Tue,14.06913,3.920
12,Tue,14.06960,7.099
12,Tue,14.07183,2.367
12,Tue,14.07674,1.702
12,Tue,14.08027,0.995
12,Tue,14.08348,4.394
12,Tue,14.09048,3.645
12,Tue,14.10100,3.495
12,Tue,14.10227,4.020
12,Tue,14.10647,4.012
12,Tue,14.11042,3.845
12,Tue,14.11054,1.735
12,Tue,14.11952,0.651
12,Tue,14.12553,3.548
12,Tue,14.12735,5.667
12,Tue,14.13779,2.654
12,Tue,14.14415,2.393
12,Tue,14.14751,5.807
12,Tue,14.16925,3.833
12,Tue,14.17356,4.503
12,Tue,14.17438,3.877
12,Tue,14.17620,2.170
12,Tue,14.17771,1.863
12,Tue,14.18596,7.719
12,Tue,14.20316,6.893
12,Tue,14.20572,4.547
12,Tue,14.20912,0.535
12,Tue,14.20964,2.405
12,Tue,14.21254,1.527
12,Tue,14.21734,2.896
12,Tue,14.21981,2.493
12,Tue,14.22383,4.713
12,Tue,14.23888,1.992
12,Tue,14.24619,2.530
12,Tue,14.25067,2.168
12,Tue,14.25408,1.587
12,Tue,14.26757,1.786
12,Tue,14.27553,4.318
12,Tue,14.29529,1.694
12,Tue,14.29689,2.198
12,Tue,14.30074,5.433
12,Tue,14.30172,2.087
12,Tue,14.30634,4.006
12,Tue,14.31000,8.739
12,Tue,14.31504,1.330
12,Tue,14.31722,1.483
12,Tue,14.35410,1.475
12,Tue,14.35522,2.297
12,Tue,14.36151,3.084
12,Tue,14.37429,4.470
12,Tue,14.37477,1.173
12,Tue,14.38269,0.867
12,Tue,14.38388,0.692
12,Tue,14.39742,2.012
12,Tue,14.41283,0.478
12,Tue,14.42632,4.904
12,Tue,14.42879,1.588
12,Tue,14.44930,13.501
12,Tue,14.45177,3.333
12,Tue,14.45325,3.827
12,Tue,14.46250,1.644
12,Tue,14.46917,3.744
12,Tue,14.47294,1.644
12,Tue,14.47367,0.799
12,Tue,14.47500,2.084
12,Tue,14.47775,1.479
12,Tue,14.49715,8.170
12,Tue,14.51330,8.011
12,Tue,14.52596,5.034
12,Tue,14.54508,2.230
12,Tue,14.56786,2.793
12,Tue,14.57710,2.108
12,Tue,14.58202,1.923
12,Tue,14.58543,7.267
12,Tue,14.59765,9.761
12,Tue,14.60739,1.557
12,Tue,14.62972,1.972
12,Tue,14.63469,5.641
12,Tue,14.68776,3.615
12,Tue,14.69606,3.508
12,Tue,14.69877,8.832
12,Tue,14.70368,7.873
12,Tue,14.71930,4.010
12,Tue,14.73189,2.828
12,Tue,14.73883,2.965
12,Tue,14.76037,1.397
12,Tue,14.76723,2.125
12,Tue,14.79505,1.928
12,Tue,14.79686,8.714
12,Tue,14.81332,2.069
12,Tue,14.81657,2.602
12,Tue,14.83006,2.727
12,Tue,14.83573,2.761
12,Tue,14.84610,3.424
12,Tue,14.85485,6.228
12,Tue,14.85520,3.454
12,Tue,14.87285,3.322
12,Tue,14.87685,2.801
12,Tue,14.88968,1.957
12,Tue,14.89233,1.727
12,Tue,14.90736,9.018
12,Tue,14.92014,1.191
12,Tue,14.92014,1.030
12,Tue,14.94580,3.781
12,Tue,14.94852,3.504
12,Tue,14.94985,1.562
12,Tue,14.98024,5.665
12,Tue,14.99450,1.405
12,Tue,14.99825,4.897
12,Tue,15.00997,3.026
12,Tue,15.03002,3.520
12,Tue,15.03017,3.276
12,Tue,15.03242,2.311
12,Tue,15.04125,2.863
12,Tue,15.04836,1.889
12,Tue,15.06396,3.059
12,Tue,15.06664,6.458
12,Tue,15.08706,4.940
12,Tue,15.10335,1.552
12,Tue,15.10449,9.434
12,Tue,15.10858,3.483
12,Tue,15.14292,4.240
12,Tue,15.15140,1.167
12,Tue,15.16399,4.302
12,Tue,15.16513,1.363
12,Tue,15.16671,5.797
12,Tue,15.16795,8.332
12,Tue,15.17121,7.112
12,Tue,15.17649,3.437
12,Tue,15.17766,3.376
12,Tue,15.18532,6.609
12,Tue,15.21634,1.852
12,Tue,15.21990,4.279
12,Tue,15.22251,3.535
12,Tue,15.22511,9.384
12,Tue,15.22625,3.128
12,Tue,15.24202,2.165
12,Tue,15.25868,3.714
12,Tue,15.26052,2.757
12,Tue,15.28296,1.748
12,Tue,15.32308,3.066
12,Tue,15.35162,1.654
12,Tue,15.35511,2.938
12,Tue,15.35614,1.681
12,Tue,15.35855,2.656
12,Tue,15.35980,4.025
12,Tue,15.36407,0.891
12,Tue,15.36613,2.998
12,Tue,15.38905,18.305
12,Tue,15.40308,5.449
12,Tue,15.40485,1.401
12,Tue,15.40971,8.542
12,Tue,15.41145,4.525
12,Tue,15.41603,11.142
12,Tue,15.41960,6.769
12,Tue,15.42018,1.870
12,Tue,15.42610,4.256
12,Tue,15.42847,10.446
12,Tue,15.42876,2.503
12,Tue,15.43128,4.099
12,Tue,15.45506,4.090
12,Tue,15.45690,5.585
12,Tue,15.48536,0.856
12,Tue,15.48886,4.288
12,Tue,15.49937,5.184
12,Tue,15.50658,3.030
12,Tue,15.51419,6.604
12,Tue,15.51915,1.731
12,Tue,15.54764,4.891
12,Tue,15.54862,0.914
12,Tue,15.58252,2.557
12,Tue,15.60637,1.664
12,Tue,15.60684,2.238
12,Tue,15.60991,4.149
12,Tue,15.61045,1.746
12,Tue,15.61338,1.517
12,Tue,15.62350,3.178
12,Tue,15.62698,3.829
12,Tue,15.63343,1.534
12,Tue,15.63944,3.684
12,Tue,15.65763,9.506
12,Tue,15.67353,14.868
12,Tue,15.67818,1.240
12,Tue,15.69866,4.533
12,Tue,15.70271,2.034
12,Tue,15.70491,0.882
12,Tue,15.72722,1.272
12,Tue,15.73565,2.383
12,Tue,15.75145,1.803
12,Tue,15.76023,2.508
12,Tue,15.79015,3.286
12,Tue,15.79524,4.285
12,Tue,15.80298,0.523
12,Tue,15.81527,6.238
12,Tue,15.81637,1.015
12,Tue,15.82658,6.304
12,Tue,15.84772,3.371
12,Tue,15.85003,4.471
12,Tue,15.86970,2.336
12,Tue,15.88098,3.138
12,Tue,15.90762,2.261
12,Tue,15.92296,4.927
12,Tue,15.92438,2.369
12,Tue,15.92458,4.643
12,Tue,15.93633,3.587
12,Tue,15.94173,5.268
12,Tue,15.94951,8.133
12,Tue,15.95294,0.000
12,Tue,15.95838,1.497
12,Tue,15.96026,5.962
12,Tue,16.00774,2.378
12,Tue,16.01722,4.885
12,Tue,16.02122,0.878
12,Tue,16.04860,3.804
12,Tue,16.05388,3.250
12,Tue,16.05474,5.041
12,Tue,16.06661,3.654
12,Tue,16.07278,4.540
12,Tue,16.07455,4.833
12,Tue,16.10620,1.806
12,Tue,16.12163,2.719
12,Tue,16.13331,11.750
12,Tue,16.14408,4.145
12,Tue,16.16551,2.798
12,Tue,16.17097,2.503
12,Tue,16.18972,3.733
12,Tue,16.19366,1.053
12,Tue,16.20240,9.982
12,Tue,16.21159,1.808
12,Tue,16.21634,3.692
12,Tue,16.22244,1.872
12,Tue,16.22397,4.619
12,Tue,16.23015,2.962
12,Tue,16.25316,0.769
12,Tue,16.26107,5.138
12,Tue,16.26310,1.874
12,Tue,16.27440,0.688
12,Tue,16.27846,3.130
12,Tue,16.29628,4.322
12,Tue,16.29880,2.235
12,Tue,16.31125,2.304
12,Tue,16.31297,6.180
12,Tue,16.32457,7.697
12,Tue,16.33775,4.527
12,Tue,16.36752,8.545
12,Tue,16.40064,6.121
12,Tue,16.40603,2.857
12,Tue,16.43344,2.153
12,Tue,16.43502,4.837
12,Tue,16.45168,4.530
12,Tue,16.45923,6.452
12,Tue,16.46296,2.616
12,Tue,16.46373,4.001
12,Tue,16.46524,8.476
12,Tue,16.47221,9.381
12,Tue,16.52371,5.149
12,Tue,16.52905,1.015
12,Tue,16.54255,0.883
12,Tue,16.54941,1.840
12,Tue,16.58286,9.510
12,Tue,16.62909,3.375
12,Tue,16.64677,2.349
12,Tue,16.64991,2.455
12,Tue,16.65197,5.616
12,Tue,16.68462,2.590
12,Tue,16.68521,3.928
12,Tue,16.68664,1.626
12,Tue,16.71005,1.810
12,Tue,16.79814,0.976
12,Tue,16.82000,8.778
12,Tue,16.84174,3.406
12,Tue,16.85049,2.644
12,Tue,16.86255,16.613
12,Tue,16.86656,1.340
12,Tue,16.87528,1.865
12,Tue,16.89595,3.537
12,Tue,16.94119,8.318
12,Tue,17.01043,3.602
12,Tue,17.01857,4.772
12,Tue,17.02072,2.110
12,Tue,17.03841,6.900
12,Tue,17.07386,2.866
12,Tue,17.10720,8.628
12,Tue,17.11066,2.113
12,Tue,17.12723,15.314
12,Tue,17.14294,7.317
12,Tue,17.14890,3.815
12,Tue,17.15623,1.748
12,Tue,17.16617,4.362
12,Tue,17.19442,4.099
12,Tue,17.19907,3.548
12,Tue,17.20749,1.426
12,Tue,17.22905,0.000
12,Tue,17.24911,3.274
12,Tue,17.25696,1.914
12,Tue,17.30884,4.333
12,Tue,17.33589,2.986
12,Tue,17.34157,2.027
12,Tue,17.34697,2.722
12,Tue,17.35393,1.305
12,Tue,17.41769,3.017
12,Tue,17.42064,5.687
12,Tue,17.43533,3.060
12,Tue,17.46080,11.154
12,Tue,17.46710,2.684
12,Tue,17.47754,6.372
12,Tue,17.54290,4.994
12,Tue,17.54702,1.347
12,Tue,17.55814,7.933
12,Tue,17.61904,3.702
12,Tue,17.64764,29.294
12,Tue,17.64830,5.671
12,Tue,17.64848,3.190
12,Tue,17.69338,2.749
12,Tue,17.71083,6.700
12,Tue,17.74977,3.859
12,Tue,17.81209,3.460
12,Tue,17.83975,3.562
12,Tue,17.84268,2.300
12,Tue,17.87766,2.599
12,Tue,17.88475,5.685
12,Tue,17.91090,1.213
12,Tue,17.94274,1.957
12,Tue,17.95474,1.685
12,Tue,17.95672,3.894
12,Tue,17.97841,3.706
12,Tue,17.99051,6.670
12,Tue,18.06591,3.957
12,Tue,18.06894,8.202
12,Tue,18.16995,2.824
12,Tue,18.17098,4.269
12,Tue,18.23835,3.297
12,Tue,18.26597,3.005
12,Tue,18.26869,3.463
12,Tue,18.32190,1.670
12,Tue,18.34585,3.421
12,Tue,18.35549,1.457
12,Tue,18.37957,1.738
12,Tue,18.38705,1.003
12,Tue,18.39671,1.313
12,Tue,18.39685,1.560
12,Tue,18.42615,2.439
12,Tue,18.42883,3.497
12,Tue,18.45889,2.278
12,Tue,18.46044,1.049
12,Tue,18.47565,3.936
12,Tue,18.48094,2.052
12,Tue,18.51736,2.677
12,Tue,18.51995,8.271
12,Tue,18.55279,4.817
12,Tue,18.55935,2.446
12,Tue,18.56404,5.296
12,Tue,18.58124,1.579
12,Tue,18.61833,2.503
12,Tue,18.61929,5.557
12,Tue,18.67959,3.016
12,Tue,18.68641,0.910
12,Tue,18.72788,2.639
12,Tue,18.76388,1.528
12,Tue,18.76553,6.327
12,Tue,18.79708,9.403
12,Tue,18.82393,7.464
12,Tue,18.86426,1.419
12,Tue,18.89350,3.280
12,Tue,18.91938,4.995
12,Tue,18.94831,1.877
12,Tue,18.95176,3.721
12,Tue,18.96373,3.151
12,Tue,18.97819,1.563
12,Tue,18.98682,2.692
12,Tue,19.01406,1.357
12,Tue,19.04573,3.154
12,Tue,19.12821,2.871
12,Tue,19.18396,16.976
12,Tue,19.22098,2.081
12,Tue,19.23133,3.985
12,Tue,19.23702,2.296
12,Tue,19.25166,3.018
12,Tue,19.26330,3.772
12,Tue,19.28902,3.269
12,Tue,19.30247,12.754
12,Tue,19.31239,3.677
12,Tue,19.34980,1.034
12,Tue,19.34987,7.068
12,Tue,19.37398,8.921
12,Tue,19.39949,7.878
12,Tue,19.44691,2.575
12,Tue,19.47544,2.574
12,Tue,19.50046,2.045
12,Tue,19.50269,1.411
12,Tue,19.51349,1.264
12,Tue,19.51417,2.157
12,Tue,19.58405,3.658
12,Tue,19.61841,7.647
12,Tue,19.62143,1.653
12,Tue,19.63292,2.764
12,Tue,19.63776,3.140
12,Tue,19.65837,2.525
12,Tue,19.68574,2.863
12,Tue,19.71762,2.751
12,Tue,19.73627,1.817
12,Tue,19.75509,1.299
12,Tue,19.76586,1.632
12,Tue,19.77831,2.332
12,Tue,19.78667,4.290
12,Tue,19.78705,12.050
12,Tue,19.80072,4.889
12,Tue,19.80364,4.584
12,Tue,19.81633,2.752
12,Tue,19.85490,1.945
12,Tue,19.87265,3.913
12,Tue,19.92304,5.387
12,Tue,19.94530,3.613
12,Tue,19.98838,1.945
13,Wed,8.00686,3.132
13,Wed,8.01169,7.379
13,Wed,8.05803,5.514
13,Wed,8.05837,1.206
13,Wed,8.06550,1.846
13,Wed,8.08296,5.808
13,Wed,8.12652,1.646
13,Wed,8.13198,4.042
13,Wed,8.13775,1.990
13,Wed,8.16440,0.840
13,Wed,8.17313,5.560
13,Wed,8.21204,3.807
13,Wed,8.21708,1.702
13,Wed,8.26913,5.295
13,Wed,8.27323,9.727
13,Wed,8.29622,5.233
13,Wed,8.29963,1.171
13,Wed,8.30848,8.408
13,Wed,8.36049,2.495
13,Wed,8.37977,0.365
13,Wed,8.39185,2.604
13,Wed,8.40276,2.032
13,Wed,8.41886,5.041
13,Wed,8.44243,6.750
13,Wed,8.44370,6.691
13,Wed,8.48987,0.831
13,Wed,8.49116,3.899
13,Wed,8.50766,0.919
13,Wed,8.52644,3.442
13,Wed,8.52880,2.476
13,Wed,8.53157,1.326
13,Wed,8.53316,1.176
13,Wed,8.53372,1.897
13,Wed,8.53390,5.552
13,Wed,8.53786,6.588
13,Wed,8.55949,1.775
13,Wed,8.55993,16.678
13,Wed,8.56316,2.995
13,Wed,8.58398,2.007
13,Wed,8.58956,1.222
13,Wed,8.59849,1.335
13,Wed,8.61389,3.773
13,Wed,8.61621,1.217
13,Wed,8.61636,1.916
13,Wed,8.63260,5.623
13,Wed,8.64020,2.358
13,Wed,8.66882,4.722
13,Wed,8.67707,2.424
13,Wed,8.68150,3.820
13,Wed,8.68481,4.313
13,Wed,8.69182,4.692
13,Wed,8.69788,9.410
13,Wed,8.70703,7.062
13,Wed,8.71900,6.095
13,Wed,8.73368,1.581
13,Wed,8.76295,1.900
13,Wed,8.77897,2.076
13,Wed,8.78002,1.638
13,Wed,8.80386,3.747
13,Wed,8.81559,4.824
13,Wed,8.82102,2.687
13,Wed,8.82167,3.304
13,Wed,8.82635,2.379
13,Wed,8.83111,7.146
13,Wed,8.83347,6.489
13,Wed,8.84047,2.443
13,Wed,8.85685,5.808
13,Wed,8.86211,1.133
13,Wed,8.87831,2.008
13,Wed,8.87998,4.424
13,Wed,8.88493,1.274
13,Wed,8.91837,4.954
13,Wed,8.91961,4.522
13,Wed,8.93545,1.873
13,Wed,8.94339,3.312
13,Wed,8.94451,1.073
13,Wed,8.94921,3.094
13,Wed,8.95142,9.561
13,Wed,8.95279,1.067
13,Wed,8.96471,3.337
13,Wed,8.96687,7.083
13,Wed,8.97746,2.587
13,Wed,8.99474,2.649
13,Wed,9.01643,2.123
13,Wed,9.02993,2.714
13,Wed,9.05008,0.850
13,Wed,9.06227,3.935
13,Wed,9.10405,1.170
13,Wed,9.11677,3.886
13,Wed,9.12128,1.705
13,Wed,9.13118,8.110
13,Wed,9.13815,10.591
13,Wed,9.14407,5.704
13,Wed,9.15784,1.311
13,Wed,9.16117,7.018
13,Wed,9.16742,5.324
13,Wed,9.17308,5.560
13,Wed,9.18378,1.329
13,Wed,9.19983,3.133
13,Wed,9.20194,1.600
13,Wed,9.20510,12.144
13,Wed,9.20647,1.070
13,Wed,9.21824,3.388
13,Wed,9.22901,7.774
13,Wed,9.24479,8.874
13,Wed,9.25184,3.078
13,Wed,9.26368,2.444
13,Wed,9.27299,1.562
13,Wed,9.28018,6.495
13,Wed,9.29295,4.679
13,Wed,9.29673,1.539
13,Wed,9.29803,4.118
13,Wed,9.29984,5.703
13,Wed,9.31913,2.310
13,Wed,9.33665,2.641
13,Wed,9.34398,2.712
13,Wed,9.34416,2.222
13,Wed,9.37896,0.512
13,Wed,9.38381,7.490
13,Wed,9.38492,1.914
13,Wed,9.38825,4.566
13,Wed,9.39686,2.113
13,Wed,9.40557,1.257
13,Wed,9.40813,1.431
13,Wed,9.41568,4.615
13,Wed,9.42414,0.921
13,Wed,9.42540,6.064
13,Wed,9.43037,2.729
13,Wed,9.43447,3.159
13,Wed,9.44875,5.676
13,Wed,9.46730,8.968
13,Wed,9.46790,2.929
13,Wed,9.46799,6.910
13,Wed,9.49378,2.500
13,Wed,9.49772,7.867
13,Wed,9.50775,5.504
13,Wed,9.51408,6.316
13,Wed,9.53810,8.775
13,Wed,9.54723,1.804
13,Wed,9.55207,5.051
13,Wed,9.59399,2.604
13,Wed,9.60586,2.305
13,Wed,9.60606,0.000
13,Wed,9.60762,21.010
13,Wed,9.60891,0.792
13,Wed,9.61141,4.239
13,Wed,9.61247,4.416
13,Wed,9.62489,1.312
13,Wed,9.63728,33.215
13,Wed,9.64886,1.171
13,Wed,9.67325,1.589
13,Wed,9.67514,20.574
13,Wed,9.68604,3.514
13,Wed,9.68649,5.782
13,Wed,9.69126,1.954
13,Wed,9.70248,4.076
13,Wed,9.70265,9.271
13,Wed,9.71350,2.457
13,Wed,9.72214,1.612
13,Wed,9.72750,6.864
13,Wed,9.73114,6.475
13,Wed,9.73354,6.399
13,Wed,9.73627,1.938
13,Wed,9.74738,1.634
13,Wed,9.75231,6.721
13,Wed,9.75455,4.717
13,Wed,9.75633,14.641
13,Wed,9.75963,2.723
13,Wed,9.76951,1.930
13,Wed,9.77365,11.835
13,Wed,9.78177,6.075
13,Wed,9.79428,1.446
13,Wed,9.79515,11.308
13,Wed,9.79600,2.777
13,Wed,9.79802,2.002
13,Wed,9.79869,2.194
13,Wed,9.82380,3.652
13,Wed,9.83129,3.874
13,Wed,9.83158,4.249
13,Wed,9.84546,7.365
13,Wed,9.84602,3.973
13,Wed,9.84625,3.578
13,Wed,9.86028,5.675
13,Wed,9.86417,2.594
13,Wed,9.87692,2.706
13,Wed,9.87883,2.735
13,Wed,9.88388,0.540
13,Wed,9.89030,1.248
13,Wed,9.89636,1.682
13,Wed,9.89717,3.859
13,Wed,9.89873,6.749
13,Wed,9.90259,7.741
13,Wed,9.90376,2.875
13,Wed,9.91616,1.120
13,Wed,9.94501,7.179
13,Wed,9.95080,2.923
13,Wed,9.95118,7.242
13,Wed,9.98343,7.536
13,Wed,9.98947,2.813
13,Wed,9.99532,3.831
13,Wed,9.99748,8.643
13,Wed,10.00586,4.193
13,Wed,10.01260,2.083
13,Wed,10.01781,1.764
13,Wed,10.03448,2.235
13,Wed,10.04889,0.755
13,Wed,10.05508,2.935
13,Wed,10.06057,3.066
13,Wed,10.06329,3.689
13,Wed,10.07208,7.236
13,Wed,10.08330,2.742
13,Wed,10.08648,2.037
13,Wed,10.08792,7.864
13,Wed,10.09499,1.323
13,Wed,10.10165,0.798
13,Wed,10.10200,11.209
13,Wed,10.10266,2.306
13,Wed,10.10315,3.155
13,Wed,10.10412,3.181
13,Wed,10.10535,3.371
13,Wed,10.11025,1.213
13,Wed,10.12239,0.303
13,Wed,10.12984,3.916
13,Wed,10.13467,2.836
13,Wed,10.14268,1.003
13,Wed,10.15393,3.595
13,Wed,10.15633,16.368
13,Wed,10.15808,3.640
13,Wed,10.16312,3.173
13,Wed,10.16505,3.901
13,Wed,10.18117,2.305
13,Wed,10.18211,1.463
13,Wed,10.20957,3.191
13,Wed,10.22709,2.927
13,Wed,10.25900,0.606
13,Wed,10.26376,8.193
13,Wed,10.26668,2.095
13,Wed,10.27477,1.133
13,Wed,10.27580,4.862
13,Wed,10.27672,4.466
13,Wed,10.27826,1.275
13,Wed,10.30235,3.570
13,Wed,10.30314,2.317
13,Wed,10.30972,5.062
13,Wed,10.31016,0.547
13,Wed,10.31082,4.745
13,Wed,10.32426,13.399
13,Wed,10.32684,1.158
13,Wed,10.32775,4.997
13,Wed,10.33116,8.606
13,Wed,10.33617,3.727
13,Wed,10.34227,5.010
13,Wed,10.34444,4.499
13,Wed,10.34764,2.029
13,Wed,10.35021,4.494
13,Wed,10.35456,6.492
13,Wed,10.36279,3.243
13,Wed,10.37404,6.483
13,Wed,10.37485,4.463
13,Wed,10.38368,0.539
13,Wed,10.39566,1.413
13,Wed,10.40098,1.486
13,Wed,10.40356,2.347
13,Wed,10.40784,3.249
13,Wed,10.42087,10.770
13,Wed,10.42974,11.070
13,Wed,10.43139,3.824
13,Wed,10.43553,13.629
13,Wed,10.44552,1.509
13,Wed,10.44873,1.336
13,Wed,10.44911,3.368
13,Wed,10.45000,4.012
13,Wed,10.45527,1.421
13,Wed,10.45854,3.677
13,Wed,10.46178,3.746
13,Wed,10.46662,2.401
13,Wed,10.47023,6.210
13,Wed,10.47727,1.202
13,Wed,10.47743,1.238
13,Wed,10.48461,6.498
13,Wed,10.48837,1.020
13,Wed,10.49483,2.603
13,Wed,10.49581,4.307
13,Wed,10.51089,3.477
13,Wed,10.51577,2.338
13,Wed,10.52631,1.315
13,Wed,10.53605,3.963
13,Wed,10.55103,0.487
13,Wed,10.55341,3.211
13,Wed,10.56446,2.487
13,Wed,10.56529,3.287
13,Wed,10.59240,4.666
13,Wed,10.59249,1.852
13,Wed,10.59463,7.680
13,Wed,10.60155,4.405
13,Wed,10.61343,1.037
13,Wed,10.61560,3.014
13,Wed,10.61647,3.632
13,Wed,10.62088,3.654
13,Wed,10.62489,0.939
13,Wed,10.62900,7.990
13,Wed,10.63840,2.170
13,Wed,10.65055,2.571
13,Wed,10.65358,8.135
13,Wed,10.65685,1.275
13,Wed,10.66135,1.919
13,Wed,10.67539,6.711
13,Wed,10.68540,9.905
13,Wed,10.68760,1.043
13,Wed,10.68811,2.060
13,Wed,10.69477,1.946
13,Wed,10.71436,2.201
13,Wed,10.72528,4.819
13,Wed,10.73689,1.149
13,Wed,10.75695,4.908
13,Wed,10.75857,9.305
13,Wed,10.76068,1.709
13,Wed,10.76788,0.974
13,Wed,10.77034,6.373
13,Wed,10.77297,2.219
13,Wed,10.78510,1.455
13,Wed,10.80070,9.510
13,Wed,10.81394,2.615
13,Wed,10.82250,4.537
13,Wed,10.82795,3.108
13,Wed,10.83421,0.945
13,Wed,10.84163,3.672
13,Wed,10.85875,5.031
13,Wed,10.86168,2.085
13,Wed,10.87095,3.323
13,Wed,10.87287,6.117
13,Wed,10.87647,1.772
13,Wed,10.88823,25.950
13,Wed,10.90406,3.205
13,Wed,10.91203,2.349
13,Wed,10.92701,4.964
13,Wed,10.92996,8.559
13,Wed,10.93310,1.580
13,Wed,10.96187,0.970
13,Wed,10.96685,9.479
13,Wed,10.97024,5.004
13,Wed,10.97053,4.092
13,Wed,10.97512,3.918
13,Wed,10.97989,4.548
13,Wed,10.98250,1.346
13,Wed,10.98457,2.562
13,Wed,10.99856,3.692
13,Wed,11.00912,2.919
13,Wed,11.01134,0.494
13,Wed,11.01386,2.873
13,Wed,11.02211,9.533
13,Wed,11.02358,5.275
13,Wed,11.02751,1.668
13,Wed,11.04037,1.445
13,Wed,11.04302,5.391
13,Wed,11.07402,3.573
13,Wed,11.07520,6.057
13,Wed,11.07602,7.183
13,Wed,11.07660,2.525
13,Wed,11.07876,7.115
13,Wed,11.09382,1.418
13,Wed,11.10455,3.178
13,Wed,11.10926,14.578
13,Wed,11.10995,6.991
13,Wed,11.12570,1.781
13,Wed,11.12655,5.879
13,Wed,11.12951,2.534
13,Wed,11.13848,0.693
13,Wed,11.14038,2.364
13,Wed,11.14555,3.995
13,Wed,11.15708,5.237
13,Wed,11.16315,7.983
13,Wed,11.17212,3.066
13,Wed,11.17408,1.893
13,Wed,11.20132,5.887
13,Wed,11.22149,4.204
13,Wed,11.23310,3.248
13,Wed,11.24309,5.517
13,Wed,11.25183,7.069
13,Wed,11.26344,7.407
13,Wed,11.26527,2.075
13,Wed,11.26583,3.443
13,Wed,11.27339,3.199
13,Wed,11.27524,1.258
13,Wed,11.28289,3.585
13,Wed,11.28361,4.753
13,Wed,11.28873,2.861
13,Wed,11.30630,1.004
13,Wed,11.32012,6.850
13,Wed,11.32901,1.400
13,Wed,11.33826,15.437
13,Wed,11.34014,10.426
13,Wed,11.34492,2.762
13,Wed,11.34512,4.218
13,Wed,11.35298,9.083
13,Wed,11.35480,3.424
13,Wed,11.35633,3.548
13,Wed,11.37247,2.499
13,Wed,11.37645,4.582
13,Wed,11.38773,10.695
13,Wed,11.41419,1.860
13,Wed,11.43070,9.366
13,Wed,11.44067,1.055
13,Wed,11.44532,1.802
13,Wed,11.45700,7.073
13,Wed,11.46061,1.194
13,Wed,11.46701,8.093
13,Wed,11.47387,4.015
13,Wed,11.48805,3.529
13,Wed,11.49477,2.991
13,Wed,11.49665,2.427
13,Wed,11.50538,3.105
13,Wed,11.50945,2.437
13,Wed,11.51270,1.594
13,Wed,11.51926,7.894
13,Wed,11.53205,2.519
13,Wed,11.56184,1.954
13,Wed,11.56347,3.563
13,Wed,11.57742,2.772
13,Wed,11.57818,5.657
13,Wed,11.57975,1.271
13,Wed,11.58688,10.721
13,Wed,11.59988,6.049
13,Wed,11.61453,3.486
13,Wed,11.61784,2.548
13,Wed,11.61943,2.298
13,Wed,11.63037,10.781
13,Wed,11.63420,1.098
13,Wed,11.65283,2.450
13,Wed,11.65457,2.993
13,Wed,11.65840,1.350
13,Wed,11.65886,3.021
13,Wed,11.67990,1.766
13,Wed,11.69763,2.327
13,Wed,11.70102,2.986
13,Wed,11.72952,0.453
13,Wed,11.75046,2.554
13,Wed,11.75651,1.976
13,Wed,11.76586,2.126
13,Wed,11.80592,1.905
13,Wed,11.80781,4.050
13,Wed,11.80865,1.517
13,Wed,11.81263,17.580
13,Wed,11.81350,2.608
13,Wed,11.81394,1.739
13,Wed,11.81576,7.989
13,Wed,11.82773,9.028
13,Wed,11.82794,2.027
13,Wed,11.84083,1.753
13,Wed,11.84828,2.202
13,Wed,11.85714,1.561
13,Wed,11.85743,5.478
13,Wed,11.86666,0.974
13,Wed,11.89595,1.053
13,Wed,11.90165,3.861
13,Wed,11.90399,6.739
13,Wed,11.91322,1.871
13,Wed,11.93236,13.118
13,Wed,11.93393,8.995
13,Wed,11.93519,2.726
13,Wed,11.93872,1.343
13,Wed,11.95303,0.817
13,Wed,11.95926,3.864
13,Wed,11.95945,3.462
13,Wed,11.96719,2.036
13,Wed,11.97428,1.415
13,Wed,11.98095,4.290
13,Wed,11.98311,1.817
13,Wed,12.00859,1.302
13,Wed,12.01518,3.091
13,Wed,12.02519,2.231
13,Wed,12.03501,0.919
13,Wed,12.04666,1.247
13,Wed,12.05351,12.337
13,Wed,12.07624,2.490
13,Wed,12.07796,6.299
13,Wed,12.09980,1.726
13,Wed,12.10892,2.992
13,Wed,12.11588,5.005
13,Wed,12.12099,3.444
13,Wed,12.12263,6.949
13,Wed,12.12552,1.530
13,Wed,12.12617,3.646
13,Wed,12.13335,3.422
13,Wed,12.15067,14.002
13,Wed,12.15104,2.579
13,Wed,12.16405,3.347
13,Wed,12.18683,3.122
13,Wed,12.18816,3.629
13,Wed,12.19041,2.759
13,Wed,12.20038,2.233
13,Wed,12.20671,3.600
13,Wed,12.21187,0.815
13,Wed,12.22005,1.883
13,Wed,12.23335,0.768
13,Wed,12.23401,1.264
13,Wed,12.25850,2.900
13,Wed,12.28368,5.562
13,Wed,12.30403,1.291
13,Wed,12.30965,2.544
13,Wed,12.33164,9.921
13,Wed,12.33611,1.685
13,Wed,12.34252,5.436
13,Wed,12.35946,17.237
13,Wed,12.36199,2.847
13,Wed,12.36702,12.907
13,Wed,12.37516,2.838
13,Wed,12.37613,3.116
13,Wed,12.37889,9.781
13,Wed,12.37934,2.038
13,Wed,12.39619,4.641
13,Wed,12.43991,5.547
13,Wed,12.45880,3.309
13,Wed,12.46663,8.875
13,Wed,12.47773,2.843
13,Wed,12.47831,1.387
13,Wed,12.48160,5.413
13,Wed,12.48849,1.640
13,Wed,12.49503,3.377
13,Wed,12.52369,3.234
13,Wed,12.55859,3.995
13,Wed,12.56394,3.992
13,Wed,12.57203,1.524
13,Wed,12.57379,25.939
13,Wed,12.57713,3.430
13,Wed,12.58032,2.957
13,Wed,12.58650,3.656
13,Wed,12.60461,1.729
13,Wed,12.60911,9.293
13,Wed,12.62886,5.702
13,Wed,12.64681,2.528
13,Wed,12.64696,5.104
13,Wed,12.64722,4.402
13,Wed,12.64877,2.090
13,Wed,12.65114,6.247
13,Wed,12.65763,0.980
13,Wed,12.66206,1.066
13,Wed,12.71125,4.391
13,Wed,12.74017,2.699
13,Wed,12.74388,2.180
13,Wed,12.74512,3.578
13,Wed,12.74634,1.245
13,Wed,12.74765,5.380
13,Wed,12.75118,1.162
13,Wed,12.75675,7.814
13,Wed,12.75889,3.333
13,Wed,12.76952,3.534
13,Wed,12.77058,7.099
13,Wed,12.79841,5.149
13,Wed,12.80602,3.585
13,Wed,12.80863,1.472
13,Wed,12.82317,4.720
13,Wed,12.82757,3.089
13,Wed,12.84084,3.889
13,Wed,12.84274,6.221
13,Wed,12.84708,1.628
13,Wed,12.86499,1.203
13,Wed,12.86881,4.301
13,Wed,12.86890,0.972
13,Wed,12.88283,2.139
13,Wed,12.91241,4.611
13,Wed,12.91373,8.831
13,Wed,12.92215,2.185
13,Wed,12.92403,3.034
13,Wed,12.93899,1.578
13,Wed,12.95793,1.289
13,Wed,12.96433,7.313
13,Wed,12.96541,9.427
13,Wed,12.97369,1.464
13,Wed,12.98281,4.514
13,Wed,12.99353,1.953
13,Wed,12.99969,12.654
13,Wed,13.00526,2.801
13,Wed,13.01076,13.991
13,Wed,13.02592,2.733
13,Wed,13.03168,3.375
13,Wed,13.03764,3.840
13,Wed,13.03854,1.941
13,Wed,13.05831,2.354
13,Wed,13.07532,1.779
13,Wed,13.07878,1.702
13,Wed,13.10533,3.268
13,Wed,13.12108,4.411
13,Wed,13.13191,1.202
13,Wed,13.14564,1.567
13,Wed,13.15582,10.186
13,Wed,13.16711,1.931
13,Wed,13.19796,4.259
13,Wed,13.21552,4.240
13,Wed,13.22358,1.834
13,Wed,13.23438,3.653
13,Wed,13.23565,3.258
13,Wed,13.23728,3.779
13,Wed,13.24303,2.506
13,Wed,13.24954,3.372
13,Wed,13.27103,5.847
13,Wed,13.27697,6.407
13,Wed,13.28239,3.868
13,Wed,13.28309,0.558
13,Wed,13.28427,1.773
13,Wed,13.32308,3.979
13,Wed,13.32642,1.605
13,Wed,13.32925,10.498
13,Wed,13.33683,1.584
13,Wed,13.35172,0.954
13,Wed,13.36453,3.928
13,Wed,13.37009,3.853
13,Wed,13.37321,5.711
13,Wed,13.37785,11.726
13,Wed,13.38213,5.014
13,Wed,13.38597,3.050
13,Wed,13.41416,3.418
13,Wed,13.43559,1.381
13,Wed,13.44113,5.126
13,Wed,13.44470,0.964
13,Wed,13.48303,3.580
13,Wed,13.49347,1.472
13,Wed,13.49520,3.675
13,Wed,13.50957,3.475
13,Wed,13.51820,4.906
13,Wed,13.52555,1.548
13,Wed,13.53572,6.088
13,Wed,13.53776,7.091
13,Wed,13.55157,7.889
13,Wed,13.57521,2.103
13,Wed,13.57964,1.984
13,Wed,13.58487,3.612
13,Wed,13.59183,0.000
13,Wed,13.61041,8.384
13,Wed,13.62078,1.735
13,Wed,13.62450,5.006
13,Wed,13.64496,1.208
13,Wed,13.64947,2.433
13,Wed,13.65476,1.287
13,Wed,13.68292,2.503
13,Wed,13.69853,4.373
13,Wed,13.69939,4.501
13,Wed,13.71257,4.206
13,Wed,13.71629,8.287
13,Wed,13.72339,2.674
13,Wed,13.73559,2.741
13,Wed,13.75463,2.490
13,Wed,13.76068,1.000
13,Wed,13.76996,2.305
13,Wed,13.77056,0.496
13,Wed,13.77525,2.272
13,Wed,13.77848,9.498
13,Wed,13.77960,2.029
13,Wed,13.78705,1.187
13,Wed,13.79978,7.079
13,Wed,13.80175,17.605
13,Wed,13.82902,5.474
13,Wed,13.83085,1.936
13,Wed,13.83435,0.630
13,Wed,13.84121,0.660
13,Wed,13.84140,3.516
13,Wed,13.84420,2.137
13,Wed,13.86907,4.120
13,Wed,13.87766,12.060
13,Wed,13.87787,3.422
13,Wed,13.89084,3.250
13,Wed,13.92114,8.798
13,Wed,13.94713,2.325
13,Wed,13.95356,4.345
13,Wed,13.97350,3.627
13,Wed,13.97655,1.556
13,Wed,13.99951,2.150
13,Wed,14.00538,4.901
13,Wed,14.02883,2.724
13,Wed,14.03221,1.192
13,Wed,14.03545,10.357
13,Wed,14.05185,0.934
13,Wed,14.06370,3.155
13,Wed,14.06686,1.301
13,Wed,14.07500,5.585
13,Wed,14.08338,2.248
13,Wed,14.08470,2.228
13,Wed,14.09103,1.759
13,Wed,14.10063,3.369
13,Wed,14.10897,2.748
13,Wed,14.11065,1.900
13,Wed,14.12210,1.453
13,Wed,14.12279,5.047
13,Wed,14.12604,7.193
13,Wed,14.14147,3.848
13,Wed,14.14524,8.773
13,Wed,14.14643,12.330
13,Wed,14.16626,1.830
13,Wed,14.17118,2.011
13,Wed,14.17122,2.698
13,Wed,14.17354,3.753
13,Wed,14.17499,3.392
13,Wed,14.19467,1.974
13,Wed,14.19581,5.663
13,Wed,14.20364,6.710
13,Wed,14.20738,3.361
13,Wed,14.21056,3.393
13,Wed,14.22010,4.339
13,Wed,14.22020,2.531
13,Wed,14.24299,6.403
13,Wed,14.24351,8.928
13,Wed,14.24893,2.655
13,Wed,14.26253,7.621
13,Wed,14.26308,0.688
13,Wed,14.26569,2.416
13,Wed,14.27284,13.686
13,Wed,14.27746,1.598
13,Wed,14.28928,4.611
13,Wed,14.30445,6.669
13,Wed,14.30591,4.843
13,Wed,14.30930,2.545
13,Wed,14.31278,4.934
13,Wed,14.32734,4.757
13,Wed,14.33336,9.788
13,Wed,14.34522,4.274
13,Wed,14.35082,0.758
13,Wed,14.35996,12.497
13,Wed,14.38361,1.293
13,Wed,14.39501,8.958
13,Wed,14.40174,4.332
13,Wed,14.40577,1.261
13,Wed,14.41947,8.117
13,Wed,14.42441,6.759
13,Wed,14.42456,3.819
13,Wed,14.42993,1.732
13,Wed,14.43601,4.421
13,Wed,14.43717,1.683
13,Wed,14.45965,4.081
13,Wed,14.46125,1.527
13,Wed,14.48804,0.776
13,Wed,14.54325,3.008
13,Wed,14.57768,10.114
13,Wed,14.58642,4.687
13,Wed,14.59152,6.360
13,Wed,14.61633,3.521
13,Wed,14.62635,4.661
13,Wed,14.64217,1.607
13,Wed,14.66162,1.197
13,Wed,14.67692,1.915
13,Wed,14.68473,1.033
13,Wed,14.69480,2.366
13,Wed,14.69781,1.935
13,Wed,14.70813,5.995
13,Wed,14.71138,3.572
13,Wed,14.71455,2.117
13,Wed,14.71777,5.150
13,Wed,14.72286,7.184
13,Wed,14.72312,2.119
13,Wed,14.73056,11.964
13,Wed,14.73682,9.436
13,Wed,14.75366,0.869
13,Wed,14.75911,6.171
13,Wed,14.76460,2.230
13,Wed,14.77524,4.520
13,Wed,14.78701,7.706
13,Wed,14.78883,6.319
13,Wed,14.79605,1.624
13,Wed,14.79745,3.185
13,Wed,14.80369,4.856
13,Wed,14.80907,5.186
13,Wed,14.80980,6.989
13,Wed,14.81046,2.579
13,Wed,14.81373,1.979
13,Wed,14.82132,1.392
13,Wed,14.82389,1.575
13,Wed,14.82708,4.276
13,Wed,14.82927,3.272
13,Wed,14.84204,6.496
13,Wed,14.84699,5.533
13,Wed,14.84847,5.335
13,Wed,14.85209,1.198
13,Wed,14.85426,0.813
13,Wed,14.85637,5.059
13,Wed,14.85750,0.303
13,Wed,14.86358,3.157
13,Wed,14.87409,2.110
13,Wed,14.87912,1.592
13,Wed,14.88652,6.222
13,Wed,14.89399,6.855
13,Wed,14.92482,6.675
13,Wed,14.92810,1.970
13,Wed,14.93468,1.753
13,Wed,14.94879,2.086
13,Wed,14.94905,1.639
13,Wed,14.95188,9.289
13,Wed,14.95747,1.622
13,Wed,14.98379,3.274
13,Wed,14.98864,1.690
13,Wed,14.99781,5.517
13,Wed,15.03053,0.989
13,Wed,15.03820,3.315
13,Wed,15.07677,3.458
13,Wed,15.09072,1.691
13,Wed,15.13677,13.260
13,Wed,15.17292,1.923
13,Wed,15.19019,3.721
13,Wed,15.19544,9.470
13,Wed,15.22033,1.471
13,Wed,15.22550,0.000
13,Wed,15.22974,1.387
13,Wed,15.24094,10.105
13,Wed,15.24120,5.163
13,Wed,15.24802,1.955
13,Wed,15.25036,2.292
13,Wed,15.26039,6.018
13,Wed,15.26141,4.025
13,Wed,15.27547,4.147
13,Wed,15.30303,1.823
13,Wed,15.30771,2.560
13,Wed,15.30903,2.575
13,Wed,15.32462,4.438
13,Wed,15.32747,2.403
13,Wed,15.33410,1.893
13,Wed,15.33668,6.582
13,Wed,15.34393,4.664
13,Wed,15.35265,3.179
13,Wed,15.37190,13.784
13,Wed,15.38015,1.904
13,Wed,15.40719,3.771
13,Wed,15.42076,2.913
13,Wed,15.42201,6.596
13,Wed,15.42232,7.429
13,Wed,15.42701,2.371
13,Wed,15.43514,6.877
13,Wed,15.44702,0.762
13,Wed,15.45573,1.824
13,Wed,15.45723,3.662
13,Wed,15.46456,3.469
13,Wed,15.46594,8.191
13,Wed,15.46791,2.291
13,Wed,15.47747,2.040
13,Wed,15.48259,4.679
13,Wed,15.48539,4.031
13,Wed,15.48627,2.440
13,Wed,15.48633,4.783
13,Wed,15.50193,1.495
13,Wed,15.51394,3.093
13,Wed,15.51534,5.463
13,Wed,15.51612,5.846
13,Wed,15.54794,1.308
13,Wed,15.56184,2.214
13,Wed,15.57613,4.091
13,Wed,15.59278,5.276
13,Wed,15.59313,3.700
13,Wed,15.59337,1.262
13,Wed,15.60250,1.525
13,Wed,15.63655,0.990
13,Wed,15.64614,3.572
13,Wed,15.64859,4.008
13,Wed,15.66626,1.094
13,Wed,15.66642,1.798
13,Wed,15.67828,15.613
13,Wed,15.68070,7.392
13,Wed,15.71839,1.691
13,Wed,15.71986,11.278
13,Wed,15.73978,3.616
13,Wed,15.74175,1.579
13,Wed,15.74271,7.856
13,Wed,15.76867,14.572
13,Wed,15.77356,1.948
13,Wed,15.78134,1.689
13,Wed,15.80652,4.700
13,Wed,15.82290,4.519
13,Wed,15.84144,2.709
13,Wed,15.84684,1.563
13,Wed,15.85876,2.315
13,Wed,15.85991,1.641
13,Wed,15.86158,10.444
13,Wed,15.87832,11.172
13,Wed,15.90094,7.577
13,Wed,15.91074,2.701
13,Wed,15.92053,1.155
13,Wed,15.93840,5.082
13,Wed,15.95446,1.660
13,Wed,15.96737,0.873
13,Wed,15.98043,4.478
13,Wed,15.98539,3.894
13,Wed,15.99022,1.490
13,Wed,15.99517,1.760
13,Wed,16.01778,5.262
13,Wed,16.01952,3.964
13,Wed,16.04914,6.381
13,Wed,16.05688,4.209
13,Wed,16.06954,2.140
13,Wed,16.07644,6.230
13,Wed,16.08362,4.379
13,Wed,16.08377,6.201
13,Wed,16.09789,2.705
13,Wed,16.11607,4.933
13,Wed,16.12636,7.249
13,Wed,16.14482,5.560
13,Wed,16.15649,1.426
13,Wed,16.17077,0.992
13,Wed,16.18994,7.532
13,Wed,16.20895,9.016
13,Wed,16.22739,3.842
13,Wed,16.22815,3.252
13,Wed,16.22920,4.559
13,Wed,16.23415,3.412
13,Wed,16.23811,0.991
13,Wed,16.29792,2.970
13,Wed,16.30770,21.496
13,Wed,16.33884,2.499
13,Wed,16.34186,10.970
13,Wed,16.36162,4.993
13,Wed,16.36405,8.999
13,Wed,16.36553,3.060
13,Wed,16.36671,2.161
13,Wed,16.37605,2.797
13,Wed,16.38196,2.531
13,Wed,16.38253,0.911
13,Wed,16.38335,7.517
13,Wed,16.40718,4.542
13,Wed,16.42253,0.496
13,Wed,16.42846,3.981
13,Wed,16.43643,1.317
13,Wed,16.44459,3.204
13,Wed,16.46852,6.776
13,Wed,16.47888,1.366
13,Wed,16.49517,1.533
13,Wed,16.51334,0.916
13,Wed,16.54674,1.379
13,Wed,16.54743,0.922
13,Wed,16.55121,3.286
13,Wed,16.56641,6.116
13,Wed,16.57113,1.955
13,Wed,16.57554,3.283
13,Wed,16.57701,1.387
13,Wed,16.57822,5.121
13,Wed,16.58498,1.363
13,Wed,16.59300,2.495
13,Wed,16.60181,0.706
13,Wed,16.60881,3.745
13,Wed,16.64896,9.041
13,Wed,16.66098,4.616
13,Wed,16.66576,5.414
13,Wed,16.67404,5.068
13,Wed,16.68615,12.422
13,Wed,16.68941,1.323
13,Wed,16.69916,2.349
13,Wed,16.70338,3.076
13,Wed,16.72172,2.542
13,Wed,16.75999,2.231
13,Wed,16.77676,3.425
13,Wed,16.78245,5.910
13,Wed,16.78267,2.163
13,Wed,16.80585,1.297
13,Wed,16.80929,0.934
13,Wed,16.82851,1.829
13,Wed,16.82912,5.467
13,Wed,16.86392,2.938
13,Wed,16.87228,1.510
13,Wed,16.88892,1.657
13,Wed,16.91171,5.145
13,Wed,16.93579,1.855
13,Wed,16.94558,2.381
13,Wed,16.96819,1.673
13,Wed,16.96996,6.495
13,Wed,17.00341,2.464
13,Wed,17.02929,3.409
13,Wed,17.02967,3.761
13,Wed,17.03171,1.930
13,Wed,17.04357,1.901
13,Wed,17.05066,2.585
13,Wed,17.06782,4.030
13,Wed,17.12731,3.169
13,Wed,17.13290,1.849
13,Wed,17.14472,3.509
13,Wed,17.16584,1.659
13,Wed,17.19054,4.220
13,Wed,17.20585,9.300
13,Wed,17.21651,1.492
13,Wed,17.23681,2.500
13,Wed,17.34129,1.082
13,Wed,17.35154,4.561
13,Wed,17.38108,0.954
13,Wed,17.40431,7.963
13,Wed,17.41668,1.949
13,Wed,17.42278,1.045
13,Wed,17.42392,2.315
13,Wed,17.51583,4.543
13,Wed,17.51670,1.803
13,Wed,17.51854,5.051
13,Wed,17.56629,4.457
13,Wed,17.59405,3.015
13,Wed,17.61661,1.632
13,Wed,17.63644,4.346
13,Wed,17.64030,4.491
13,Wed,17.66718,6.588
13,Wed,17.66840,3.059
13,Wed,17.69340,2.964
13,Wed,17.73052,2.274
13,Wed,17.73476,2.089
13,Wed,17.76747,15.961
13,Wed,17.76818,2.801
13,Wed,17.77602,1.124
13,Wed,17.77866,2.861
13,Wed,17.78236,3.662
13,Wed,17.81469,4.420
13,Wed,17.88700,2.671
13,Wed,17.90068,0.730
13,Wed,17.90342,1.808
13,Wed,17.91742,3.436
13,Wed,17.92558,4.460
13,Wed,17.92988,1.922
13,Wed,17.93349,2.357
13,Wed,17.95294,2.117
13,Wed,18.00157,4.872
13,Wed,18.02609,12.933
13,Wed,18.03437,4.142
13,Wed,18.04496,2.169
13,Wed,18.06771,2.201
13,Wed,18.07076,5.274
13,Wed,18.07495,1.420
13,Wed,18.12736,1.427
13,Wed,18.15417,1.320
13,Wed,18.17173,1.282
13,Wed,18.18221,2.754
13,Wed,18.18284,1.955
13,Wed,18.19520,1.991
13,Wed,18.20862,2.109
13,Wed,18.20950,2.854
13,Wed,18.21745,1.396
13,Wed,18.22352,1.695
13,Wed,18.24364,2.244
13,Wed,18.27714,1.386
13,Wed,18.27917,7.549
13,Wed,18.27988,0.918
13,Wed,18.31002,7.174
13,Wed,18.32517,1.807
13,Wed,18.33240,1.526
13,Wed,18.33812,1.314
13,Wed,18.34556,4.339
13,Wed,18.37466,5.778
13,Wed,18.40583,7.281
13,Wed,18.43299,1.517
13,Wed,18.44722,0.000
13,Wed,18.44768,1.719
13,Wed,18.49346,2.352
13,Wed,18.50208,0.930
13,Wed,18.59635,1.947
13,Wed,18.59763,1.785
13,Wed,18.60697,8.311
13,Wed,18.62542,2.869
13,Wed,18.64482,1.836
13,Wed,18.64530,0.377
13,Wed,18.66340,2.271
13,Wed,18.66407,4.391
13,Wed,18.66477,6.123
13,Wed,18.66910,1.554
13,Wed,18.70186,3.708
13,Wed,18.70434,3.005
13,Wed,18.71250,2.026
13,Wed,18.74725,2.544
13,Wed,18.76304,4.874
13,Wed,18.76599,1.125
13,Wed,18.77648,2.810
13,Wed,18.80029,4.266
13,Wed,18.82950,7.476
13,Wed,18.85702,4.140
13,Wed,18.86931,3.569
13,Wed,18.93013,1.681
13,Wed,18.93350,4.964
13,Wed,18.96129,4.220
13,Wed,18.97544,2.557
13,Wed,18.99506,2.583
13,Wed,19.00254,3.371
13,Wed,19.10471,2.092
13,Wed,19.12303,3.998
13,Wed,19.14894,3.561
13,Wed,19.16423,0.757
13,Wed,19.22754,7.584
13,Wed,19.26252,6.154
13,Wed,19.26664,8.626
13,Wed,19.33334,5.409
13,Wed,19.34112,5.199
13,Wed,19.34360,5.935
13,Wed,19.35019,3.488
13,Wed,19.38759,6.083
13,Wed,19.40290,3.604
13,Wed,19.41051,4.811
13,Wed,19.41230,1.564
13,Wed,19.45091,1.022
13,Wed,19.49518,1.744
13,Wed,19.56358,3.253
13,Wed,19.58996,2.208
13,Wed,19.59117,8.621
13,Wed,19.59841,1.808
13,Wed,19.63907,4.252
13,Wed,19.65676,3.252
13,Wed,19.68343,0.436
13,Wed,19.68804,3.467
13,Wed,19.73611,4.090
13,Wed,19.78514,2.743
13,Wed,19.78706,6.808
13,Wed,19.84015,4.572
13,Wed,19.86844,2.147
13,Wed,19.98108,4.908
14,Thu,8.03965,1.225
14,Thu,8.07230,3.918
14,Thu,8.09340,2.607
14,Thu,8.10925,7.278
14,Thu,8.12217,4.984
14,Thu,8.13576,2.480
14,Thu,8.17294,3.608
14,Thu,8.19252,2.146
14,Thu,8.19399,2.910
14,Thu,8.20763,1.481
14,Thu,8.23622,1.029
14,Thu,8.23888,0.271
14,Thu,8.25339,3.316
14,Thu,8.26281,18.660
14,Thu,8.26893,2.972
14,Thu,8.30579,4.864
14,Thu,8.34161,1.394
14,Thu,8.34267,3.055
14,Thu,8.34331,2.026
14,Thu,8.34756,2.492
14,Thu,8.36751,0.714
14,Thu,8.37109,5.494
14,Thu,8.44336,5.212
14,Thu,8.47682,2.910
14,Thu,8.49292,4.582
14,Thu,8.49621,0.831
14,Thu,8.50002,4.015
14,Thu,8.50724,2.867
14,Thu,8.52091,1.637
14,Thu,8.52127,4.023
14,Thu,8.52881,5.750
14,Thu,8.53606,2.286
14,Thu,8.55344,4.965
14,Thu,8.55405,4.154
14,Thu,8.55713,2.844
14,Thu,8.57356,2.087
14,Thu,8.61774,2.707
14,Thu,8.67166,4.866
14,Thu,8.69397,2.682
14,Thu,8.69620,0.894
14,Thu,8.70755,8.996
14,Thu,8.73845,3.751
14,Thu,8.75167,3.239
14,Thu,8.78725,3.228
14,Thu,8.80446,3.906
14,Thu,8.81478,3.241
14,Thu,8.83829,1.285
14,Thu,8.84741,2.861
14,Thu,8.86015,2.464
14,Thu,8.87129,2.704
14,Thu,8.90084,3.769
14,Thu,8.91285,3.767
14,Thu,8.91774,1.132
14,Thu,8.92775,2.793
14,Thu,8.93451,1.391
14,Thu,8.94766,4.351
14,Thu,8.95748,10.131
14,Thu,8.96218,3.307
14,Thu,8.96343,3.416
14,Thu,8.98142,2.703
14,Thu,8.98241,2.542
14,Thu,8.98388,2.064
14,Thu,8.98646,8.925
14,Thu,8.98862,2.218
14,Thu,9.03124,5.316
14,Thu,9.03543,3.780
14,Thu,9.04815,11.597
14,Thu,9.04877,4.700
14,Thu,9.05213,0.520
14,Thu,9.07067,6.485
14,Thu,9.08449,0.271
14,Thu,9.11002,3.493
14,Thu,9.12206,5.424
14,Thu,9.13370,1.872
14,Thu,9.13387,5.138
14,Thu,9.14367,5.142
14,Thu,9.16067,7.938
14,Thu,9.17932,6.708
14,Thu,9.18293,1.436
14,Thu,9.19614,5.105
14,Thu,9.21023,3.391
14,Thu,9.22850,2.111
14,Thu,9.25096,0.829
14,Thu,9.25613,3.708
14,Thu,9.30193,1.592
14,Thu,9.30602,6.405
14,Thu,9.31925,1.979
14,Thu,9.32082,3.543
14,Thu,9.32469,1.506
14,Thu,9.32709,2.830
14,Thu,9.34150,1.273
14,Thu,9.34853,11.484
14,Thu,9.35269,4.213
14,Thu,9.36376,3.288
14,Thu,9.37663,4.805
14,Thu,9.38158,1.350
14,Thu,9.38180,0.704
14,Thu,9.39570,0.832
14,Thu,9.39677,1.275
14,Thu,9.42480,2.320
14,Thu,9.45007,4.589
14,Thu,9.45117,3.535
14,Thu,9.46179,3.123
14,Thu,9.47109,5.315
14,Thu,9.47419,7.676
14,Thu,9.48120,4.185
14,Thu,9.48925,4.055
14,Thu,9.51222,4.182
14,Thu,9.51725,2.144
14,Thu,9.52203,6.080
14,Thu,9.55194,4.089
14,Thu,9.55444,3.199
14,Thu,9.55697,5.713
14,Thu,9.56018,5.475
14,Thu,9.57090,7.022
14,Thu,9.57372,5.798
14,Thu,9.57924,3.897
14,Thu,9.59175,10.703
14,Thu,9.60589,4.356
14,Thu,9.61593,6.968
14,Thu,9.61623,6.957
14,Thu,9.61651,1.282
14,Thu,9.62196,4.636
14,Thu,9.63203,2.918
14,Thu,9.63614,4.303
14,Thu,9.64760,11.815
14,Thu,9.64868,1.766
14,Thu,9.65001,1.766
14,Thu,9.65184,4.537
14,Thu,9.66437,3.524
14,Thu,9.66953,1.579
14,Thu,9.67213,5.334
14,Thu,9.67595,4.085
14,Thu,9.68172,1.685
14,Thu,9.68318,2.642
14,Thu,9.69957,3.002
14,Thu,9.73231,6.282
14,Thu,9.73464,1.803
14,Thu,9.74315,10.168
14,Thu,9.75758,0.814
14,Thu,9.75784,16.124
14,Thu,9.75998,1.377
14,Thu,9.76511,12.180
14,Thu,9.77267,3.702
14,Thu,9.77363,2.692
14,Thu,9.77839,2.019
14,Thu,9.78794,1.674
14,Thu,9.79170,4.134
14,Thu,9.80384,8.111
14,Thu,9.81328,1.329
14,Thu,9.82178,1.436
14,Thu,9.82205,2.156
14,Thu,9.82881,4.032
14,Thu,9.84712,3.611
14,Thu,9.84926,6.999
14,Thu,9.85550,6.722
14,Thu,9.85686,1.703
14,Thu,9.86092,1.613
14,Thu,9.86117,2.928
14,Thu,9.87237,1.854
14,Thu,9.87996,2.227
14,Thu,9.88463,3.401
14,Thu,9.88826,3.549
14,Thu,9.89414,1.619
14,Thu,9.89884,2.235
14,Thu,9.92139,5.240
14,Thu,9.92756,2.538
14,Thu,9.92984,3.102
14,Thu,9.93715,3.632
14,Thu,9.95725,2.002
14,Thu,9.95750,5.371
14,Thu,9.96514,1.961
14,Thu,9.96989,3.482
14,Thu,9.99166,3.973
14,Thu,9.99592,2.325
14,Thu,9.99713,2.592
14,Thu,9.99890,4.900
14,Thu,10.00081,1.679
14,Thu,10.00181,3.341
14,Thu,10.00184,9.879
14,Thu,10.01672,1.849
14,Thu,10.02661,7.183
14,Thu,10.03209,2.197
14,Thu,10.03401,3.792
14,Thu,10.03777,1.527
14,Thu,10.03840,3.251
14,Thu,10.04311,2.323
14,Thu,10.05104,1.987
14,Thu,10.06218,2.594
14,Thu,10.06917,6.203
14,Thu,10.07146,7.383
14,Thu,10.07724,1.575
14,Thu,10.08977,6.584
14,Thu,10.08997,6.364
14,Thu,10.09131,7.484
14,Thu,10.09744,3.413
14,Thu,10.09789,4.871
14,Thu,10.10628,4.634
14,Thu,10.10764,3.183
14,Thu,10.11127,3.116
14,Thu,10.11552,2.719
14,Thu,10.11948,3.732
14,Thu,10.12144,5.171
14,Thu,10.12314,2.708
14,Thu,10.12607,2.374
14,Thu,10.13015,2.803
14,Thu,10.13965,3.160
14,Thu,10.14425,2.753
14,Thu,10.14714,2.324
14,Thu,10.15026,3.590
14,Thu,10.15297,2.792
14,Thu,10.15406,1.364
14,Thu,10.15432,6.953
14,Thu,10.15568,2.194
14,Thu,10.15759,1.939
14,Thu,10.16030,1.581
14,Thu,10.16137,1.325
14,Thu,10.16674,5.756
14,Thu,10.17240,2.388
14,Thu,10.20288,7.023
14,Thu,10.20327,2.369
14,Thu,10.21602,2.333
14,Thu,10.21682,1.777
14,Thu,10.21880,5.780
14,Thu,10.22932,2.545
14,Thu,10.23021,1.110
14,Thu,10.23168,2.376
14,Thu,10.24088,2.520
14,Thu,10.25164,3.755
14,Thu,10.25278,4.855
14,Thu,10.25750,4.419
14,Thu,10.27000,2.240
14,Thu,10.28139,6.628
14,Thu,10.28463,6.670
14,Thu,10.28978,4.368
14,Thu,10.29388,0.816
14,Thu,10.29537,3.623
14,Thu,10.29791,2.442
14,Thu,10.30323,1.156
14,Thu,10.31177,1.385
14,Thu,10.31546,2.453
14,Thu,10.32975,14.325
14,Thu,10.34229,4.032
14,Thu,10.35648,16.418
14,Thu,10.35991,4.243
14,Thu,10.36917,6.359
14,Thu,10.37069,3.806
14,Thu,10.37936,1.079
14,Thu,10.38513,2.803
14,Thu,10.39180,2.078
14,Thu,10.39668,6.200
14,Thu,10.40573,5.224
14,Thu,10.40825,1.101
14,Thu,10.43080,2.555
14,Thu,10.43524,1.356
14,Thu,10.44189,5.613
14,Thu,10.44995,2.555
14,Thu,10.46938,4.435
14,Thu,10.47777,4.914
14,Thu,10.49735,2.461
14,Thu,10.50257,2.869
14,Thu,10.50693,2.260
14,Thu,10.52787,5.331
14,Thu,10.54172,5.704
14,Thu,10.54440,2.811
14,Thu,10.54614,0.676
14,Thu,10.54732,3.123
14,Thu,10.55378,3.436
14,Thu,10.57692,3.037
14,Thu,10.58419,6.844
14,Thu,10.58705,1.775
14,Thu,10.58909,8.483
14,Thu,10.59398,3.547
14,Thu,10.59413,3.979
14,Thu,10.60070,0.629
14,Thu,10.60317,4.532
14,Thu,10.60621,2.187
14,Thu,10.61208,3.926
14,Thu,10.62310,4.381
14,Thu,10.62385,3.967
14,Thu,10.64148,1.270
14,Thu,10.64386,3.258
14,Thu,10.64545,1.595
14,Thu,10.64631,4.820
14,Thu,10.66004,2.206
14,Thu,10.67063,9.430
14,Thu,10.67976,0.795
14,Thu,10.67998,1.201
14,Thu,10.68202,4.018
14,Thu,10.68388,2.489
14,Thu,10.69347,4.718
14,Thu,10.69474,1.930
14,Thu,10.69805,2.401
14,Thu,10.70410,6.974
14,Thu,10.70567,2.134
14,Thu,10.72376,0.374
14,Thu,10.73414,4.819
14,Thu,10.73442,2.512
14,Thu,10.74052,4.176
14,Thu,10.74571,3.123
14,Thu,10.75426,3.663
14,Thu,10.75454,2.657
14,Thu,10.75875,8.283
14,Thu,10.77635,9.373
14,Thu,10.77826,2.531
14,Thu,10.78074,0.645
14,Thu,10.78199,4.369
14,Thu,10.78988,1.120
14,Thu,10.79162,2.529
14,Thu,10.79233,4.568
14,Thu,10.79436,3.102
14,Thu,10.79514,9.119
14,Thu,10.81374,1.365
14,Thu,10.82142,8.890
14,Thu,10.82430,2.445
14,Thu,10.82798,3.508
14,Thu,10.83050,3.406
14,Thu,10.83844,0.848
14,Thu,10.84450,4.234
14,Thu,10.84903,1.854
14,Thu,10.86185,6.510
14,Thu,10.86554,3.871
14,Thu,10.87256,2.600
14,Thu,10.87600,6.835
14,Thu,10.90115,1.599
14,Thu,10.90275,2.034
14,Thu,10.91295,5.074
14,Thu,10.92476,7.933
14,Thu,10.93582,5.462
14,Thu,10.94063,4.183
14,Thu,10.97097,5.848
14,Thu,10.98255,12.001
14,Thu,10.98534,2.887
14,Thu,10.98735,4.851
14,Thu,10.99347,4.685
14,Thu,11.01055,2.147
14,Thu,11.01097,1.226
14,Thu,11.01190,5.102
14,Thu,11.01238,1.466
14,Thu,11.02530,2.253
14,Thu,11.02562,1.261
14,Thu,11.03377,1.820
14,Thu,11.03758,0.991
14,Thu,11.04856,4.286
14,Thu,11.06918,6.357
14,Thu,11.07765,1.891
14,Thu,11.08553,4.973
14,Thu,11.09295,16.209
14,Thu,11.11262,1.044
14,Thu,11.12814,3.083
14,Thu,11.12838,11.621
14,Thu,11.13088,3.766
14,Thu,11.15044,3.294
14,Thu,11.15234,1.234
14,Thu,11.15642,6.182
14,Thu,11.16137,7.488
14,Thu,11.16357,9.866
14,Thu,11.16768,2.072
14,Thu,11.16810,1.307
14,Thu,11.17613,0.818
14,Thu,11.17614,3.236
14,Thu,11.18377,6.778
14,Thu,11.18794,6.582
14,Thu,11.18972,10.085
14,Thu,11.20997,2.555
14,Thu,11.21589,7.040
14,Thu,11.21598,2.434
14,Thu,11.21980,1.889
14,Thu,11.22256,5.731
14,Thu,11.22314,2.558
14,Thu,11.23295,3.711
14,Thu,11.23390,5.329
14,Thu,11.23678,2.344
14,Thu,11.24438,2.076
14,Thu,11.26467,8.660
14,Thu,11.26993,5.822
14,Thu,11.27354,5.757
14,Thu,11.27796,13.601
14,Thu,11.28193,4.763
14,Thu,11.28298,10.216
14,Thu,11.29179,0.693
14,Thu,11.29570,1.246
14,Thu,11.33441,1.662
14,Thu,11.34784,4.957
14,Thu,11.34830,3.742
14,Thu,11.37138,2.640
14,Thu,11.38217,7.419
14,Thu,11.38505,4.558
14,Thu,11.40861,4.567
14,Thu,11.41557,8.427
14,Thu,11.41843,0.639
14,Thu,11.42362,2.356
14,Thu,11.42384,7.177
14,Thu,11.43595,0.869
14,Thu,11.43851,10.943
14,Thu,11.45622,14.833
14,Thu,11.46866,7.644
14,Thu,11.47398,2.410
14,Thu,11.47995,2.458
14,Thu,11.48694,4.274
14,Thu,11.49024,1.856
14,Thu,11.49789,4.858
14,Thu,11.52026,3.344
14,Thu,11.52765,4.878
14,Thu,11.54457,1.130
14,Thu,11.54770,7.085
14,Thu,11.55301,6.182
14,Thu,11.56174,0.581
14,Thu,11.56186,3.746
14,Thu,11.56251,2.161
14,Thu,11.56912,4.608
14,Thu,11.57790,2.572
14,Thu,11.57922,0.789
14,Thu,11.58437,2.919
14,Thu,11.58718,3.777
14,Thu,11.59218,2.755
14,Thu,11.61408,5.728
14,Thu,11.62093,3.506
14,Thu,11.62114,4.291
14,Thu,11.63615,8.052
14,Thu,11.64432,0.721
14,Thu,11.65638,5.138
14,Thu,11.65710,3.515
14,Thu,11.69111,5.551
14,Thu,11.69217,9.361
14,Thu,11.69350,5.626
14,Thu,11.69532,5.489
14,Thu,11.69606,7.214
14,Thu,11.69972,3.279
14,Thu,11.70202,6.982
14,Thu,11.70811,1.914
14,Thu,11.72982,10.480
14,Thu,11.74349,5.443
14,Thu,11.75237,2.825
14,Thu,11.75290,2.058
14,Thu,11.75929,3.939
14,Thu,11.76129,1.497
14,Thu,11.76671,12.750
14,Thu,11.77160,4.080
14,Thu,11.78522,3.903
14,Thu,11.79244,1.948
14,Thu,11.80095,3.266
14,Thu,11.80734,1.353
14,Thu,11.83159,1.385
14,Thu,11.85310,2.572
14,Thu,11.86161,1.877
14,Thu,11.87955,5.028
14,Thu,11.90221,2.803
14,Thu,11.91071,1.631
14,Thu,11.91406,1.947
14,Thu,11.91649,4.137
14,Thu,11.94750,3.964
14,Thu,11.95443,6.360
14,Thu,11.96772,2.890
14,Thu,11.96920,2.761
14,Thu,11.98774,1.713
14,Thu,11.98790,1.425
14,Thu,12.00521,2.387
14,Thu,12.00997,16.310
14,Thu,12.01701,3.340
14,Thu,12.02473,4.473
14,Thu,12.03181,4.611
14,Thu,12.03956,3.683
14,Thu,12.05398,5.091
14,Thu,12.06979,2.652
14,Thu,12.07795,9.420
14,Thu,12.08743,19.612
14,Thu,12.09115,0.974
14,Thu,12.10339,2.917
14,Thu,12.10814,1.721
14,Thu,12.13292,2.623
14,Thu,12.13619,0.000
14,Thu,12.15149,3.876
14,Thu,12.15327,3.199
14,Thu,12.15364,2.797
14,Thu,12.15782,3.787
14,Thu,12.15881,2.406
14,Thu,12.16285,5.041
14,Thu,12.16339,3.497
14,Thu,12.18715,1.634
14,Thu,12.19028,4.049
14,Thu,12.19068,1.572
14,Thu,12.19343,9.956
14,Thu,12.19395,5.113
14,Thu,12.19635,7.390
14,Thu,12.20015,1.395
14,Thu,12.20181,1.550
14,Thu,12.21042,6.079
14,Thu,12.21190,4.270
14,Thu,12.23281,1.796
14,Thu,12.24842,1.833
14,Thu,12.25594,3.311
14,Thu,12.26287,4.458
14,Thu,12.27093,5.062
14,Thu,12.28080,19.438
14,Thu,12.28433,6.810
14,Thu,12.28614,4.201
14,Thu,12.28884,1.537
14,Thu,12.29974,2.088
14,Thu,12.30487,3.836
14,Thu,12.33113,7.596
14,Thu,12.33300,5.394
14,Thu,12.35279,4.462
14,Thu,12.35999,0.491
14,Thu,12.38550,1.350
14,Thu,12.40101,2.461
14,Thu,12.41679,1.863
14,Thu,12.41770,2.708
14,Thu,12.42413,7.820
14,Thu,12.44779,3.177
14,Thu,12.45448,6.313
14,Thu,12.45699,1.589
14,Thu,12.48905,4.883
14,Thu,12.49217,2.714
14,Thu,12.49920,2.725
14,Thu,12.50105,6.402
14,Thu,12.50429,3.182
14,Thu,12.52512,7.713
14,Thu,12.55062,4.039
14,Thu,12.55423,2.818
14,Thu,12.57259,7.418
14,Thu,12.57899,4.315
14,Thu,12.57921,2.867
14,Thu,12.57965,2.641
14,Thu,12.57976,1.831
14,Thu,12.59030,0.764
14,Thu,12.61366,1.845
14,Thu,12.61518,5.778
14,Thu,12.65427,3.017
14,Thu,12.66094,4.854
14,Thu,12.66306,1.545
14,Thu,12.66963,4.104
14,Thu,12.69191,1.673
14,Thu,12.72916,2.118
14,Thu,12.73322,2.913
14,Thu,12.75197,1.987
14,Thu,12.76825,3.815
14,Thu,12.78599,0.499
14,Thu,12.79230,6.061
14,Thu,12.80139,3.052
14,Thu,12.82483,5.356
14,Thu,12.82982,4.432
14,Thu,12.83448,2.083
14,Thu,12.84023,2.129
14,Thu,12.84238,4.276
14,Thu,12.84447,2.866
14,Thu,12.84906,2.105
14,Thu,12.84914,2.622
14,Thu,12.85382,1.353
14,Thu,12.85817,4.593
14,Thu,12.86291,1.851
14,Thu,12.86670,1.923
14,Thu,12.87235,4.179
14,Thu,12.87557,2.822
14,Thu,12.88287,2.794
14,Thu,12.88441,2.462
14,Thu,12.88740,1.184
14,Thu,12.88895,2.051
14,Thu,12.89057,1.171
14,Thu,12.89778,1.772
14,Thu,12.90351,2.471
14,Thu,12.90572,2.421
14,Thu,12.91036,1.414
14,Thu,12.92443,2.405
14,Thu,12.93112,2.924
14,Thu,12.93491,4.882
14,Thu,12.93847,2.032
14,Thu,12.96329,2.364
14,Thu,12.96544,4.251
14,Thu,12.96568,5.778
14,Thu,12.96828,4.445
14,Thu,12.97380,7.059
14,Thu,12.97647,3.556
14,Thu,12.98457,3.125
14,Thu,12.99477,3.782
14,Thu,12.99943,4.282
14,Thu,13.01471,2.224
14,Thu,13.01644,1.686
14,Thu,13.04109,8.481
14,Thu,13.04582,4.237
14,Thu,13.05893,2.542
14,Thu,13.06123,1.939
14,Thu,13.08259,5.364
14,Thu,13.10731,3.300
14,Thu,13.11446,12.576
14,Thu,13.11741,4.425
14,Thu,13.12483,5.101
14,Thu,13.16059,7.339
14,Thu,13.16446,1.846
14,Thu,13.17336,1.656
14,Thu,13.18165,9.758
14,Thu,13.20308,4.206
14,Thu,13.21297,1.291
14,Thu,13.22038,2.736
14,Thu,13.22394,1.587
14,Thu,13.23071,4.061
14,Thu,13.23320,3.032
14,Thu,13.23875,2.756
14,Thu,13.24762,1.070
14,Thu,13.27099,6.371
14,Thu,13.28631,2.340
14,Thu,13.28915,2.019
14,Thu,13.29177,2.309
14,Thu,13.30064,0.400
14,Thu,13.30873,4.067
14,Thu,13.31676,2.138
14,Thu,13.33136,3.542
14,Thu,13.34870,2.606
14,Thu,13.34958,0.740
14,Thu,13.35152,6.433
14,Thu,13.36114,1.576
14,Thu,13.37573,1.469
14,Thu,13.38282,1.818
14,Thu,13.39681,3.512
14,Thu,13.41472,1.070
14,Thu,13.41946,0.813
14,Thu,13.42682,2.896
14,Thu,13.43892,5.879
14,Thu,13.44815,4.789
14,Thu,13.45344,2.541
14,Thu,13.46405,4.646
14,Thu,13.46680,3.422
14,Thu,13.46915,2.160
14,Thu,13.47130,8.980
14,Thu,13.48440,1.976
14,Thu,13.51053,2.012
14,Thu,13.52441,7.649
14,Thu,13.52508,5.526
14,Thu,13.54724,6.133
14,Thu,13.56372,1.725
14,Thu,13.58569,5.207
14,Thu,13.59264,2.586
14,Thu,13.59291,5.211
14,Thu,13.59843,15.931
14,Thu,13.61623,0.875
14,Thu,13.62310,2.237
14,Thu,13.62407,1.044
14,Thu,13.64927,1.423
14,Thu,13.65058,5.197
14,Thu,13.65945,1.317
14,Thu,13.65971,4.420
14,Thu,13.66837,4.888
14,Thu,13.67078,8.081
14,Thu,13.67505,3.540
14,Thu,13.68079,1.638
14,Thu,13.69330,1.770
14,Thu,13.70062,2.708
14,Thu,13.70928,1.847
14,Thu,13.72231,5.338
14,Thu,13.76101,2.499
14,Thu,13.77174,6.211
14,Thu,13.78595,0.795
14,Thu,13.78793,1.662
14,Thu,13.79235,9.920
14,Thu,13.79879,2.904
14,Thu,13.79941,6.168
14,Thu,13.81156,2.552
14,Thu,13.81333,2.502
14,Thu,13.82923,5.274
14,Thu,13.84242,2.724
14,Thu,13.85027,5.224
14,Thu,13.87854,1.678
14,Thu,13.88358,2.838
14,Thu,13.89726,3.493
14,Thu,13.92022,1.673
14,Thu,13.92303,3.742
14,Thu,13.92435,9.331
14,Thu,13.92958,4.118
14,Thu,13.93155,3.376
14,Thu,13.93169,3.116
14,Thu,13.93651,3.741
14,Thu,13.94443,1.028
14,Thu,13.95841,2.529
14,Thu,13.96159,4.964
14,Thu,13.96221,4.929
14,Thu,13.96736,6.639
14,Thu,13.97708,2.451
14,Thu,13.97730,0.962
14,Thu,13.97765,1.601
14,Thu,13.98447,2.910
14,Thu,13.98776,3.527
14,Thu,13.99417,1.863
14,Thu,13.99764,2.229
14,Thu,13.99969,3.571
14,Thu,14.00190,15.918
14,Thu,14.01505,2.216
14,Thu,14.01648,7.083
14,Thu,14.01749,4.268
14,Thu,14.02439,2.604
14,Thu,14.02750,4.786
14,Thu,14.06833,2.812
14,Thu,14.08913,1.787
14,Thu,14.09139,7.696
14,Thu,14.09934,1.765
14,Thu,14.11402,3.398
14,Thu,14.12242,2.202
14,Thu,14.12688,4.442
14,Thu,14.12933,0.810
14,Thu,14.13504,4.049
14,Thu,14.13641,4.380
14,Thu,14.14290,4.171
14,Thu,14.16511,3.647
14,Thu,14.16960,3.453
14,Thu,14.17714,2.434
14,Thu,14.18113,8.575
14,Thu,14.18121,3.730
14,Thu,14.19087,3.995
14,Thu,14.20733,1.469
14,Thu,14.21184,8.965
14,Thu,14.21255,1.725
14,Thu,14.22770,2.516
14,Thu,14.24567,19.281
14,Thu,14.25557,12.704
14,Thu,14.26303,0.827
14,Thu,14.26759,8.553
14,Thu,14.27948,1.698
14,Thu,14.29052,4.726
14,Thu,14.30572,2.432
14,Thu,14.30646,0.898
14,Thu,14.30732,2.285
14,Thu,14.32472,6.951
14,Thu,14.33164,2.542
14,Thu,14.33671,2.043
14,Thu,14.35082,11.724
14,Thu,14.37519,0.307
14,Thu,14.38309,4.357
14,Thu,14.38586,0.000
14,Thu,14.39965,2.346
14,Thu,14.40697,2.792
14,Thu,14.40715,2.994
14,Thu,14.43610,2.649
14,Thu,14.44250,5.215
14,Thu,14.44506,19.185
14,Thu,14.45532,8.099
14,Thu,14.45854,5.783
14,Thu,14.46123,1.986
14,Thu,14.48371,5.673
14,Thu,14.48975,6.489
14,Thu,14.50031,1.969
14,Thu,14.50563,2.463
14,Thu,14.52217,6.293
14,Thu,14.54391,16.425
14,Thu,14.54540,2.589
14,Thu,14.55068,1.039
14,Thu,14.57012,4.910
14,Thu,14.59478,1.493
14,Thu,14.59793,1.312
14,Thu,14.60439,2.529
14,Thu,14.62116,2.156
14,Thu,14.62446,2.103
14,Thu,14.62576,2.980
14,Thu,14.64348,1.897
14,Thu,14.64472,2.401
14,Thu,14.65406,2.018
14,Thu,14.68869,3.752
14,Thu,14.70182,6.041
14,Thu,14.71197,3.908
14,Thu,14.74872,5.783
14,Thu,14.76144,7.208
14,Thu,14.76272,2.199
14,Thu,14.77548,1.414
14,Thu,14.78032,2.670
14,Thu,14.78070,1.743
14,Thu,14.78566,1.636
14,Thu,14.79170,2.822
14,Thu,14.79494,2.074
14,Thu,14.80300,1.652
14,Thu,14.83782,3.294
14,Thu,14.84344,1.748
14,Thu,14.84393,8.460
14,Thu,14.84478,3.333
14,Thu,14.87078,2.215
14,Thu,14.88534,8.768
14,Thu,14.88758,10.305
14,Thu,14.89447,6.075
14,Thu,14.89660,2.325
14,Thu,14.90890,3.680
14,Thu,14.90938,1.870
14,Thu,14.91239,6.410
14,Thu,14.92003,2.487
14,Thu,14.92123,1.704
14,Thu,14.92824,0.834
14,Thu,14.93848,4.000
14,Thu,14.96376,4.807
14,Thu,14.96754,1.828
14,Thu,14.96921,4.869
14,Thu,14.97040,3.705
14,Thu,14.97368,3.196
14,Thu,14.98975,3.650
14,Thu,14.99277,5.164
14,Thu,15.02449,1.704
14,Thu,15.03060,0.507
14,Thu,15.03452,6.069
14,Thu,15.04068,3.280
14,Thu,15.04523,1.891
14,Thu,15.05530,2.118
14,Thu,15.06344,8.364
14,Thu,15.08438,0.000
14,Thu,15.08944,4.370
14,Thu,15.10170,2.071
14,Thu,15.11398,1.658
14,Thu,15.12645,4.440
14,Thu,15.13067,4.852
14,Thu,15.15105,3.430
14,Thu,15.15908,1.515
14,Thu,15.16386,2.259
14,Thu,15.17078,2.681
14,Thu,15.18065,2.803
14,Thu,15.19621,2.707
14,Thu,15.20043,3.080
14,Thu,15.20448,2.097
14,Thu,15.20917,3.280
14,Thu,15.22202,7.051
14,Thu,15.25063,1.844
14,Thu,15.26715,0.957
14,Thu,15.27996,7.892
14,Thu,15.29026,3.889
14,Thu,15.29659,2.792
14,Thu,15.30011,17.596
14,Thu,15.30012,2.048
14,Thu,15.32134,1.406
14,Thu,15.33496,9.620
14,Thu,15.34956,1.303
14,Thu,15.35432,7.994
14,Thu,15.36179,1.764
14,Thu,15.37332,1.560
14,Thu,15.38459,2.224
14,Thu,15.39102,1.401
14,Thu,15.39867,1.655
14,Thu,15.41150,2.321
14,Thu,15.41555,4.943
14,Thu,15.41802,4.819
14,Thu,15.43167,4.096
14,Thu,15.43205,2.636
14,Thu,15.43524,1.280
14,Thu,15.44589,5.093
14,Thu,15.44645,1.410
14,Thu,15.44757,5.250
14,Thu,15.47031,6.555
14,Thu,15.47154,3.554
14,Thu,15.47467,2.786
14,Thu,15.47596,8.161
14,Thu,15.51881,5.022
14,Thu,15.55515,0.839
14,Thu,15.55620,7.046
14,Thu,15.56888,4.665
14,Thu,15.59707,2.927
14,Thu,15.60165,2.671
14,Thu,15.60399,3.031
14,Thu,15.61247,19.055
14,Thu,15.61699,1.952
14,Thu,15.62350,3.478
14,Thu,15.63161,12.148
14,Thu,15.63690,4.726
14,Thu,15.64163,1.849
14,Thu,15.64711,1.663
14,Thu,15.68412,2.527
14,Thu,15.70063,4.197
14,Thu,15.71465,3.955
14,Thu,15.71584,7.090
14,Thu,15.72753,4.505
14,Thu,15.72953,2.012
14,Thu,15.75276,6.401
14,Thu,15.80364,1.233
14,Thu,15.81330,1.455
14,Thu,15.81679,9.291
14,Thu,15.83183,1.678
14,Thu,15.86460,4.117
14,Thu,15.87190,1.968
14,Thu,15.87421,1.675
14,Thu,15.87703,11.770
14,Thu,15.89289,2.498
14,Thu,15.90693,6.655
14,Thu,15.91039,3.131
14,Thu,15.93429,4.730
14,Thu,15.93644,3.547
14,Thu,15.94254,1.852
14,Thu,15.94959,0.879
14,Thu,15.97877,13.803
14,Thu,15.98624,3.042
14,Thu,15.99796,2.795
14,Thu,16.00369,2.848
14,Thu,16.01461,2.434
14,Thu,16.04280,1.647
14,Thu,16.07006,1.906
14,Thu,16.07899,3.825
14,Thu,16.11276,1.519
14,Thu,16.13048,4.925
14,Thu,16.19228,5.122
14,Thu,16.23196,1.354
14,Thu,16.23386,1.927
14,Thu,16.24857,3.383
14,Thu,16.27793,2.679
14,Thu,16.28235,7.168
14,Thu,16.28347,2.421
14,Thu,16.30033,3.031
14,Thu,16.35125,3.567
14,Thu,16.36146,1.651
14,Thu,16.36842,4.567
14,Thu,16.37973,5.106
14,Thu,16.38241,6.161
14,Thu,16.39571,1.216
14,Thu,16.41375,1.439
14,Thu,16.42704,2.241
14,Thu,16.43104,3.273
14,Thu,16.44560,7.672
14,Thu,16.46531,6.929
14,Thu,16.48491,2.979
14,Thu,16.48902,3.345
14,Thu,16.49043,2.149
14,Thu,16.51015,2.260
14,Thu,16.51843,3.221
14,Thu,16.53480,1.392
14,Thu,16.53899,2.648
14,Thu,16.56127,4.243
14,Thu,16.57580,4.212
14,Thu,16.57774,5.036
14,Thu,16.58880,2.943
14,Thu,16.59559,1.907
14,Thu,16.63280,6.258
14,Thu,16.63579,1.273
14,Thu,16.66712,3.348
14,Thu,16.66858,5.033
14,Thu,16.68058,0.937
14,Thu,16.72070,4.371
14,Thu,16.72212,5.627
14,Thu,16.76139,23.186
14,Thu,16.78622,0.421
14,Thu,16.79847,2.481
14,Thu,16.81587,3.638
14,Thu,16.83118,2.782
14,Thu,16.84497,3.488
14,Thu,16.84788,2.023
14,Thu,16.86506,2.142
14,Thu,16.87691,2.078
14,Thu,16.87714,4.572
14,Thu,16.88620,1.706
14,Thu,16.89322,1.221
14,Thu,16.90008,3.384
14,Thu,16.90234,0.000
14,Thu,16.90402,3.391
14,Thu,16.91610,2.932
14,Thu,16.92047,1.549
14,Thu,16.92247,2.200
14,Thu,16.95130,1.704
14,Thu,16.97199,1.120
14,Thu,16.97859,0.727
14,Thu,17.00420,1.307
14,Thu,17.00556,2.335
14,Thu,17.07697,4.691
14,Thu,17.12125,5.629
14,Thu,17.14064,0.983
14,Thu,17.14935,7.028
14,Thu,17.15866,7.620
14,Thu,17.18300,3.107
14,Thu,17.18574,3.131
14,Thu,17.20534,2.152
14,Thu,17.21231,0.865
14,Thu,17.22882,2.797
14,Thu,17.25525,5.877
14,Thu,17.26014,3.150
14,Thu,17.27284,4.276
14,Thu,17.29969,2.080
14,Thu,17.29992,7.276
14,Thu,17.30396,4.279
14,Thu,17.33125,2.125
14,Thu,17.35868,1.379
14,Thu,17.38255,6.957
14,Thu,17.39779,1.674
14,Thu,17.41425,6.891
14,Thu,17.42077,3.184
14,Thu,17.42585,5.995
14,Thu,17.44526,1.102
14,Thu,17.44730,4.047
14,Thu,17.50792,4.696
14,Thu,17.53087,1.747
14,Thu,17.55435,6.675
14,Thu,17.58508,1.431
14,Thu,17.59194,1.284
14,Thu,17.59203,2.634
14,Thu,17.60958,2.917
14,Thu,17.62028,4.956
14,Thu,17.63635,2.690
14,Thu,17.65555,7.331
14,Thu,17.66914,5.060
14,Thu,17.67213,3.479
14,Thu,17.70411,0.816
14,Thu,17.71209,2.471
14,Thu,17.72118,2.998
14,Thu,17.72337,3.970
14,Thu,17.76999,2.778
14,Thu,17.77644,2.398
14,Thu,17.78564,3.497
14,Thu,17.78827,2.961
14,Thu,17.79505,1.732
14,Thu,17.83495,2.585
14,Thu,17.83518,4.201
14,Thu,17.85247,1.852
14,Thu,17.88675,2.293
14,Thu,17.98368,4.797
14,Thu,18.05942,1.653
14,Thu,18.07066,3.372
14,Thu,18.10329,1.986
14,Thu,18.11219,1.996
14,Thu,18.12471,1.821
14,Thu,18.13202,2.469
14,Thu,18.13449,11.045
14,Thu,18.16691,0.909
14,Thu,18.16977,3.739
14,Thu,18.17622,7.731
14,Thu,18.18189,3.017
14,Thu,18.19722,2.563
14,Thu,18.21220,4.492
14,Thu,18.22609,6.675
14,Thu,18.24132,1.899
14,Thu,18.28075,5.194
14,Thu,18.28894,4.929
14,Thu,18.29904,4.765
14,Thu,18.34151,1.772
14,Thu,18.35090,4.174
14,Thu,18.37966,1.897
14,Thu,18.38634,1.142
14,Thu,18.41903,1.618
14,Thu,18.47624,6.888
14,Thu,18.48070,4.305
14,Thu,18.48894,2.209
14,Thu,18.49585,4.408
14,Thu,18.50824,2.861
14,Thu,18.51203,9.490
14,Thu,18.55040,1.924
14,Thu,18.55564,2.073
14,Thu,18.66227,2.745
14,Thu,18.66448,7.137
14,Thu,18.70685,3.856
14,Thu,18.74568,3.341
14,Thu,18.76616,1.159
14,Thu,18.76624,3.093
14,Thu,18.77034,4.800
14,Thu,18.80696,4.197
14,Thu,18.84487,1.220
14,Thu,18.87135,1.490
14,Thu,18.94599,8.480
14,Thu,18.96670,3.434
14,Thu,18.98053,12.375
14,Thu,18.98748,2.783
14,Thu,19.05076,4.296
14,Thu,19.10076,1.226
14,Thu,19.11128,6.127
14,Thu,19.15803,1.217
14,Thu,19.16200,4.637
14,Thu,19.18795,1.617
14,Thu,19.23916,3.724
14,Thu,19.26826,2.962
14,Thu,19.27970,4.256
14,Thu,19.28601,2.364
14,Thu,19.30510,4.487
14,Thu,19.36718,2.421
14,Thu,19.44129,2.934
14,Thu,19.44474,2.155
14,Thu,19.51835,7.719
14,Thu,19.54247,1.262
14,Thu,19.57985,23.280
14,Thu,19.59099,3.214
14,Thu,19.61910,2.738
14,Thu,19.64168,1.895
14,Thu,19.70603,6.481
14,Thu,19.73341,1.501
14,Thu,19.74159,1.124
14,Thu,19.75828,3.809
14,Thu,19.76441,1.339
14,Thu,19.76791,1.254
14,Thu,19.79138,1.457
14,Thu,19.79165,6.660
14,Thu,19.82547,1.215
14,Thu,19.84878,2.185
14,Thu,19.85263,13.326
14,Thu,19.88371,1.271
14,Thu,19.90482,5.100
14,Thu,19.90904,6.788
14,Thu,19.94621,1.189
14,Thu,19.95152,5.683
14,Thu,19.95262,4.541
14,Thu,19.97128,3.175
14,Thu,19.98126,1.875
14,Thu,19.99729,13.085
15,Fri,8.00599,3.922
15,Fri,8.01284,1.404
15,Fri,8.04761,11.689
15,Fri,8.05102,2.594
15,Fri,8.05672,20.712
15,Fri,8.06894,3.361
15,Fri,8.09371,5.330
15,Fri,8.14187,3.444
15,Fri,8.18414,0.732
15,Fri,8.19984,0.623
15,Fri,8.24959,3.616
15,Fri,8.25139,4.426
15,Fri,8.26053,4.945
15,Fri,8.26398,6.230
15,Fri,8.26519,1.462
15,Fri,8.30999,3.143
15,Fri,8.32639,3.343
15,Fri,8.33399,2.422
15,Fri,8.33678,1.056
15,Fri,8.34271,1.177
15,Fri,8.34477,4.145
15,Fri,8.36002,0.870
15,Fri,8.36815,4.077
15,Fri,8.37337,6.207
15,Fri,8.40071,8.933
15,Fri,8.41847,3.226
15,Fri,8.41859,2.542
15,Fri,8.42977,4.410
15,Fri,8.43677,11.972
15,Fri,8.44041,6.013
15,Fri,8.50136,3.822
15,Fri,8.53122,3.678
15,Fri,8.53341,1.657
15,Fri,8.53660,3.110
15,Fri,8.54728,6.764
15,Fri,8.54807,6.276
15,Fri,8.55703,2.407
15,Fri,8.55913,1.958
15,Fri,8.57329,3.281
15,Fri,8.58845,3.670
15,Fri,8.64242,2.281
15,Fri,8.64627,1.144
15,Fri,8.65008,1.819
15,Fri,8.66398,2.584
15,Fri,8.69421,2.761
15,Fri,8.69575,10.036
15,Fri,8.69688,1.729
15,Fri,8.71903,9.266
15,Fri,8.72300,3.065
15,Fri,8.73738,1.149
15,Fri,8.74619,2.286
15,Fri,8.78021,1.224
15,Fri,8.80463,0.959
15,Fri,8.80931,4.923
15,Fri,8.81013,5.163
15,Fri,8.81160,1.281
15,Fri,8.81925,2.786
15,Fri,8.83435,7.358
15,Fri,8.86066,3.358
15,Fri,8.87181,3.062
15,Fri,8.87990,1.296
15,Fri,8.88941,3.484
15,Fri,8.89566,2.974
15,Fri,8.89830,2.631
15,Fri,8.91166,7.107
15,Fri,8.91621,2.834
15,Fri,8.92210,1.980
15,Fri,8.93112,1.920
15,Fri,8.93704,1.318
15,Fri,8.93734,1.772
15,Fri,8.93830,6.860
15,Fri,8.94455,1.668
15,Fri,8.96077,5.912
15,Fri,8.97604,4.270
15,Fri,8.98715,1.704
15,Fri,9.00560,2.208
15,Fri,9.00625,1.510
15,Fri,9.01696,2.601
15,Fri,9.02907,14.760
15,Fri,9.03041,6.249
15,Fri,9.03534,8.365
15,Fri,9.03817,4.082
15,Fri,9.04449,9.712
15,Fri,9.04994,3.468
15,Fri,9.05085,13.716
15,Fri,9.07216,6.334
15,Fri,9.09515,3.468
15,Fri,9.09849,2.493
15,Fri,9.12709,3.146
15,Fri,9.13123,6.893
15,Fri,9.18565,1.844
15,Fri,9.19482,10.030
15,Fri,9.21167,2.139
15,Fri,9.23607,11.481
15,Fri,9.24027,9.559
15,Fri,9.24447,3.021
15,Fri,9.24517,4.877
15,Fri,9.24648,1.222
15,Fri,9.26216,1.991
15,Fri,9.27993,2.420
15,Fri,9.29063,3.351
15,Fri,9.29694,1.908
15,Fri,9.29982,3.963
15,Fri,9.30760,2.764
15,Fri,9.33746,2.514
15,Fri,9.33915,2.730
15,Fri,9.34042,1.530
15,Fri,9.34104,2.130
15,Fri,9.34840,3.743
15,Fri,9.35483,1.072
15,Fri,9.35577,3.181
15,Fri,9.35754,2.741
15,Fri,9.35867,1.406
15,Fri,9.37556,2.693
15,Fri,9.38210,2.109
15,Fri,9.38536,1.244
15,Fri,9.38674,4.710
15,Fri,9.39360,5.233
15,Fri,9.40937,1.803
15,Fri,9.41665,2.568
15,Fri,9.42059,1.959
15,Fri,9.43180,2.534
15,Fri,9.43238,0.954
15,Fri,9.43608,2.109
15,Fri,9.43873,3.650
15,Fri,9.47592,1.177
15,Fri,9.47784,0.972
15,Fri,9.50419,3.533
15,Fri,9.50494,1.274
15,Fri,9.50835,9.130
15,Fri,9.51102,5.597
15,Fri,9.51384,15.066
15,Fri,9.52717,9.167
15,Fri,9.53057,8.055
15,Fri,9.54234,10.591
15,Fri,9.55614,2.556
15,Fri,9.55634,9.279
15,Fri,9.56361,2.004
15,Fri,9.56742,5.659
15,Fri,9.56890,2.178
15,Fri,9.56903,2.382
15,Fri,9.56905,2.750
15,Fri,9.59086,2.450
15,Fri,9.59112,2.127
15,Fri,9.59476,1.124
15,Fri,9.60583,5.311
15,Fri,9.60666,5.039
15,Fri,9.61041,2.617
15,Fri,9.61731,0.921
15,Fri,9.62161,1.689
15,Fri,9.62181,2.230
15,Fri,9.63216,1.949
15,Fri,9.63264,0.665
15,Fri,9.64973,3.827
15,Fri,9.65442,1.247
15,Fri,9.65705,4.813
15,Fri,9.65978,1.550
15,Fri,9.67360,0.964
15,Fri,9.67759,1.271
15,Fri,9.67868,8.080
15,Fri,9.68193,4.495
15,Fri,9.69164,2.685
15,Fri,9.69561,1.617
15,Fri,9.70016,8.419
15,Fri,9.70674,6.504
15,Fri,9.70989,7.013
15,Fri,9.71562,2.138
15,Fri,9.72919,3.341
15,Fri,9.72921,2.389
15,Fri,9.74204,3.686
15,Fri,9.74246,5.317
15,Fri,9.75725,8.823
15,Fri,9.77204,2.855
15,Fri,9.77487,3.269
15,Fri,9.77679,4.621
15,Fri,9.79252,9.418
15,Fri,9.79493,11.423
15,Fri,9.80694,6.912
15,Fri,9.82740,2.115
15,Fri,9.83512,4.212
15,Fri,9.84373,1.675
15,Fri,9.84975,2.499
15,Fri,9.86126,2.730
15,Fri,9.86475,7.038
15,Fri,9.86689,1.222
15,Fri,9.89337,4.093
15,Fri,9.89763,5.182
15,Fri,9.89765,3.194
15,Fri,9.89869,1.978
15,Fri,9.89884,1.546
15,Fri,9.90653,2.037
15,Fri,9.91060,2.269
15,Fri,9.91108,1.442
15,Fri,9.91712,0.830
15,Fri,9.91737,1.963
15,Fri,9.92575,2.380
15,Fri,9.92668,2.948
15,Fri,9.92778,1.126
15,Fri,9.94498,1.846
15,Fri,9.95018,1.728
15,Fri,9.95750,2.532
15,Fri,9.96151,3.610
15,Fri,9.96993,1.539
15,Fri,9.98121,6.473
15,Fri,9.98564,4.612
15,Fri,9.98592,8.568
15,Fri,9.98827,8.137
15,Fri,9.99756,2.261
15,Fri,9.99994,3.237
15,Fri,10.00137,2.191
15,Fri,10.02384,7.331
15,Fri,10.02441,25.577
15,Fri,10.02697,5.032
15,Fri,10.02876,0.000
15,Fri,10.04008,0.856
15,Fri,10.04884,1.400
15,Fri,10.05229,2.106
15,Fri,10.05311,1.766
15,Fri,10.05478,2.715
15,Fri,10.05499,4.197
15,Fri,10.05816,1.446
15,Fri,10.06122,2.281
15,Fri,10.08591,0.762
15,Fri,10.09695,1.550
15,Fri,10.09961,6.801
15,Fri,10.10309,3.549
15,Fri,10.11592,4.755
15,Fri,10.11621,1.893
15,Fri,10.11676,0.547
15,Fri,10.11792,3.442
15,Fri,10.12120,3.010
15,Fri,10.12144,1.986
15,Fri,10.12885,0.854
15,Fri,10.13772,3.025
15,Fri,10.14105,6.094
15,Fri,10.14729,2.529
15,Fri,10.15445,4.882
15,Fri,10.16027,2.868
15,Fri,10.17113,2.318
15,Fri,10.18521,3.256
15,Fri,10.19265,5.002
15,Fri,10.19296,8.574
15,Fri,10.19567,8.665
15,Fri,10.19744,6.667
15,Fri,10.21117,3.726
15,Fri,10.22116,1.475
15,Fri,10.22533,3.024
15,Fri,10.23068,1.567
15,Fri,10.23859,7.472
15,Fri,10.25368,3.210
15,Fri,10.25463,8.511
15,Fri,10.26755,5.863
15,Fri,10.27782,4.720
15,Fri,10.27956,5.414
15,Fri,10.28178,1.725
15,Fri,10.28434,3.597
15,Fri,10.29095,3.795
15,Fri,10.29302,2.302
15,Fri,10.29418,5.162
15,Fri,10.30748,4.290
15,Fri,10.31488,2.509
15,Fri,10.31535,1.893
15,Fri,10.32156,2.877
15,Fri,10.32275,2.969
15,Fri,10.32488,5.036
15,Fri,10.33098,1.568
15,Fri,10.33134,4.203
15,Fri,10.33150,1.540
15,Fri,10.34221,4.412
15,Fri,10.34560,1.886
15,Fri,10.35063,3.703
15,Fri,10.35672,1.137
15,Fri,10.36015,9.699
15,Fri,10.36190,1.954
15,Fri,10.36295,1.063
15,Fri,10.36568,5.374
15,Fri,10.36705,2.993
15,Fri,10.36992,8.403
15,Fri,10.37371,4.378
15,Fri,10.37971,2.550
15,Fri,10.38226,4.975
15,Fri,10.38229,1.118
15,Fri,10.39116,5.123
15,Fri,10.41047,1.729
15,Fri,10.41870,2.663
15,Fri,10.42052,4.095
15,Fri,10.42530,5.409
15,Fri,10.42663,6.141
15,Fri,10.44653,1.992
15,Fri,10.44701,5.094
15,Fri,10.45045,1.780
15,Fri,10.45063,1.450
15,Fri,10.45270,1.285
15,Fri,10.45452,7.346
15,Fri,10.47040,1.833
15,Fri,10.47444,10.470
15,Fri,10.48832,0.730
15,Fri,10.49696,7.225
15,Fri,10.50430,2.949
15,Fri,10.50800,2.917
15,Fri,10.51388,6.887
15,Fri,10.51711,3.218
15,Fri,10.52323,5.108
15,Fri,10.52827,1.245
15,Fri,10.53356,5.558
15,Fri,10.53441,1.555
15,Fri,10.54415,0.883
15,Fri,10.57353,2.109
15,Fri,10.57474,2.172
15,Fri,10.57906,3.219
15,Fri,10.58669,2.594
15,Fri,10.59160,3.427
15,Fri,10.60556,2.281
15,Fri,10.61674,3.724
15,Fri,10.62799,1.225
15,Fri,10.63507,4.358
15,Fri,10.64852,1.331
15,Fri,10.66587,5.451
15,Fri,10.66897,1.682
15,Fri,10.67918,1.704
15,Fri,10.68176,1.263
15,Fri,10.69634,3.093
15,Fri,10.69993,4.237
15,Fri,10.69997,1.995
15,Fri,10.70149,1.729
15,Fri,10.70587,5.045
15,Fri,10.71022,3.580
15,Fri,10.71287,2.114
15,Fri,10.72596,2.373
15,Fri,10.73006,8.544
15,Fri,10.73098,3.401
15,Fri,10.74336,1.488
15,Fri,10.75734,2.396
15,Fri,10.77694,1.112
15,Fri,10.78305,1.961
15,Fri,10.78430,4.069
15,Fri,10.79324,2.935
15,Fri,10.79601,2.052
15,Fri,10.80806,7.190
15,Fri,10.82824,1.579
15,Fri,10.83180,12.262
15,Fri,10.83421,4.219
15,Fri,10.84000,3.398
15,Fri,10.84263,2.447
15,Fri,10.84319,6.525
15,Fri,10.84470,18.164
15,Fri,10.84893,4.513
15,Fri,10.85347,2.455
15,Fri,10.85835,4.353
15,Fri,10.87170,1.479
15,Fri,10.87260,5.172
15,Fri,10.87356,2.463
15,Fri,10.87978,2.927
15,Fri,10.88628,6.081
15,Fri,10.88932,3.642
15,Fri,10.89219,5.486
15,Fri,10.90751,2.464
15,Fri,10.91996,1.426
15,Fri,10.92781,5.626
15,Fri,10.92823,2.692
15,Fri,10.93114,1.590
15,Fri,10.93140,2.475
15,Fri,10.93188,1.823
15,Fri,10.93194,7.815
15,Fri,10.93197,2.795
15,Fri,10.94100,2.740
15,Fri,10.94670,3.381
15,Fri,10.94837,1.712
15,Fri,10.95613,0.411
15,Fri,10.96966,3.564
15,Fri,10.97150,1.448
15,Fri,10.97438,3.234
15,Fri,10.98512,18.688
15,Fri,10.99189,2.547
15,Fri,10.99233,6.313
15,Fri,11.00589,2.977
15,Fri,11.01839,2.834
15,Fri,11.02101,1.578
15,Fri,11.02377,1.586
15,Fri,11.02760,7.114
15,Fri,11.03082,5.342
15,Fri,11.03536,3.913
15,Fri,11.04227,4.462
15,Fri,11.04618,4.182
15,Fri,11.05146,4.105
15,Fri,11.06049,7.601
15,Fri,11.06762,0.802
15,Fri,11.07381,4.556
15,Fri,11.08505,3.095
15,Fri,11.08850,2.714
15,Fri,11.09082,2.690
15,Fri,11.09962,4.784
15,Fri,11.10766,5.711
15,Fri,11.11516,1.167
15,Fri,11.12998,2.732
15,Fri,11.14633,4.035
15,Fri,11.16403,1.906
15,Fri,11.16562,3.257
15,Fri,11.17132,2.456
15,Fri,11.18772,3.570
15,Fri,11.18835,0.476
15,Fri,11.19993,2.305
15,Fri,11.20094,6.142
15,Fri,11.23520,0.000
15,Fri,11.25087,1.559
15,Fri,11.25865,2.389
15,Fri,11.26075,6.339
15,Fri,11.26231,2.306
15,Fri,11.26477,3.310
15,Fri,11.27335,2.176
15,Fri,11.27860,1.409
15,Fri,11.28460,4.857
15,Fri,11.28554,6.116
15,Fri,11.28955,1.045
15,Fri,11.29284,18.045
15,Fri,11.30394,11.115
15,Fri,11.30636,3.733
15,Fri,11.30733,0.752
15,Fri,11.31957,4.537
15,Fri,11.33047,1.146
15,Fri,11.33447,2.774
15,Fri,11.33466,6.098
15,Fri,11.33828,4.714
15,Fri,11.34643,5.074
15,Fri,11.36989,2.378
15,Fri,11.37391,4.746
15,Fri,11.38114,1.989
15,Fri,11.38859,1.232
15,Fri,11.40512,4.993
15,Fri,11.41766,3.197
15,Fri,11.42522,4.632
15,Fri,11.44968,2.487
15,Fri,11.45284,0.894
15,Fri,11.46330,5.035
15,Fri,11.47598,3.217
15,Fri,11.48235,2.783
15,Fri,11.49753,2.273
15,Fri,11.49963,4.828
15,Fri,11.50191,1.731
15,Fri,11.50386,5.101
15,Fri,11.50931,1.195
15,Fri,11.51439,4.035
15,Fri,11.51545,3.746
15,Fri,11.51834,2.114
15,Fri,11.53500,2.962
15,Fri,11.53840,10.878
15,Fri,11.54306,3.826
15,Fri,11.54646,1.803
15,Fri,11.54925,5.703
15,Fri,11.56604,2.330
15,Fri,11.56709,8.996
15,Fri,11.57008,4.145
15,Fri,11.57039,1.420
15,Fri,11.57844,1.694
15,Fri,11.58266,2.977
15,Fri,11.60021,4.244
15,Fri,11.60251,6.028
15,Fri,11.60365,5.128
15,Fri,11.62858,3.378
15,Fri,11.65631,6.355
15,Fri,11.67209,3.561
15,Fri,11.67792,2.460
15,Fri,11.69293,3.293
15,Fri,11.70294,4.251
15,Fri,11.70874,0.617
15,Fri,11.71065,3.253
15,Fri,11.71321,8.311
15,Fri,11.72938,5.902
15,Fri,11.74283,4.057
15,Fri,11.74971,8.437
15,Fri,11.77102,4.587
15,Fri,11.78759,1.881
15,Fri,11.79081,6.069
15,Fri,11.79283,8.211
15,Fri,11.80451,1.721
15,Fri,11.80909,4.592
15,Fri,11.80958,2.955
15,Fri,11.81242,7.857
15,Fri,11.81482,3.471
15,Fri,11.82194,3.998
15,Fri,11.82747,6.659
15,Fri,11.84524,4.924
15,Fri,11.84541,0.000
15,Fri,11.85163,6.886
15,Fri,11.85527,1.488
15,Fri,11.86510,5.594
15,Fri,11.86609,2.062
15,Fri,11.88648,2.433
15,Fri,11.88873,5.039
15,Fri,11.88989,3.095
15,Fri,11.90092,4.694
15,Fri,11.91312,2.606
15,Fri,11.92045,5.328
15,Fri,11.94470,2.392
15,Fri,11.95748,0.886
15,Fri,11.96558,1.118
15,Fri,11.98347,3.583
15,Fri,11.99485,8.538
15,Fri,12.00482,4.807
15,Fri,12.00594,4.468
15,Fri,12.00979,9.279
15,Fri,12.01318,0.904
15,Fri,12.01374,5.286
15,Fri,12.01997,3.109
15,Fri,12.02583,8.000
15,Fri,12.06991,5.140
15,Fri,12.07118,2.907
15,Fri,12.08279,3.138
15,Fri,12.08323,10.151
15,Fri,12.08773,4.351
15,Fri,12.09349,8.689
15,Fri,12.10547,1.353
15,Fri,12.10580,2.115
15,Fri,12.11262,2.751
15,Fri,12.11389,8.217
15,Fri,12.11649,4.354
15,Fri,12.11855,2.163
15,Fri,12.12902,4.050
15,Fri,12.13993,3.218
15,Fri,12.14507,5.140
15,Fri,12.14903,4.400
15,Fri,12.16927,15.693
15,Fri,12.17232,1.372
15,Fri,12.17265,1.911
15,Fri,12.18152,1.749
15,Fri,12.19590,6.483
15,Fri,12.24733,15.276
15,Fri,12.24987,6.425
15,Fri,12.26311,6.939
15,Fri,12.26963,5.315
15,Fri,12.27812,3.681
15,Fri,12.29057,5.683
15,Fri,12.29427,0.995
15,Fri,12.30098,2.676
15,Fri,12.33670,4.203
15,Fri,12.34098,1.539
15,Fri,12.34731,3.075
15,Fri,12.37408,4.788
15,Fri,12.39995,5.886
15,Fri,12.40820,2.726
15,Fri,12.43744,3.567
15,Fri,12.44954,2.944
15,Fri,12.46272,6.473
15,Fri,12.46889,4.594
15,Fri,12.50627,1.909
15,Fri,12.53338,5.297
15,Fri,12.55672,6.526
15,Fri,12.56215,6.688
15,Fri,12.56247,2.145
15,Fri,12.56283,6.312
15,Fri,12.57265,2.274
15,Fri,12.57321,0.795
15,Fri,12.58370,5.802
15,Fri,12.59635,1.635
15,Fri,12.60611,1.608
15,Fri,12.61071,1.927
15,Fri,12.61434,7.372
15,Fri,12.62620,8.626
15,Fri,12.63349,1.641
15,Fri,12.66333,1.947
15,Fri,12.66416,2.622
15,Fri,12.66627,3.598
15,Fri,12.66930,3.771
15,Fri,12.67430,1.222
15,Fri,12.67721,2.392
15,Fri,12.68498,3.655
15,Fri,12.69465,1.275
15,Fri,12.69738,11.912
15,Fri,12.70315,2.816
15,Fri,12.71128,3.698
15,Fri,12.71539,3.767
15,Fri,12.72274,3.718
15,Fri,12.73708,2.845
15,Fri,12.74239,1.388
15,Fri,12.74789,1.405
15,Fri,12.75535,8.294
15,Fri,12.76372,2.428
15,Fri,12.76592,2.849
15,Fri,12.79232,4.284
15,Fri,12.79324,2.818
15,Fri,12.79509,4.281
15,Fri,12.79516,3.716
15,Fri,12.81888,4.017
15,Fri,12.83114,1.519
15,Fri,12.84262,2.335
15,Fri,12.84949,8.942
15,Fri,12.85490,7.179
15,Fri,12.85905,0.950
15,Fri,12.86722,3.458
15,Fri,12.86875,1.774
15,Fri,12.87846,2.750
15,Fri,12.89520,3.307
15,Fri,12.89925,3.636
15,Fri,12.89944,1.197
15,Fri,12.90612,1.941
15,Fri,12.91808,4.166
15,Fri,12.92273,1.455
15,Fri,12.92458,9.282
15,Fri,12.92520,6.225
15,Fri,12.93347,2.473
15,Fri,12.93713,5.689
15,Fri,12.93744,4.302
15,Fri,12.94281,0.770
15,Fri,12.94386,2.271
15,Fri,12.94571,1.223
15,Fri,12.96363,6.778
15,Fri,12.96861,3.553
15,Fri,12.97448,2.077
15,Fri,12.98121,3.371
15,Fri,12.99597,1.795
15,Fri,12.99935,6.719
15,Fri,13.02109,5.747
15,Fri,13.02476,2.737
15,Fri,13.02901,2.268
15,Fri,13.02989,14.464
15,Fri,13.03770,1.295
15,Fri,13.04018,11.472
15,Fri,13.05118,14.083
15,Fri,13.06563,6.187
15,Fri,13.06783,5.264
15,Fri,13.07563,3.231
15,Fri,13.07927,4.182
15,Fri,13.10483,1.573
15,Fri,13.10743,2.626
15,Fri,13.12423,1.648
15,Fri,13.12658,4.874
15,Fri,13.13109,5.016
15,Fri,13.13395,14.126
15,Fri,13.14040,1.257
15,Fri,13.14274,2.519
15,Fri,13.14440,1.593
15,Fri,13.15826,2.144
15,Fri,13.15979,1.632
15,Fri,13.17012,2.947
15,Fri,13.17206,5.833
15,Fri,13.17367,1.577
15,Fri,13.17932,2.721
15,Fri,13.18255,4.912
15,Fri,13.19637,0.849
15,Fri,13.19968,1.869
15,Fri,13.22784,8.863
15,Fri,13.24514,1.645
15,Fri,13.25133,2.409
15,Fri,13.25159,4.278
15,Fri,13.26066,1.031
15,Fri,13.26293,4.264
15,Fri,13.26498,1.952
15,Fri,13.27956,2.610
15,Fri,13.28159,2.374
15,Fri,13.32162,8.491
15,Fri,13.34079,6.010
15,Fri,13.34115,5.576
15,Fri,13.34308,2.383
15,Fri,13.34352,0.910
15,Fri,13.35229,1.588
15,Fri,13.35893,10.200
15,Fri,13.36828,1.124
15,Fri,13.38803,4.719
15,Fri,13.40799,15.229
15,Fri,13.41265,0.847
15,Fri,13.43641,2.121
15,Fri,13.43976,2.365
15,Fri,13.44095,7.286
15,Fri,13.44327,3.830
15,Fri,13.46086,2.681
15,Fri,13.47040,5.181
15,Fri,13.48375,2.467
15,Fri,13.48485,14.534
15,Fri,13.49337,6.764
15,Fri,13.53452,2.110
15,Fri,13.53499,3.131
15,Fri,13.53783,2.741
15,Fri,13.53846,1.507
15,Fri,13.53871,3.870
15,Fri,13.54223,1.389
15,Fri,13.54395,15.195
15,Fri,13.54635,7.504
15,Fri,13.55120,2.968
15,Fri,13.55396,1.063
15,Fri,13.55808,3.083
15,Fri,13.56475,0.848
15,Fri,13.56502,3.316
15,Fri,13.57843,5.901
15,Fri,13.58375,4.252
15,Fri,13.58504,4.245
15,Fri,13.59705,2.641
15,Fri,13.60198,2.322
15,Fri,13.60377,1.746
15,Fri,13.60488,3.476
15,Fri,13.60791,1.044
15,Fri,13.61628,1.738
15,Fri,13.62491,1.926
15,Fri,13.63225,1.250
15,Fri,13.64205,2.742
15,Fri,13.64249,7.849
15,Fri,13.64360,3.410
15,Fri,13.65223,2.650
15,Fri,13.65570,0.746
15,Fri,13.66108,4.940
15,Fri,13.67735,2.293
15,Fri,13.68650,1.631
15,Fri,13.69679,6.907
15,Fri,13.71544,2.426
15,Fri,13.71633,4.032
15,Fri,13.71697,0.961
15,Fri,13.72186,1.430
15,Fri,13.73561,1.652
15,Fri,13.74794,0.993
15,Fri,13.75354,6.608
15,Fri,13.76860,1.728
15,Fri,13.78134,5.894
15,Fri,13.81145,1.712
15,Fri,13.82450,4.338
15,Fri,13.83316,2.166
15,Fri,13.83682,1.706
15,Fri,13.84484,2.585
15,Fri,13.85569,4.317
15,Fri,13.86083,1.724
15,Fri,13.87029,2.276
15,Fri,13.87058,3.074
15,Fri,13.87576,6.214
15,Fri,13.88018,1.570
15,Fri,13.88661,3.206
15,Fri,13.88791,1.238
15,Fri,13.89827,7.453
15,Fri,13.90803,4.819
15,Fri,13.91560,4.250
15,Fri,13.93662,10.179
15,Fri,13.94477,3.438
15,Fri,13.94511,2.794
15,Fri,13.95302,1.616
15,Fri,13.96120,3.775
15,Fri,13.97228,7.904
15,Fri,13.97734,6.763
15,Fri,14.00081,1.592
15,Fri,14.05348,4.549
15,Fri,14.05934,15.975
15,Fri,14.06241,3.964
15,Fri,14.06950,0.983
15,Fri,14.08711,3.918
15,Fri,14.09615,4.635
15,Fri,14.09913,5.702
15,Fri,14.13641,2.485
15,Fri,14.15613,2.795
15,Fri,14.15652,1.698
15,Fri,14.16074,1.558
15,Fri,14.16537,2.032
15,Fri,14.16541,2.098
15,Fri,14.17310,2.929
15,Fri,14.17801,3.834
15,Fri,14.18438,3.379
15,Fri,14.18820,3.265
15,Fri,14.20374,1.598
15,Fri,14.24488,3.978
15,Fri,14.24590,3.266
15,Fri,14.25341,4.928
15,Fri,14.26991,7.049
15,Fri,14.28897,0.606
15,Fri,14.34013,2.074
15,Fri,14.34758,2.970
15,Fri,14.35147,6.329
15,Fri,14.35178,3.602
15,Fri,14.35187,6.751
15,Fri,14.36492,2.810
15,Fri,14.36686,9.500
15,Fri,14.37694,3.668
15,Fri,14.38709,8.919
15,Fri,14.40130,3.240
15,Fri,14.41330,4.466
15,Fri,14.42252,6.507
15,Fri,14.42500,0.907
15,Fri,14.42932,1.869
15,Fri,14.43882,1.574
15,Fri,14.44881,1.864
15,Fri,14.44914,4.169
15,Fri,14.46473,3.278
15,Fri,14.47438,2.269
15,Fri,14.49056,2.812
15,Fri,14.51637,1.592
15,Fri,14.51720,1.624
15,Fri,14.56215,2.392
15,Fri,14.56371,5.303
15,Fri,14.56993,3.501
15,Fri,14.57426,5.715
15,Fri,14.59356,2.825
15,Fri,14.60531,1.905
15,Fri,14.60805,8.040
15,Fri,14.61325,2.024
15,Fri,14.63217,1.082
15,Fri,14.63269,5.155
15,Fri,14.64111,0.722
15,Fri,14.65104,5.634
15,Fri,14.67857,2.985
15,Fri,14.68961,1.220
15,Fri,14.70165,1.741
15,Fri,14.70731,1.514
15,Fri,14.72600,1.156
15,Fri,14.73251,3.941
15,Fri,14.74275,3.042
15,Fri,14.75025,3.127
15,Fri,14.75155,1.684
15,Fri,14.78841,3.611
15,Fri,14.79059,6.391
15,Fri,14.82288,1.467
15,Fri,14.83953,3.866
15,Fri,14.84555,1.858
15,Fri,14.84611,0.591
15,Fri,14.84742,1.609
15,Fri,14.86020,0.645
15,Fri,14.86057,3.497
15,Fri,14.86750,1.429
15,Fri,14.87733,3.416
15,Fri,14.87792,5.576
15,Fri,14.88881,1.478
15,Fri,14.90731,9.156
15,Fri,14.91249,13.901
15,Fri,14.91282,14.908
15,Fri,14.92505,6.531
15,Fri,14.92729,1.157
15,Fri,14.94695,2.535
15,Fri,14.94901,4.783
15,Fri,14.96842,2.779
15,Fri,14.97015,5.751
15,Fri,14.97167,4.672
15,Fri,14.97194,16.408
15,Fri,14.97751,3.585
15,Fri,14.97856,2.815
15,Fri,14.98296,6.966
15,Fri,14.98587,2.500
15,Fri,14.99288,3.098
15,Fri,14.99577,7.122
15,Fri,15.00977,4.979
15,Fri,15.01052,5.600
15,Fri,15.02748,2.979
15,Fri,15.03746,3.283
15,Fri,15.04678,3.235
15,Fri,15.06292,4.152
15,Fri,15.06782,1.536
15,Fri,15.06951,3.743
15,Fri,15.07982,4.243
15,Fri,15.08184,6.974
15,Fri,15.09575,2.653
15,Fri,15.10201,2.401
15,Fri,15.10474,3.649
15,Fri,15.10682,1.306
15,Fri,15.13448,15.787
15,Fri,15.15427,2.449
15,Fri,15.16215,1.878
15,Fri,15.17097,1.497
15,Fri,15.17236,8.008
15,Fri,15.17421,5.070
15,Fri,15.17564,1.457
15,Fri,15.18819,2.442
15,Fri,15.20228,1.796
15,Fri,15.22227,2.774
15,Fri,15.22512,4.023
15,Fri,15.22805,2.717
15,Fri,15.23161,2.549
15,Fri,15.23574,7.047
15,Fri,15.25226,4.869
15,Fri,15.25485,8.441
15,Fri,15.27281,2.568
15,Fri,15.27603,7.850
15,Fri,15.30383,7.469
15,Fri,15.30517,2.885
15,Fri,15.30941,3.241
15,Fri,15.34602,2.227
15,Fri,15.35281,4.292
15,Fri,15.37167,4.612
15,Fri,15.38189,2.439
15,Fri,15.38699,2.227
15,Fri,15.39903,1.564
15,Fri,15.41190,1.559
15,Fri,15.41296,4.038
15,Fri,15.41427,2.734
15,Fri,15.42119,16.819
15,Fri,15.42784,3.394
15,Fri,15.42851,3.701
15,Fri,15.43108,1.468
15,Fri,15.44661,1.731
15,Fri,15.46416,4.009
15,Fri,15.47126,2.630
15,Fri,15.47425,4.459
15,Fri,15.47459,1.541
15,Fri,15.48110,1.299
15,Fri,15.50592,2.797
15,Fri,15.50772,2.966
15,Fri,15.51344,4.188
15,Fri,15.51678,4.618
15,Fri,15.51818,8.171
15,Fri,15.55728,1.808
15,Fri,15.56427,3.474
15,Fri,15.57314,2.948
15,Fri,15.57513,2.628
15,Fri,15.58007,3.331
15,Fri,15.61381,3.197
15,Fri,15.62919,2.959
15,Fri,15.63582,2.290
15,Fri,15.64066,2.971
15,Fri,15.65554,1.205
15,Fri,15.65592,4.346
15,Fri,15.67359,4.773
15,Fri,15.68012,6.376
15,Fri,15.68039,2.904
15,Fri,15.72379,2.712
15,Fri,15.72783,4.568
15,Fri,15.73422,3.229
15,Fri,15.74316,2.932
15,Fri,15.75438,1.835
15,Fri,15.75520,5.036
15,Fri,15.75727,2.105
15,Fri,15.76286,1.461
15,Fri,15.77331,3.604
15,Fri,15.77929,2.931
15,Fri,15.77989,2.145
15,Fri,15.80208,2.578
15,Fri,15.83962,5.082
15,Fri,15.85299,3.174
15,Fri,15.86187,2.747
15,Fri,15.86439,0.887
15,Fri,15.86979,1.966
15,Fri,15.88254,2.693
15,Fri,15.88811,7.004
15,Fri,15.89242,3.919
15,Fri,15.90512,0.931
15,Fri,15.90894,8.293
15,Fri,15.91068,4.376
15,Fri,15.92103,4.123
15,Fri,15.94498,6.946
15,Fri,15.94779,1.633
15,Fri,15.96977,2.071
15,Fri,15.99100,2.778
15,Fri,16.02069,7.005
15,Fri,16.03983,6.980
15,Fri,16.05230,3.490
15,Fri,16.05557,2.576
15,Fri,16.06891,3.888
15,Fri,16.06970,2.061
15,Fri,16.07789,4.048
15,Fri,16.08726,0.425
15,Fri,16.08735,7.393
15,Fri,16.09669,1.770
15,Fri,16.13522,4.929
15,Fri,16.15813,1.702
15,Fri,16.16413,2.196
15,Fri,16.16890,1.399
15,Fri,16.20116,2.555
15,Fri,16.20122,2.562
15,Fri,16.23543,4.401
15,Fri,16.23828,1.441
15,Fri,16.26069,4.250
15,Fri,16.26741,5.952
15,Fri,16.29580,3.065
15,Fri,16.29886,4.141
15,Fri,16.33331,2.898
15,Fri,16.35043,2.455
15,Fri,16.35196,1.953
15,Fri,16.36446,0.965
15,Fri,16.37463,7.697
15,Fri,16.38262,5.621
15,Fri,16.39752,2.623
15,Fri,16.42259,4.677
15,Fri,16.43671,1.288
15,Fri,16.45322,5.284
15,Fri,16.46869,2.427
15,Fri,16.51745,3.885
15,Fri,16.54766,7.615
15,Fri,16.58402,3.599
15,Fri,16.59266,6.290
15,Fri,16.60894,2.296
15,Fri,16.60999,3.831
15,Fri,16.61376,2.738
15,Fri,16.62212,10.751
15,Fri,16.65000,1.761
15,Fri,16.65075,1.514
15,Fri,16.66180,19.731
15,Fri,16.69632,2.798
15,Fri,16.69799,6.052
15,Fri,16.71032,0.430
15,Fri,16.71437,1.638
15,Fri,16.71674,4.193
15,Fri,16.73504,3.148
15,Fri,16.74492,1.568
15,Fri,16.75685,2.721
15,Fri,16.81062,3.142
15,Fri,16.84409,2.698
15,Fri,16.84911,5.541
15,Fri,16.85923,1.746
15,Fri,16.87186,7.190
15,Fri,16.87368,10.261
15,Fri,16.89529,5.603
15,Fri,16.89695,7.868
15,Fri,16.92082,8.977
15,Fri,16.93701,5.099
15,Fri,16.93709,2.189
15,Fri,16.94069,3.391
15,Fri,16.96170,4.688
15,Fri,16.98867,9.931
15,Fri,16.98887,3.109
15,Fri,16.99611,1.733
15,Fri,17.01687,3.476
15,Fri,17.03472,3.438
15,Fri,17.03665,2.187
15,Fri,17.05293,1.607
15,Fri,17.07911,16.206
15,Fri,17.08337,3.737
15,Fri,17.09635,3.369
15,Fri,17.11332,5.255
15,Fri,17.15573,2.681
15,Fri,17.15635,1.403
15,Fri,17.17029,7.027
15,Fri,17.17143,0.920
15,Fri,17.19216,1.785
15,Fri,17.20620,6.878
15,Fri,17.21056,2.675
15,Fri,17.21299,5.844
15,Fri,17.23188,1.824
15,Fri,17.23870,4.373
15,Fri,17.25899,1.007
15,Fri,17.26494,3.193
15,Fri,17.28228,2.862
15,Fri,17.29627,7.319
15,Fri,17.30376,2.592
15,Fri,17.32027,4.226
15,Fri,17.32169,6.372
15,Fri,17.34971,3.354
15,Fri,17.35448,1.325
15,Fri,17.35733,3.727
15,Fri,17.40192,6.648
15,Fri,17.40784,5.458
15,Fri,17.40815,20.253
15,Fri,17.43239,2.247
15,Fri,17.50261,2.136
15,Fri,17.52430,3.789
15,Fri,17.52968,9.002
15,Fri,17.56505,2.838
15,Fri,17.57108,8.966
15,Fri,17.59183,3.507
15,Fri,17.61558,1.339
15,Fri,17.61764,6.373
15,Fri,17.65174,4.878
15,Fri,17.65633,0.714
15,Fri,17.67493,3.183
15,Fri,17.70747,1.345
15,Fri,17.72286,13.300
15,Fri,17.73594,1.302
15,Fri,17.73861,2.346
15,Fri,17.74276,4.117
15,Fri,17.76737,1.363
15,Fri,17.77070,12.601
15,Fri,17.77296,1.434
15,Fri,17.80943,4.128
15,Fri,17.82034,1.943
15,Fri,17.82282,11.833
15,Fri,17.82341,2.482
15,Fri,17.83525,6.997
15,Fri,17.87054,1.981
15,Fri,17.87141,7.804
15,Fri,17.89388,1.633
15,Fri,17.94284,2.056
15,Fri,17.97503,3.283
15,Fri,17.99441,6.312
15,Fri,18.00453,3.012
15,Fri,18.05593,9.943
15,Fri,18.06180,1.883
15,Fri,18.06371,10.121
15,Fri,18.07428,4.673
15,Fri,18.17593,8.185
15,Fri,18.22567,1.292
15,Fri,18.23904,7.632
15,Fri,18.29308,1.370
15,Fri,18.31475,2.565
15,Fri,18.31941,1.249
15,Fri,18.32408,2.530
15,Fri,18.33561,1.905
15,Fri,18.33851,5.352
15,Fri,18.39303,2.369
15,Fri,18.39575,0.906
15,Fri,18.41160,4.621
15,Fri,18.46640,1.645
15,Fri,18.54321,1.290
15,Fri,18.55800,4.162
15,Fri,18.58971,2.550
15,Fri,18.64228,4.641
15,Fri,18.64241,5.011
15,Fri,18.64536,19.350
15,Fri,18.65040,2.033
15,Fri,18.67825,4.642
15,Fri,18.68977,5.027
15,Fri,18.70344,3.896
15,Fri,18.72142,7.637
15,Fri,18.75205,4.175
15,Fri,18.78509,5.493
15,Fri,18.79526,1.556
15,Fri,18.83219,2.592
15,Fri,18.84358,4.495
15,Fri,18.87876,5.799
15,Fri,18.91558,2.043
15,Fri,18.93050,3.283
15,Fri,18.93775,1.871
15,Fri,18.94233,6.327
15,Fri,18.94592,6.097
15,Fri,18.97066,1.563
15,Fri,19.00729,11.283
15,Fri,19.03260,2.674
15,Fri,19.08065,6.930
15,Fri,19.12286,2.607
15,Fri,19.13044,1.539
15,Fri,19.17009,2.376
15,Fri,19.18989,11.320
15,Fri,19.26364,1.615
15,Fri,19.28149,6.637
15,Fri,19.34034,6.607
15,Fri,19.38211,2.496
15,Fri,19.39317,5.792
15,Fri,19.40002,3.349
15,Fri,19.42692,1.627
15,Fri,19.42881,3.878
15,Fri,19.44220,2.432
15,Fri,19.52287,2.134
15,Fri,19.52980,2.459
15,Fri,19.56609,8.895
15,Fri,19.57959,4.211
15,Fri,19.60507,4.230
15,Fri,19.66246,2.127
15,Fri,19.70894,1.333
15,Fri,19.71003,7.403
15,Fri,19.71871,7.842
15,Fri,19.72234,2.794
15,Fri,19.73732,2.708
15,Fri,19.75817,3.119
15,Fri,19.79297,8.118
15,Fri,19.81013,3.588
15,Fri,19.82018,3.755
15,Fri,19.82380,3.088
15,Fri,19.91400,1.851
15,Fri,19.92253,4.968
15,Fri,19.93112,6.972
15,Fri,19.99823,2.260
16,Mon,8.00228,0.451
16,Mon,8.01090,4.052
16,Mon,8.03217,2.083
16,Mon,8.07606,5.738
16,Mon,8.08602,14.217
16,Mon,8.08604,2.166
16,Mon,8.11560,12.275
16,Mon,8.11925,3.958
16,Mon,8.21154,4.132
16,Mon,8.21622,3.355
16,Mon,8.21962,1.553
16,Mon,8.21977,2.300
16,Mon,8.24597,6.048
16,Mon,8.24798,7.275
16,Mon,8.25339,3.076
16,Mon,8.25771,1.171
16,Mon,8.26189,3.272
16,Mon,8.28920,0.706
16,Mon,8.30534,4.477
16,Mon,8.32365,3.882
16,Mon,8.32604,2.772
16,Mon,8.34483,1.715
16,Mon,8.36964,2.239
16,Mon,8.38254,1.642
16,Mon,8.40381,1.454
16,Mon,8.41867,14.081
16,Mon,8.43907,4.900
16,Mon,8.44007,1.000
16,Mon,8.44643,1.864
16,Mon,8.46723,6.625
16,Mon,8.47057,5.311
16,Mon,8.48599,4.477
16,Mon,8.50952,3.321
16,Mon,8.52366,1.568
16,Mon,8.54303,1.733
16,Mon,8.54652,5.587
16,Mon,8.54973,2.792
16,Mon,8.55021,6.596
16,Mon,8.55497,6.164
16,Mon,8.55653,2.799
16,Mon,8.56427,3.700
16,Mon,8.58668,9.176
16,Mon,8.58992,1.433
16,Mon,8.59782,1.274
16,Mon,8.60011,2.025
16,Mon,8.60260,8.599
16,Mon,8.60509,1.038
16,Mon,8.63795,3.487
16,Mon,8.64232,4.795
16,Mon,8.64445,4.980
16,Mon,8.66484,2.100
16,Mon,8.67281,1.672
16,Mon,8.67302,4.047
16,Mon,8.67481,4.451
16,Mon,8.68565,1.092
16,Mon,8.70700,0.000
16,Mon,8.70806,3.088
16,Mon,8.70909,1.307
16,Mon,8.71015,5.205
16,Mon,8.73405,4.737
16,Mon,8.73538,1.806
16,Mon,8.73913,4.441
16,Mon,8.77948,4.526
16,Mon,8.78441,5.753
16,Mon,8.78453,0.731
16,Mon,8.78496,3.327
16,Mon,8.78880,2.392
16,Mon,8.78991,2.559
16,Mon,8.79874,2.221
16,Mon,8.79921,1.207
16,Mon,8.79989,1.823
16,Mon,8.82954,4.297
16,Mon,8.84095,2.594
16,Mon,8.85642,2.406
16,Mon,8.86043,4.276
16,Mon,8.86267,1.247
16,Mon,8.87448,1.051
16,Mon,8.88224,5.442
16,Mon,8.88268,1.907
16,Mon,8.88318,5.686
16,Mon,8.88890,6.951
16,Mon,8.89646,0.926
16,Mon,8.91420,2.828
16,Mon,8.92084,1.001
16,Mon,8.92985,5.101
16,Mon,8.93042,4.281
16,Mon,8.96056,8.736
16,Mon,8.96145,0.803
16,Mon,8.98258,2.279
16,Mon,8.99772,1.583
16,Mon,9.01061,1.149
16,Mon,9.01679,5.031
16,Mon,9.03159,6.538
16,Mon,9.03762,3.439
16,Mon,9.05726,3.420
16,Mon,9.05844,1.114
16,Mon,9.06827,2.159
16,Mon,9.07221,2.269
16,Mon,9.07955,4.539
16,Mon,9.10323,5.133
16,Mon,9.12556,4.718
16,Mon,9.13523,5.505
16,Mon,9.14761,2.490
16,Mon,9.16339,4.844
16,Mon,9.16902,2.103
16,Mon,9.17551,3.287
16,Mon,9.17701,3.149
16,Mon,9.18855,2.975
16,Mon,9.21499,3.276
16,Mon,9.22139,1.286
16,Mon,9.22425,1.351
16,Mon,9.22920,2.859
16,Mon,9.23111,5.016
16,Mon,9.23576,3.928
16,Mon,9.26354,3.050
16,Mon,9.26908,5.307
16,Mon,9.28359,4.257
16,Mon,9.29176,2.495
16,Mon,9.30152,0.861
16,Mon,9.30187,2.146
16,Mon,9.30513,6.305
16,Mon,9.30613,7.524
16,Mon,9.30968,3.400
16,Mon,9.31617,2.875
16,Mon,9.32132,1.262
16,Mon,9.32793,1.592
16,Mon,9.35535,1.191
16,Mon,9.37921,3.434
16,Mon,9.38394,3.236
16,Mon,9.38643,2.611
16,Mon,9.39168,1.087
16,Mon,9.40120,1.626
16,Mon,9.40195,11.457
16,Mon,9.40248,2.843
16,Mon,9.40323,2.514
16,Mon,9.40360,1.823
16,Mon,9.40556,11.524
16,Mon,9.40726,2.911
16,Mon,9.41328,8.826
16,Mon,9.41666,1.348
16,Mon,9.41952,11.070
16,Mon,9.42216,3.265
16,Mon,9.43376,0.950
16,Mon,9.43745,5.215
16,Mon,9.46192,1.638
16,Mon,9.48381,6.623
16,Mon,9.48887,0.799
16,Mon,9.49362,3.010
16,Mon,9.50008,7.607
16,Mon,9.50937,3.309
16,Mon,9.51097,4.124
16,Mon,9.51401,3.052
16,Mon,9.51481,0.729
16,Mon,9.51613,2.739
16,Mon,9.52271,2.089
16,Mon,9.53098,0.790
16,Mon,9.53731,1.491
16,Mon,9.53979,5.755
16,Mon,9.54324,1.347
16,Mon,9.54750,5.307
16,Mon,9.57141,3.630
16,Mon,9.59808,2.298
16,Mon,9.61543,2.716
16,Mon,9.61868,4.968
16,Mon,9.63032,8.945
16,Mon,9.64311,1.277
16,Mon,9.64538,0.817
16,Mon,9.64848,7.658
16,Mon,9.65389,2.991
16,Mon,9.66114,26.706
16,Mon,9.66206,5.269
16,Mon,9.66514,1.215
16,Mon,9.67283,6.690
16,Mon,9.67431,10.571
16,Mon,9.67598,3.952
16,Mon,9.67968,8.227
16,Mon,9.68097,2.674
16,Mon,9.68240,6.200
16,Mon,9.68259,4.982
16,Mon,9.70164,5.115
16,Mon,9.70188,5.071
16,Mon,9.71278,4.464
16,Mon,9.71426,3.253
16,Mon,9.71901,2.384
16,Mon,9.73192,2.509
16,Mon,9.74249,3.959
16,Mon,9.75014,1.746
16,Mon,9.75168,1.397
16,Mon,9.76810,2.060
16,Mon,9.76892,0.925
16,Mon,9.77172,1.188
16,Mon,9.77391,9.447
16,Mon,9.78539,4.348
16,Mon,9.78833,4.774
16,Mon,9.79470,1.365
16,Mon,9.79972,8.273
16,Mon,9.80169,10.701
16,Mon,9.80673,3.852
16,Mon,9.80765,4.556
16,Mon,9.81203,2.104
16,Mon,9.81237,2.007
16,Mon,9.83626,1.664
16,Mon,9.84611,1.046
16,Mon,9.84853,5.449
16,Mon,9.85172,1.594
16,Mon,9.87248,4.475
16,Mon,9.87893,10.395
16,Mon,9.89520,7.214
16,Mon,9.89973,3.203
16,Mon,9.90184,3.861
16,Mon,9.90332,2.535
16,Mon,9.90337,11.539
16,Mon,9.90506,1.210
16,Mon,9.91136,5.885
16,Mon,9.92434,2.154
16,Mon,9.92554,3.974
16,Mon,9.92726,1.338
16,Mon,9.92752,0.000
16,Mon,9.93020,1.690
16,Mon,9.93238,1.664
16,Mon,9.93501,1.393
16,Mon,9.93920,6.138
16,Mon,9.94044,2.692
16,Mon,9.94968,6.958
16,Mon,9.95165,1.007
16,Mon,9.95708,0.472
16,Mon,9.96587,10.419
16,Mon,9.97686,2.824
16,Mon,9.98529,1.986
16,Mon,9.98756,5.835
16,Mon,9.98895,3.813
16,Mon,9.99197,8.855
16,Mon,9.99275,1.815
16,Mon,9.99744,0.909
16,Mon,9.99745,1.494
16,Mon,9.99880,3.079
16,Mon,10.00091,3.839
16,Mon,10.03171,6.648
16,Mon,10.03567,2.229
16,Mon,10.04010,0.963
16,Mon,10.04029,3.699
16,Mon,10.04581,3.804
16,Mon,10.04688,3.836
16,Mon,10.05204,1.289
16,Mon,10.06278,1.513
16,Mon,10.06434,2.424
16,Mon,10.06646,2.904
16,Mon,10.08506,4.055
16,Mon,10.08782,2.047
16,Mon,10.09400,2.910
16,Mon,10.10564,6.481
16,Mon,10.10704,4.062
16,Mon,10.10952,3.465
16,Mon,10.11363,9.814
16,Mon,10.11518,3.738
16,Mon,10.11668,3.728
16,Mon,10.12375,33.561
16,Mon,10.12619,2.790
16,Mon,10.12706,1.037
16,Mon,10.13952,11.222
16,Mon,10.14379,2.346
16,Mon,10.15201,2.803
16,Mon,10.15763,3.859
16,Mon,10.16217,1.558
16,Mon,10.17005,2.132
16,Mon,10.17013,5.866
16,Mon,10.17229,0.990
16,Mon,10.17470,2.882
16,Mon,10.17583,0.899
16,Mon,10.17718,2.426
16,Mon,10.18795,1.541
16,Mon,10.19820,2.295
16,Mon,10.19960,2.013
16,Mon,10.19964,1.309
16,Mon,10.22062,2.680
16,Mon,10.23340,1.636
16,Mon,10.23749,0.802
16,Mon,10.23852,1.551
16,Mon,10.24150,17.007
16,Mon,10.24531,2.384
16,Mon,10.27347,6.218
16,Mon,10.27946,2.790
16,Mon,10.27978,3.343
16,Mon,10.28501,2.725
16,Mon,10.28796,13.786
16,Mon,10.28833,1.711
16,Mon,10.30552,1.631
16,Mon,10.30705,2.648
16,Mon,10.31498,1.458
16,Mon,10.33689,0.562
16,Mon,10.35129,2.092
16,Mon,10.35305,6.144
16,Mon,10.35604,4.837
16,Mon,10.35952,1.333
16,Mon,10.36299,2.621
16,Mon,10.37495,2.351
16,Mon,10.37739,2.234
16,Mon,10.40350,4.470
16,Mon,10.41508,2.530
16,Mon,10.42369,1.633
16,Mon,10.42925,2.542
16,Mon,10.43607,2.365
16,Mon,10.45076,2.196
16,Mon,10.45768,5.743
16,Mon,10.45911,3.485
16,Mon,10.46000,7.080
16,Mon,10.47095,1.310
16,Mon,10.47572,2.654
16,Mon,10.47812,8.237
16,Mon,10.47880,2.048
16,Mon,10.48052,1.428
16,Mon,10.49071,5.269
16,Mon,10.49097,1.974
16,Mon,10.49412,2.442
16,Mon,10.50508,1.439
16,Mon,10.50597,5.922
16,Mon,10.50875,2.244
16,Mon,10.51891,4.553
16,Mon,10.51908,2.006
16,Mon,10.52486,3.380
16,Mon,10.53066,0.984
16,Mon,10.53849,0.416
16,Mon,10.54257,4.394
16,Mon,10.55523,4.223
16,Mon,10.55525,1.446
16,Mon,10.56270,2.968
16,Mon,10.56638,5.617
16,Mon,10.58101,3.017
16,Mon,10.58970,2.532
16,Mon,10.60199,2.350
16,Mon,10.60691,4.560
16,Mon,10.61323,4.401
16,Mon,10.61383,2.970
16,Mon,10.62359,8.088
16,Mon,10.63190,6.974
16,Mon,10.63194,0.000
16,Mon,10.63875,2.222
16,Mon,10.63950,1.753
16,Mon,10.64649,1.835
16,Mon,10.66219,0.936
16,Mon,10.66713,2.359
16,Mon,10.67156,2.740
16,Mon,10.67428,2.288
16,Mon,10.67674,1.518
16,Mon,10.67747,12.910
16,Mon,10.68312,1.720
16,Mon,10.68509,1.750
16,Mon,10.68528,6.026
16,Mon,10.70334,5.852
16,Mon,10.70552,4.064
16,Mon,10.71013,3.672
16,Mon,10.71461,5.533
16,Mon,10.71547,1.367
16,Mon,10.72055,5.775
16,Mon,10.74097,9.750
16,Mon,10.75296,4.955
16,Mon,10.75495,5.238
16,Mon,10.75673,5.979
16,Mon,10.75923,8.707
16,Mon,10.76034,6.813
16,Mon,10.77021,0.000
16,Mon,10.78241,1.111
16,Mon,10.79403,2.135
16,Mon,10.80253,1.627
16,Mon,10.80869,4.241
16,Mon,10.81411,1.581
16,Mon,10.81951,6.019
16,Mon,10.82238,4.478
16,Mon,10.83578,3.261
16,Mon,10.83985,3.985
16,Mon,10.84152,2.733
16,Mon,10.84238,3.264
16,Mon,10.84615,3.298
16,Mon,10.85050,3.178
16,Mon,10.85692,2.201
16,Mon,10.85760,2.869
16,Mon,10.86095,0.685
16,Mon,10.86363,6.329
16,Mon,10.86957,3.014
16,Mon,10.87495,2.415
16,Mon,10.88019,2.829
16,Mon,10.88266,2.328
16,Mon,10.89154,1.841
16,Mon,10.89548,1.626
16,Mon,10.89631,0.632
16,Mon,10.90537,10.752
16,Mon,10.90627,13.758
16,Mon,10.93316,2.488
16,Mon,10.93525,0.975
16,Mon,10.93586,4.599
16,Mon,10.93681,9.270
16,Mon,10.93864,2.969
16,Mon,10.93978,3.914
16,Mon,10.95020,3.922
16,Mon,10.95074,2.532
16,Mon,10.95754,4.724
16,Mon,10.96874,0.701
16,Mon,10.97112,10.907
16,Mon,10.97174,5.116
16,Mon,10.97655,1.679
16,Mon,10.99954,5.177
16,Mon,11.00010,6.946
16,Mon,11.02024,5.137
16,Mon,11.02065,4.019
16,Mon,11.03966,1.317
16,Mon,11.04873,14.508
16,Mon,11.05721,3.906
16,Mon,11.06055,0.000
16,Mon,11.06502,1.117
16,Mon,11.07752,1.299
16,Mon,11.07795,4.273
16,Mon,11.08380,8.819
16,Mon,11.08588,1.511
16,Mon,11.09030,1.544
16,Mon,11.09355,6.936
16,Mon,11.09893,3.626
16,Mon,11.10815,4.934
16,Mon,11.10871,3.046
16,Mon,11.10994,2.119
16,Mon,11.11991,1.102
16,Mon,11.13031,0.960
16,Mon,11.13294,1.489
16,Mon,11.15670,8.599
16,Mon,11.15869,7.044
16,Mon,11.16568,0.629
16,Mon,11.18783,4.187
16,Mon,11.19125,6.103
16,Mon,11.19581,2.551
16,Mon,11.19723,1.877
16,Mon,11.20036,1.369
16,Mon,11.20133,1.856
16,Mon,11.20364,2.020
16,Mon,11.20395,6.292
16,Mon,11.20989,2.172
16,Mon,11.21644,2.720
16,Mon,11.22646,1.913
16,Mon,11.22927,13.178
16,Mon,11.23309,2.544
16,Mon,11.23612,5.108
16,Mon,11.24578,1.139
16,Mon,11.25823,7.467
16,Mon,11.26306,5.077
16,Mon,11.26439,9.220
16,Mon,11.27630,1.206
16,Mon,11.28272,3.540
16,Mon,11.28490,1.995
16,Mon,11.28701,4.014
16,Mon,11.29801,3.281
16,Mon,11.31220,1.489
16,Mon,11.31344,3.693
16,Mon,11.32279,0.565
16,Mon,11.32786,3.761
16,Mon,11.32995,1.353
16,Mon,11.33168,0.850
16,Mon,11.33252,2.311
16,Mon,11.33364,2.733
16,Mon,11.33424,7.859
16,Mon,11.33684,3.369
16,Mon,11.34146,5.688
16,Mon,11.34287,1.334
16,Mon,11.36109,5.726
16,Mon,11.37070,2.922
16,Mon,11.37401,4.289
16,Mon,11.37422,9.135
16,Mon,11.37688,3.746
16,Mon,11.39165,1.285
16,Mon,11.39509,2.360
16,Mon,11.39861,4.578
16,Mon,11.40043,7.808
16,Mon,11.42450,6.967
16,Mon,11.42639,4.315
16,Mon,11.42832,7.154
16,Mon,11.43253,6.224
16,Mon,11.44036,3.316
16,Mon,11.44550,2.548
16,Mon,11.44638,6.165
16,Mon,11.46243,4.445
16,Mon,11.47928,4.532
16,Mon,11.48780,6.675
16,Mon,11.49515,6.358
16,Mon,11.50871,3.255
16,Mon,11.52782,4.051
16,Mon,11.53468,2.412
16,Mon,11.54689,6.303
16,Mon,11.55500,2.122
16,Mon,11.58087,3.132
16,Mon,11.58612,6.323
16,Mon,11.59702,6.471
16,Mon,11.60782,2.482
16,Mon,11.61683,2.017
16,Mon,11.61908,6.313
16,Mon,11.61982,5.123
16,Mon,11.62265,1.002
16,Mon,11.62732,1.556
16,Mon,11.64022,1.479
16,Mon,11.64735,5.541
16,Mon,11.65954,1.083
16,Mon,11.66373,11.212
16,Mon,11.66875,1.274
16,Mon,11.66990,8.181
16,Mon,11.70575,5.422
16,Mon,11.73102,1.252
16,Mon,11.73405,5.774
16,Mon,11.73879,2.180
16,Mon,11.74334,14.049
16,Mon,11.74457,12.642
16,Mon,11.75090,3.959
16,Mon,11.75640,0.997
16,Mon,11.75935,4.272
16,Mon,11.77107,2.827
16,Mon,11.78283,3.253
16,Mon,11.79138,5.209
16,Mon,11.79785,4.365
16,Mon,11.79804,2.866
16,Mon,11.80266,7.573
16,Mon,11.81234,4.284
16,Mon,11.81662,1.612
16,Mon,11.82134,2.879
16,Mon,11.82135,3.889
16,Mon,11.83033,5.938
16,Mon,11.83472,4.514
16,Mon,11.83594,3.790
16,Mon,11.83724,4.394
16,Mon,11.83980,3.828
16,Mon,11.84543,1.012
16,Mon,11.85504,7.632
16,Mon,11.86900,1.539
16,Mon,11.86978,4.541
16,Mon,11.86980,2.811
16,Mon,11.87339,3.260
16,Mon,11.87476,1.845
16,Mon,11.87482,2.317
16,Mon,11.88088,6.672
16,Mon,11.90709,2.159
16,Mon,11.90908,3.475
16,Mon,11.91038,1.729
16,Mon,11.92722,6.866
16,Mon,11.93474,5.988
16,Mon,11.98712,2.127
16,Mon,11.99428,2.035
16,Mon,11.99464,2.598
16,Mon,12.00389,1.665
16,Mon,12.00957,3.475
16,Mon,12.01093,3.716
16,Mon,12.01181,2.298
16,Mon,12.01400,8.376
16,Mon,12.01600,3.063
16,Mon,12.02787,7.094
16,Mon,12.04213,2.307
16,Mon,12.04894,3.403
16,Mon,12.06904,2.632
16,Mon,12.07149,4.944
16,Mon,12.08496,3.193
16,Mon,12.09538,8.307
16,Mon,12.10658,6.300
16,Mon,12.11119,1.166
16,Mon,12.12125,7.749
16,Mon,12.13141,3.309
16,Mon,12.13304,3.132
16,Mon,12.13593,2.137
16,Mon,12.14111,0.592
16,Mon,12.14929,11.726
16,Mon,12.17272,2.688
16,Mon,12.17520,4.607
16,Mon,12.17626,3.247
16,Mon,12.18101,2.784
16,Mon,12.18514,2.742
16,Mon,12.20279,6.618
16,Mon,12.21085,2.659
16,Mon,12.21151,1.210
16,Mon,12.21268,5.051
16,Mon,12.21824,8.040
16,Mon,12.22635,4.483
16,Mon,12.23162,3.554
16,Mon,12.23502,2.484
16,Mon,12.24063,1.899
16,Mon,12.24318,5.631
16,Mon,12.25287,8.513
16,Mon,12.27097,8.668
16,Mon,12.29449,0.637
16,Mon,12.30867,2.327
16,Mon,12.31138,4.961
16,Mon,12.33778,2.686
16,Mon,12.34459,6.956
16,Mon,12.34463,3.317
16,Mon,12.35206,11.358
16,Mon,12.35582,3.548
16,Mon,12.36435,3.152
16,Mon,12.38411,3.166
16,Mon,12.39941,12.077
16,Mon,12.40115,3.131
16,Mon,12.40682,3.778
16,Mon,12.40988,15.157
16,Mon,12.41107,2.310
16,Mon,12.41123,1.723
16,Mon,12.41345,2.445
16,Mon,12.41740,4.269
16,Mon,12.42289,6.184
16,Mon,12.43479,12.333
16,Mon,12.44136,1.415
16,Mon,12.44316,3.267
16,Mon,12.44560,2.455
16,Mon,12.45166,10.615
16,Mon,12.47737,2.109
16,Mon,12.48685,1.321
16,Mon,12.48943,1.768
16,Mon,12.50150,1.971
16,Mon,12.50635,1.476
16,Mon,12.50779,4.204
16,Mon,12.50896,1.469
16,Mon,12.52642,11.517
16,Mon,12.54042,1.518
16,Mon,12.55010,3.792
16,Mon,12.55960,2.465
16,Mon,12.56893,2.021
16,Mon,12.58128,8.292
16,Mon,12.59217,7.020
16,Mon,12.60055,4.287
16,Mon,12.61224,3.971
16,Mon,12.61290,1.221
16,Mon,12.62046,5.228
16,Mon,12.63316,1.255
16,Mon,12.63844,8.097
16,Mon,12.64749,3.599
16,Mon,12.64953,3.056
16,Mon,12.65489,1.603
16,Mon,12.67925,5.495
16,Mon,12.73790,15.157
16,Mon,12.74009,4.906
16,Mon,12.74997,7.317
16,Mon,12.75089,2.928
16,Mon,12.75515,6.063
16,Mon,12.76106,3.232
16,Mon,12.79055,3.509
16,Mon,12.79752,2.893
16,Mon,12.80076,2.026
16,Mon,12.80930,3.979
16,Mon,12.81403,5.466
16,Mon,12.82546,2.714
16,Mon,12.83477,3.899
16,Mon,12.84102,1.950
16,Mon,12.84247,2.744
16,Mon,12.85753,6.605
16,Mon,12.87517,0.752
16,Mon,12.87903,3.660
16,Mon,12.88204,2.409
16,Mon,12.89845,3.738
16,Mon,12.90232,5.265
16,Mon,12.90788,3.763
16,Mon,12.90813,8.336
16,Mon,12.91031,1.286
16,Mon,12.91176,2.404
16,Mon,12.91223,8.526
16,Mon,12.91385,1.112
16,Mon,12.91894,2.952
16,Mon,12.92544,1.756
16,Mon,12.93453,1.675
16,Mon,12.95467,3.409
16,Mon,12.99621,5.543
16,Mon,12.99852,8.786
16,Mon,13.01082,2.109
16,Mon,13.02137,6.197
16,Mon,13.02778,0.943
16,Mon,13.04856,1.590
16,Mon,13.04888,8.512
16,Mon,13.06401,3.523
16,Mon,13.06869,6.689
16,Mon,13.08984,4.617
16,Mon,13.09965,4.834
16,Mon,13.10469,13.824
16,Mon,13.11052,3.699
16,Mon,13.12741,8.564
16,Mon,13.16372,4.143
16,Mon,13.20810,3.230
16,Mon,13.20933,2.196
16,Mon,13.21658,1.885
16,Mon,13.22444,2.757
16,Mon,13.23994,6.397
16,Mon,13.24432,3.787
16,Mon,13.26201,4.627
16,Mon,13.26427,1.696
16,Mon,13.26545,1.451
16,Mon,13.28060,1.211
16,Mon,13.28073,0.675
16,Mon,13.30033,4.260
16,Mon,13.30528,7.268
16,Mon,13.30714,3.475
16,Mon,13.33752,3.595
16,Mon,13.34021,2.212
16,Mon,13.34817,4.178
16,Mon,13.34934,2.187
16,Mon,13.35622,6.917
16,Mon,13.36985,0.635
16,Mon,13.37414,1.986
16,Mon,13.37946,10.575
16,Mon,13.39320,6.565
16,Mon,13.41160,2.933
16,Mon,13.41930,1.598
16,Mon,13.42124,4.405
16,Mon,13.44154,0.493
16,Mon,13.44218,2.001
16,Mon,13.44750,3.239
16,Mon,13.45297,1.400
16,Mon,13.46681,1.126
16,Mon,13.47144,3.489
16,Mon,13.47475,3.219
16,Mon,13.48186,3.406
16,Mon,13.48826,3.551
16,Mon,13.48862,5.520
16,Mon,13.49622,6.615
16,Mon,13.50573,8.444
16,Mon,13.51579,1.833
16,Mon,13.52157,2.723
16,Mon,13.53207,5.455
16,Mon,13.53340,2.913
16,Mon,13.53674,1.870
16,Mon,13.53854,24.398
16,Mon,13.54278,4.437
16,Mon,13.54433,7.930
16,Mon,13.55657,1.034
16,Mon,13.59758,4.329
16,Mon,13.60194,2.230
16,Mon,13.61031,5.786
16,Mon,13.63677,1.741
16,Mon,13.64745,2.242
16,Mon,13.64807,6.608
16,Mon,13.67947,18.871
16,Mon,13.68332,6.013
16,Mon,13.68905,5.540
16,Mon,13.69131,4.177
16,Mon,13.69583,3.761
16,Mon,13.70138,3.014
16,Mon,13.72703,5.089
16,Mon,13.72729,8.292
16,Mon,13.72798,0.835
16,Mon,13.75453,1.932
16,Mon,13.76217,8.404
16,Mon,13.76499,2.938
16,Mon,13.77837,1.659
16,Mon,13.79535,2.575
16,Mon,13.80128,3.743
16,Mon,13.81601,6.285
16,Mon,13.82612,4.138
16,Mon,13.83185,1.317
16,Mon,13.83933,2.468
16,Mon,13.83935,3.981
16,Mon,13.84107,3.595
16,Mon,13.85837,2.478
16,Mon,13.86024,3.611
16,Mon,13.87307,10.390
16,Mon,13.87474,2.589
16,Mon,13.88255,1.808
16,Mon,13.89009,2.184
16,Mon,13.89369,1.991
16,Mon,13.89954,0.735
16,Mon,13.90491,3.457
16,Mon,13.91157,0.946
16,Mon,13.91904,12.908
16,Mon,13.92970,5.426
16,Mon,13.93197,3.177
16,Mon,13.93457,3.725
16,Mon,13.94225,2.924
16,Mon,13.96907,2.187
16,Mon,13.97121,3.516
16,Mon,13.97534,6.496
16,Mon,14.00495,2.744
16,Mon,14.01369,0.797
16,Mon,14.02326,4.239
16,Mon,14.03494,2.856
16,Mon,14.03851,3.116
16,Mon,14.04248,3.598
16,Mon,14.05802,1.978
16,Mon,14.06343,3.465
16,Mon,14.06763,5.842
16,Mon,14.10566,7.191
16,Mon,14.11934,3.826
16,Mon,14.12987,2.214
16,Mon,14.14687,1.108
16,Mon,14.14723,3.622
16,Mon,14.15045,3.043
16,Mon,14.15911,1.142
16,Mon,14.15990,1.667
16,Mon,14.16602,2.338
16,Mon,14.16731,4.895
16,Mon,14.17326,2.194
16,Mon,14.17527,3.211
16,Mon,14.18725,6.748
16,Mon,14.18763,2.011
16,Mon,14.18926,1.802
16,Mon,14.21091,0.857
16,Mon,14.25492,1.141
16,Mon,14.25877,0.739
16,Mon,14.25887,2.376
16,Mon,14.25992,2.697
16,Mon,14.26292,7.425
16,Mon,14.26302,2.560
16,Mon,14.26522,1.847
16,Mon,14.26665,2.293
16,Mon,14.26837,2.428
16,Mon,14.26873,2.783
16,Mon,14.27248,1.091
16,Mon,14.28089,2.138
16,Mon,14.28501,5.391
16,Mon,14.28742,5.431
16,Mon,14.29155,3.363
16,Mon,14.31436,3.517
16,Mon,14.31750,1.296
16,Mon,14.32949,1.230
16,Mon,14.33951,1.176
16,Mon,14.34566,3.429
16,Mon,14.34881,6.636
16,Mon,14.36683,3.603
16,Mon,14.37264,0.682
16,Mon,14.37782,4.731
16,Mon,14.39480,0.979
16,Mon,14.39836,3.654
16,Mon,14.40669,0.872
16,Mon,14.42654,1.038
16,Mon,14.44896,8.452
16,Mon,14.47189,6.381
16,Mon,14.48566,2.342
16,Mon,14.48834,5.133
16,Mon,14.49570,4.003
16,Mon,14.49932,6.895
16,Mon,14.50859,2.398
16,Mon,14.51960,3.096
16,Mon,14.52639,23.310
16,Mon,14.55564,2.111
16,Mon,14.57596,3.003
16,Mon,14.59063,0.742
16,Mon,14.60198,3.872
16,Mon,14.60412,2.850
16,Mon,14.60939,3.198
16,Mon,14.61476,2.399
16,Mon,14.61640,1.777
16,Mon,14.62810,4.401
16,Mon,14.63061,5.115
16,Mon,14.63752,1.431
16,Mon,14.64008,3.365
16,Mon,14.64649,1.197
16,Mon,14.65013,3.031
16,Mon,14.65168,3.423
16,Mon,14.65992,1.203
16,Mon,14.66129,0.924
16,Mon,14.66298,8.587
16,Mon,14.66634,10.803
16,Mon,14.67998,6.183
16,Mon,14.69160,3.676
16,Mon,14.69266,4.366
16,Mon,14.69982,1.749
16,Mon,14.71045,3.118
16,Mon,14.71060,3.317
16,Mon,14.72456,1.976
16,Mon,14.73987,4.447
16,Mon,14.74607,2.531
16,Mon,14.75335,3.724
16,Mon,14.77432,2.067
16,Mon,14.79351,5.033
16,Mon,14.79383,3.746
16,Mon,14.80574,3.469
16,Mon,14.80866,2.361
16,Mon,14.82134,1.509
16,Mon,14.82173,15.938
16,Mon,14.84119,3.703
16,Mon,14.85637,1.658
16,Mon,14.87013,12.639
16,Mon,14.87202,4.236
16,Mon,14.87219,9.951
16,Mon,14.87613,3.395
16,Mon,14.87854,2.373
16,Mon,14.88170,3.603
16,Mon,14.88217,6.624
16,Mon,14.89832,0.927
16,Mon,14.90332,2.470
16,Mon,14.90443,2.127
16,Mon,14.90776,5.919
16,Mon,14.91245,0.738
16,Mon,14.91309,5.364
16,Mon,14.92818,7.325
16,Mon,14.93338,24.919
16,Mon,14.94263,4.891
16,Mon,14.94282,11.027
16,Mon,14.95337,7.701
16,Mon,14.95803,7.505
16,Mon,14.96353,10.176
16,Mon,14.96701,1.505
16,Mon,14.97509,1.233
16,Mon,14.97943,2.601
16,Mon,14.98354,4.199
16,Mon,14.98508,1.573
16,Mon,14.98886,4.175
16,Mon,14.99139,6.721
16,Mon,14.99506,3.553
16,Mon,15.01474,2.235
16,Mon,15.01550,4.840
16,Mon,15.02241,2.783
16,Mon,15.02471,0.700
16,Mon,15.02565,7.466
16,Mon,15.07643,4.255
16,Mon,15.09786,1.252
16,Mon,15.10356,3.703
16,Mon,15.11538,1.123
16,Mon,15.11538,2.170
16,Mon,15.11927,1.770
16,Mon,15.11983,3.181
16,Mon,15.12345,3.029
16,Mon,15.12596,4.185
16,Mon,15.12795,3.701
16,Mon,15.14258,1.729
16,Mon,15.15094,4.570
16,Mon,15.15897,5.451
16,Mon,15.15946,2.905
16,Mon,15.16527,1.481
16,Mon,15.16652,1.187
16,Mon,15.17370,4.751
16,Mon,15.18085,3.977
16,Mon,15.18930,3.230
16,Mon,15.19286,3.398
16,Mon,15.19320,1.704
16,Mon,15.20137,3.802
16,Mon,15.20995,12.708
16,Mon,15.21783,5.586
16,Mon,15.22196,6.348
16,Mon,15.22813,1.991
16,Mon,15.24898,6.392
16,Mon,15.25041,4.286
16,Mon,15.26423,1.491
16,Mon,15.26552,3.034
16,Mon,15.26725,5.013
16,Mon,15.27295,3.772
16,Mon,15.27388,8.692
16,Mon,15.28394,6.762
16,Mon,15.29853,3.681
16,Mon,15.30332,2.430
16,Mon,15.31078,25.632
16,Mon,15.31596,4.269
16,Mon,15.31912,0.881
16,Mon,15.32511,4.545
16,Mon,15.33476,2.547
16,Mon,15.34443,1.972
16,Mon,15.34511,2.931
16,Mon,15.35188,1.605
16,Mon,15.35351,2.391
16,Mon,15.36017,3.322
16,Mon,15.37141,3.568
16,Mon,15.37782,3.796
16,Mon,15.38167,3.827
16,Mon,15.38733,1.833
16,Mon,15.40191,1.554
16,Mon,15.40888,4.465
16,Mon,15.41131,2.317
16,Mon,15.41402,1.366
16,Mon,15.41820,3.018
16,Mon,15.42603,2.954
16,Mon,15.43561,1.471
16,Mon,15.46752,7.203
16,Mon,15.47699,2.657
16,Mon,15.48439,11.167
16,Mon,15.49513,1.266
16,Mon,15.52001,3.803
16,Mon,15.52887,3.340
16,Mon,15.53357,3.911
16,Mon,15.54817,4.731
16,Mon,15.55265,5.103
16,Mon,15.55579,3.749
16,Mon,15.55898,12.695
16,Mon,15.56408,1.859
16,Mon,15.57327,2.992
16,Mon,15.57349,2.124
16,Mon,15.57461,5.705
16,Mon,15.57518,5.106
16,Mon,15.57941,1.503
16,Mon,15.59675,9.271
16,Mon,15.60234,1.596
16,Mon,15.61077,2.557
16,Mon,15.61914,3.034
16,Mon,15.63621,1.067
16,Mon,15.64087,3.223
16,Mon,15.64141,3.525
16,Mon,15.64440,0.908
16,Mon,15.65073,7.112
16,Mon,15.65960,10.668
16,Mon,15.66101,2.932
16,Mon,15.66364,1.387
16,Mon,15.66634,3.508
16,Mon,15.67735,2.542
16,Mon,15.68149,1.420
16,Mon,15.69300,1.041
16,Mon,15.69807,4.709
16,Mon,15.70872,1.449
16,Mon,15.70905,5.230
16,Mon,15.73376,9.484
16,Mon,15.73676,1.358
16,Mon,15.74131,5.610
16,Mon,15.75570,1.390
16,Mon,15.77036,3.640
16,Mon,15.77347,0.854
16,Mon,15.78072,4.534
16,Mon,15.78201,8.657
16,Mon,15.80918,4.002
16,Mon,15.81467,1.275
16,Mon,15.81518,3.685
16,Mon,15.82399,1.367
16,Mon,15.84176,5.546
16,Mon,15.85973,2.929
16,Mon,15.88311,4.133
16,Mon,15.89433,1.848
16,Mon,15.89592,5.826
16,Mon,15.89989,5.202
16,Mon,15.90442,9.211
16,Mon,15.91181,11.200
16,Mon,15.94151,5.472
16,Mon,15.94173,4.848
16,Mon,15.96079,2.111
16,Mon,15.98220,0.798
16,Mon,15.99893,3.122
16,Mon,16.01344,1.351
16,Mon,16.03110,7.174
16,Mon,16.05638,5.053
16,Mon,16.07870,6.643
16,Mon,16.09012,0.000
16,Mon,16.09844,5.358
16,Mon,16.10294,3.902
16,Mon,16.10726,2.658
16,Mon,16.11910,4.957
16,Mon,16.13439,9.099
16,Mon,16.14778,2.356
16,Mon,16.14869,1.397
16,Mon,16.14876,4.117
16,Mon,16.15286,2.774
16,Mon,16.15519,6.749
16,Mon,16.17550,3.411
16,Mon,16.18892,3.897
16,Mon,16.20694,5.397
16,Mon,16.21406,4.157
16,Mon,16.23268,2.396
16,Mon,16.23340,2.427
16,Mon,16.24114,3.388
16,Mon,16.27027,4.395
16,Mon,16.27056,6.608
16,Mon,16.30268,8.280
16,Mon,16.30598,2.096
16,Mon,16.30618,2.791
16,Mon,16.33120,3.569
16,Mon,16.35409,2.029
16,Mon,16.36229,1.685
16,Mon,16.36427,2.635
16,Mon,16.38300,3.800
16,Mon,16.38601,3.617
16,Mon,16.39944,2.792
16,Mon,16.40443,10.550
16,Mon,16.44025,2.300
16,Mon,16.45686,3.827
16,Mon,16.46602,1.640
16,Mon,16.46814,2.659
16,Mon,16.46918,4.666
16,Mon,16.48120,1.014
16,Mon,16.50202,2.681
16,Mon,16.53371,1.671
16,Mon,16.53613,1.292
16,Mon,16.54922,3.307
16,Mon,16.56818,4.998
16,Mon,16.57024,1.396
16,Mon,16.57577,3.651
16,Mon,16.58009,1.264
16,Mon,16.58627,2.308
16,Mon,16.60569,1.033
16,Mon,16.60622,17.021
16,Mon,16.61621,3.848
16,Mon,16.61871,0.993
16,Mon,16.62699,0.891
16,Mon,16.63015,3.721
16,Mon,16.71134,2.003
16,Mon,16.71446,12.807
16,Mon,16.72162,2.371
16,Mon,16.74853,2.101
16,Mon,16.74872,8.307
16,Mon,16.75357,3.222
16,Mon,16.78250,8.548
16,Mon,16.78297,3.140
16,Mon,16.78618,5.396
16,Mon,16.79869,3.330
16,Mon,16.85677,1.302
16,Mon,16.85943,1.232
16,Mon,16.86601,4.280
16,Mon,16.87367,0.958
16,Mon,16.87654,3.825
16,Mon,16.87669,6.844
16,Mon,16.88102,3.525
16,Mon,16.98170,1.166
16,Mon,17.00905,2.561
16,Mon,17.01220,8.992
16,Mon,17.01567,4.806
16,Mon,17.04573,2.884
16,Mon,17.05481,5.213
16,Mon,17.06170,2.686
16,Mon,17.08679,2.037
16,Mon,17.11050,1.461
16,Mon,17.13980,2.383
16,Mon,17.16866,6.803
16,Mon,17.17066,4.628
16,Mon,17.17344,1.610
16,Mon,17.18107,1.828
16,Mon,17.21664,3.239
16,Mon,17.28684,0.817
16,Mon,17.31524,2.721
16,Mon,17.34242,1.405
16,Mon,17.36166,2.046
16,Mon,17.36976,5.405
16,Mon,17.37732,0.568
16,Mon,17.38518,1.882
16,Mon,17.40858,1.260
16,Mon,17.42368,1.812
16,Mon,17.43345,2.235
16,Mon,17.47228,4.094
16,Mon,17.49319,1.894
16,Mon,17.49458,2.906
16,Mon,17.49915,2.371
16,Mon,17.51565,2.981
16,Mon,17.52190,4.658
16,Mon,17.52583,6.337
16,Mon,17.54232,1.149
16,Mon,17.55854,11.152
16,Mon,17.61646,4.719
16,Mon,17.65799,3.742
16,Mon,17.66598,2.299
16,Mon,17.67446,3.629
16,Mon,17.69224,3.454
16,Mon,17.69233,3.930
16,Mon,17.70844,8.497
16,Mon,17.72039,7.290
16,Mon,17.74028,5.491
16,Mon,17.74502,3.526
16,Mon,17.75413,2.681
16,Mon,17.76161,1.808
16,Mon,17.80154,1.746
16,Mon,17.82779,6.095
16,Mon,17.84342,1.872
16,Mon,17.89900,4.514
16,Mon,17.90737,1.369
16,Mon,17.92319,4.497
16,Mon,17.92577,7.557
16,Mon,17.94955,2.784
16,Mon,17.96043,1.216
16,Mon,18.00718,11.965
16,Mon,18.01308,9.323
16,Mon,18.02204,3.043
16,Mon,18.05562,1.861
16,Mon,18.06731,5.254
16,Mon,18.09275,3.149
16,Mon,18.11377,4.873
16,Mon,18.14133,2.282
16,Mon,18.15734,2.898
16,Mon,18.22548,3.673
16,Mon,18.22805,3.194
16,Mon,18.26473,7.652
16,Mon,18.26499,4.073
16,Mon,18.28180,1.981
16,Mon,18.28502,2.511
16,Mon,18.36186,3.496
16,Mon,18.36188,2.607
16,Mon,18.36770,5.759
16,Mon,18.37004,4.471
16,Mon,18.46094,3.432
16,Mon,18.47752,11.772
16,Mon,18.56164,4.183
16,Mon,18.57820,6.553
16,Mon,18.60474,4.159
16,Mon,18.62657,2.135
16,Mon,18.63160,3.432
16,Mon,18.63445,2.790
16,Mon,18.65954,2.849
16,Mon,18.68084,1.833
16,Mon,18.71446,2.027
16,Mon,18.72482,3.520
16,Mon,18.72967,2.643
16,Mon,18.73424,2.194
16,Mon,18.78336,7.395
16,Mon,18.78831,12.215
16,Mon,18.80533,0.931
16,Mon,18.80949,2.790
16,Mon,18.81282,0.964
16,Mon,18.81649,2.095
16,Mon,18.81816,1.420
16,Mon,18.83252,4.355
16,Mon,18.83663,0.728
16,Mon,18.83798,4.346
16,Mon,18.86649,1.105
16,Mon,18.86917,4.177
16,Mon,18.87205,1.943
16,Mon,18.87353,3.712
16,Mon,18.87954,2.100
16,Mon,18.92034,2.033
16,Mon,18.92684,1.753
16,Mon,18.92944,3.420
16,Mon,18.94009,5.562
16,Mon,18.95287,1.652
16,Mon,18.97837,3.810
16,Mon,19.02208,2.274
16,Mon,19.02897,5.375
16,Mon,19.05803,1.661
16,Mon,19.05892,1.241
16,Mon,19.08053,5.899
16,Mon,19.11571,2.550
16,Mon,19.13250,3.166
16,Mon,19.15654,6.250
16,Mon,19.16184,5.745
16,Mon,19.17601,6.591
16,Mon,19.28987,1.572
16,Mon,19.37054,2.896
16,Mon,19.41142,3.381
16,Mon,19.45645,1.610
16,Mon,19.46065,0.417
16,Mon,19.47237,3.145
16,Mon,19.48300,1.763
16,Mon,19.51730,4.310
16,Mon,19.53318,4.519
16,Mon,19.53705,3.672
16,Mon,19.54240,7.545
16,Mon,19.56894,4.339
16,Mon,19.63020,6.376
16,Mon,19.69413,3.757
16,Mon,19.70066,1.802
16,Mon,19.72783,4.864
16,Mon,19.72954,2.143
16,Mon,19.76934,10.143
16,Mon,19.78475,0.567
16,Mon,19.79067,5.902
16,Mon,19.81737,1.182
16,Mon,19.86904,4.593
16,Mon,19.88491,2.025
16,Mon,19.89318,1.975
16,Mon,19.90481,2.827
16,Mon,19.90734,7.082
16,Mon,19.93711,1.687
16,Mon,19.93768,4.183
16,Mon,19.95781,3.230
16,Mon,19.96271,5.953
16,Mon,19.99307,8.229
16,Mon,19.99758,2.245
17,Tue,8.00775,4.297
17,Tue,8.01389,1.710
17,Tue,8.01578,1.714
17,Tue,8.02224,11.626
17,Tue,8.02487,1.893
17,Tue,8.04969,4.703
17,Tue,8.12818,3.338
17,Tue,8.13073,0.497
17,Tue,8.15807,10.394
17,Tue,8.18903,5.065
17,Tue,8.21499,3.581
17,Tue,8.22219,6.014
17,Tue,8.25682,2.721
17,Tue,8.25943,1.543
17,Tue,8.26142,2.451
17,Tue,8.26341,5.427
17,Tue,8.27455,1.386
17,Tue,8.27625,9.472
17,Tue,8.32259,7.053
17,Tue,8.33033,2.060
17,Tue,8.36473,6.307
17,Tue,8.36929,4.827
17,Tue,8.37990,2.057
17,Tue,8.38942,3.528
17,Tue,8.41648,3.580
17,Tue,8.42979,4.073
17,Tue,8.43599,3.081
17,Tue,8.45217,2.559
17,Tue,8.50172,2.558
17,Tue,8.51193,4.522
17,Tue,8.52948,2.493
17,Tue,8.54021,1.971
17,Tue,8.54042,1.837
17,Tue,8.54906,7.266
17,Tue,8.56004,1.091
17,Tue,8.59827,5.855
17,Tue,8.60503,1.944
17,Tue,8.60545,7.671
17,Tue,8.62220,3.226
17,Tue,8.62384,6.356
17,Tue,8.67601,7.274
17,Tue,8.67808,5.029
17,Tue,8.68503,2.769
17,Tue,8.72730,2.923
17,Tue,8.72792,3.250
17,Tue,8.72985,8.980
17,Tue,8.73224,2.306
17,Tue,8.73858,2.805
17,Tue,8.74521,2.793
17,Tue,8.75702,4.455
17,Tue,8.75966,1.731
17,Tue,8.76482,5.023
17,Tue,8.78943,2.428
17,Tue,8.79418,2.165
17,Tue,8.85015,1.580
17,Tue,8.85156,0.398
17,Tue,8.85506,1.478
17,Tue,8.85633,1.728
17,Tue,8.86193,2.363
17,Tue,8.86327,1.773
17,Tue,8.87178,1.482
17,Tue,8.89665,6.260
17,Tue,8.93627,1.247
17,Tue,8.93872,1.530
17,Tue,8.95030,1.753
17,Tue,8.95689,3.760
17,Tue,8.96278,8.256
17,Tue,8.96296,7.015
17,Tue,8.96393,3.861
17,Tue,8.97143,2.344
17,Tue,8.98610,2.772
17,Tue,8.98692,3.703
17,Tue,8.99558,8.752
17,Tue,8.99599,0.813
17,Tue,9.00229,2.826
17,Tue,9.00572,7.589
17,Tue,9.00676,8.311
17,Tue,9.01100,1.537
17,Tue,9.02337,4.192
17,Tue,9.03314,3.667
17,Tue,9.07865,2.752
17,Tue,9.08440,2.273
17,Tue,9.09875,3.490
17,Tue,9.10408,1.226
17,Tue,9.15486,4.529
17,Tue,9.15589,4.302
17,Tue,9.16534,10.356
17,Tue,9.17163,7.337
17,Tue,9.18682,2.986
17,Tue,9.19828,3.742
17,Tue,9.20147,8.384
17,Tue,9.20239,1.755
17,Tue,9.21306,1.440
17,Tue,9.21529,1.457
17,Tue,9.23808,5.622
17,Tue,9.25583,1.745
17,Tue,9.26218,2.461
17,Tue,9.26453,1.622
17,Tue,9.26643,2.277
17,Tue,9.27144,3.525
17,Tue,9.27704,2.156
17,Tue,9.27945,7.633
17,Tue,9.28287,3.141
17,Tue,9.28932,6.227
17,Tue,9.30627,3.630
17,Tue,9.30822,2.504
17,Tue,9.30846,2.343
17,Tue,9.31479,2.961
17,Tue,9.31665,3.421
17,Tue,9.33981,3.146
17,Tue,9.34427,4.116
17,Tue,9.34725,5.960
17,Tue,9.34831,2.826
17,Tue,9.35696,3.431
17,Tue,9.35750,1.776
17,Tue,9.36438,5.982
17,Tue,9.36611,5.635
17,Tue,9.36977,3.268
17,Tue,9.37678,9.360
17,Tue,9.37887,2.437
17,Tue,9.39472,0.591
17,Tue,9.40720,2.801
17,Tue,9.40922,5.529
17,Tue,9.42200,2.375
17,Tue,9.42834,2.536
17,Tue,9.42894,3.260
17,Tue,9.43695,3.345
17,Tue,9.44851,2.412
17,Tue,9.45212,3.970
17,Tue,9.45429,0.907
17,Tue,9.45448,1.759
17,Tue,9.47612,9.340
17,Tue,9.48909,3.904
17,Tue,9.49257,1.398
17,Tue,9.51872,1.519
17,Tue,9.53313,3.330
17,Tue,9.53897,1.050
17,Tue,9.54187,4.745
17,Tue,9.55000,2.644
17,Tue,9.56423,3.403
17,Tue,9.56762,4.508
17,Tue,9.56971,1.982
17,Tue,9.57511,4.392
17,Tue,9.57889,5.277
17,Tue,9.57966,3.071
17,Tue,9.59043,3.380
17,Tue,9.59433,3.216
17,Tue,9.59969,4.868
17,Tue,9.60806,3.714
17,Tue,9.62404,1.480
17,Tue,9.62410,3.148
17,Tue,9.64199,3.179
17,Tue,9.66161,4.920
17,Tue,9.67595,1.119
17,Tue,9.68223,4.390
17,Tue,9.69362,2.228
17,Tue,9.69725,5.309
17,Tue,9.70043,2.138
17,Tue,9.70797,5.504
17,Tue,9.71313,2.303
17,Tue,9.71748,4.074
17,Tue,9.71909,2.734
17,Tue,9.72254,1.602
17,Tue,9.72577,7.191
17,Tue,9.74810,0.777
17,Tue,9.75045,4.957
17,Tue,9.75087,0.697
17,Tue,9.75124,3.979
17,Tue,9.75427,5.366
17,Tue,9.76389,2.321
17,Tue,9.78122,3.922
17,Tue,9.78703,3.203
17,Tue,9.80045,9.651
17,Tue,9.80583,1.089
17,Tue,9.80609,8.925
17,Tue,9.83093,3.633
17,Tue,9.83675,1.607
17,Tue,9.86297,0.725
17,Tue,9.86917,1.435
17,Tue,9.88986,1.817
17,Tue,9.89746,2.511
17,Tue,9.89794,3.796
17,Tue,9.90776,7.446
17,Tue,9.90899,4.220
17,Tue,9.91475,8.538
17,Tue,9.92902,0.682
17,Tue,9.93890,1.434
17,Tue,9.94213,5.544
17,Tue,9.95918,6.524
17,Tue,9.97767,3.728
17,Tue,9.98121,3.257
17,Tue,9.98561,5.105
17,Tue,9.98767,2.192
17,Tue,9.99743,4.234
17,Tue,10.00314,4.735
17,Tue,10.01885,0.647
17,Tue,10.02805,1.770
17,Tue,10.03771,12.576
17,Tue,10.04040,1.353
17,Tue,10.04131,2.746
17,Tue,10.06281,6.765
17,Tue,10.06726,1.588
17,Tue,10.07408,2.345
17,Tue,10.07875,3.991
17,Tue,10.08205,0.704
17,Tue,10.10398,4.688
17,Tue,10.12205,1.106
17,Tue,10.12997,4.574
17,Tue,10.13103,3.324
17,Tue,10.13165,2.830
17,Tue,10.13492,1.864
17,Tue,10.13580,1.922
17,Tue,10.13631,0.900
17,Tue,10.14086,3.016
17,Tue,10.15406,3.600
17,Tue,10.15816,3.655
17,Tue,10.16764,2.902
17,Tue,10.17289,4.414
17,Tue,10.18227,2.612
17,Tue,10.18689,3.708
17,Tue,10.18814,1.720
17,Tue,10.20778,6.632
17,Tue,10.22605,2.060
17,Tue,10.23371,2.430
17,Tue,10.23714,5.899
17,Tue,10.24384,2.856
17,Tue,10.25271,3.447
17,Tue,10.25883,9.950
17,Tue,10.28094,1.127
17,Tue,10.29277,1.871
17,Tue,10.29633,2.783
17,Tue,10.29688,1.627
17,Tue,10.29904,2.557
17,Tue,10.31092,3.971
17,Tue,10.31250,1.090
17,Tue,10.32445,2.099
17,Tue,10.32578,2.167
17,Tue,10.33460,0.978
17,Tue,10.36214,5.605
17,Tue,10.37440,3.863
17,Tue,10.37702,4.189
17,Tue,10.38468,2.246
17,Tue,10.38659,2.602
17,Tue,10.39633,12.041
17,Tue,10.41537,3.947
17,Tue,10.41940,1.683
17,Tue,10.42265,1.829
17,Tue,10.42547,4.848
17,Tue,10.42730,1.524
17,Tue,10.42911,6.637
17,Tue,10.43042,8.324
17,Tue,10.45243,5.538
17,Tue,10.45414,5.775
17,Tue,10.45555,2.220
17,Tue,10.45895,9.178
17,Tue,10.46140,4.971
17,Tue,10.46769,5.938
17,Tue,10.47059,9.661
17,Tue,10.48663,2.111
17,Tue,10.49555,4.778
17,Tue,10.49984,2.151
17,Tue,10.50805,2.227
17,Tue,10.53191,4.197
17,Tue,10.54583,1.046
17,Tue,10.54837,6.644
17,Tue,10.57186,2.840
17,Tue,10.57255,1.134
17,Tue,10.59315,4.822
17,Tue,10.59613,1.928
17,Tue,10.60293,1.445
17,Tue,10.61086,6.011
17,Tue,10.64810,1.223
17,Tue,10.65129,4.166
17,Tue,10.65922,6.696
17,Tue,10.66799,13.575
17,Tue,10.67529,5.903
17,Tue,10.68036,2.041
17,Tue,10.68450,4.374
17,Tue,10.68669,6.214
17,Tue,10.69020,1.029
17,Tue,10.69196,0.977
17,Tue,10.69499,3.001
17,Tue,10.69613,0.942
17,Tue,10.70160,0.864
17,Tue,10.70790,4.162
17,Tue,10.72101,1.933
17,Tue,10.73223,2.349
17,Tue,10.73485,2.301
17,Tue,10.73548,4.022
17,Tue,10.73585,1.685
17,Tue,10.74762,1.605
17,Tue,10.74827,10.689
17,Tue,10.75078,10.435
17,Tue,10.75120,6.414
17,Tue,10.75126,3.504
17,Tue,10.76156,0.954
17,Tue,10.76953,0.516
17,Tue,10.77724,9.442
17,Tue,10.78225,14.919
17,Tue,10.78590,0.663
17,Tue,10.79050,2.050
17,Tue,10.79448,4.402
17,Tue,10.80007,0.665
17,Tue,10.80175,1.453
17,Tue,10.80317,3.433
17,Tue,10.80336,1.366
17,Tue,10.80985,1.588
17,Tue,10.81159,1.977
17,Tue,10.81411,4.518
17,Tue,10.82147,2.674
17,Tue,10.82699,3.919
17,Tue,10.83817,2.458
17,Tue,10.85596,1.687
17,Tue,10.85820,0.675
17,Tue,10.86347,1.579
17,Tue,10.86872,1.906
17,Tue,10.87204,4.813
17,Tue,10.87960,3.049
17,Tue,10.88056,3.545
17,Tue,10.88699,3.339
17,Tue,10.90112,3.046
17,Tue,10.91188,1.280
17,Tue,10.92102,5.920
17,Tue,10.92399,4.767
17,Tue,10.92651,4.325
17,Tue,10.93286,5.656
17,Tue,10.93652,1.989
17,Tue,10.93998,10.024
17,Tue,10.94356,0.996
17,Tue,10.95560,3.946
17,Tue,10.95698,1.319
17,Tue,10.97176,5.546
17,Tue,10.97215,2.375
17,Tue,10.97990,2.045
17,Tue,10.98301,6.033
17,Tue,10.98373,3.047
17,Tue,10.98712,0.951
17,Tue,10.99091,7.387
17,Tue,10.99181,1.268
17,Tue,10.99405,4.604
17,Tue,10.99784,8.860
17,Tue,11.00092,4.291
17,Tue,11.00296,4.327
17,Tue,11.01297,1.983
17,Tue,11.02187,11.801
17,Tue,11.02596,4.507
17,Tue,11.03029,3.878
17,Tue,11.03400,1.221
17,Tue,11.03937,1.017
17,Tue,11.04693,0.767
17,Tue,11.04986,5.232
17,Tue,11.04994,1.969
17,Tue,11.05451,4.555
17,Tue,11.07641,0.796
17,Tue,11.08078,2.986
17,Tue,11.10023,6.574
17,Tue,11.10776,2.693
17,Tue,11.10954,3.092
17,Tue,11.11229,0.774
17,Tue,11.11355,16.614
17,Tue,11.11475,9.547
17,Tue,11.11797,5.863
17,Tue,11.12541,10.421
17,Tue,11.13203,3.580
17,Tue,11.13921,1.078
17,Tue,11.14345,3.044
17,Tue,11.15340,2.957
17,Tue,11.16050,1.365
17,Tue,11.16929,0.900
17,Tue,11.19767,0.694
17,Tue,11.20798,3.190
17,Tue,11.21328,4.190
17,Tue,11.23454,3.739
17,Tue,11.25048,2.160
17,Tue,11.25125,4.863
17,Tue,11.26439,2.594
17,Tue,11.26742,2.992
17,Tue,11.27237,14.197
17,Tue,11.28027,6.731
17,Tue,11.28615,9.291
17,Tue,11.28988,2.671
17,Tue,11.29016,3.257
17,Tue,11.29579,7.198
17,Tue,11.30599,2.022
17,Tue,11.30710,1.871
17,Tue,11.31544,1.661
17,Tue,11.31827,1.352
17,Tue,11.31900,2.387
17,Tue,11.31994,6.536
17,Tue,11.33666,16.752
17,Tue,11.33798,1.372
17,Tue,11.33970,3.281
17,Tue,11.34370,2.424
17,Tue,11.35160,3.048
17,Tue,11.35202,0.875
17,Tue,11.38710,5.700
17,Tue,11.39399,5.427
17,Tue,11.40430,2.807
17,Tue,11.41078,3.071
17,Tue,11.41759,5.706
17,Tue,11.41825,4.120
17,Tue,11.42917,2.448
17,Tue,11.45533,2.655
17,Tue,11.46503,1.745
17,Tue,11.46875,2.352
17,Tue,11.46971,0.465
17,Tue,11.47690,4.306
17,Tue,11.47952,6.248
17,Tue,11.49062,1.578
17,Tue,11.49171,8.192
17,Tue,11.50159,6.562
17,Tue,11.50341,1.432
17,Tue,11.50738,2.020
17,Tue,11.51836,2.966
17,Tue,11.52059,2.341
17,Tue,11.53040,3.545
17,Tue,11.53261,3.485
17,Tue,11.54893,7.040
17,Tue,11.55564,0.850
17,Tue,11.56151,2.351
17,Tue,11.56179,1.715
17,Tue,11.60420,9.002
17,Tue,11.60967,1.958
17,Tue,11.61166,2.523
17,Tue,11.62748,0.526
17,Tue,11.63280,3.121
17,Tue,11.64382,4.958
17,Tue,11.64977,4.318
17,Tue,11.65722,7.719
17,Tue,11.67860,4.953
17,Tue,11.69124,6.193
17,Tue,11.70012,0.683
17,Tue,11.70131,2.350
17,Tue,11.72441,2.100
17,Tue,11.72742,1.039
17,Tue,11.73188,0.664
17,Tue,11.73756,2.420
17,Tue,11.75147,6.115
17,Tue,11.75317,5.702
17,Tue,11.75421,3.252
17,Tue,11.75510,6.795
17,Tue,11.75866,1.020
17,Tue,11.76842,2.486
17,Tue,11.79536,5.533
17,Tue,11.79689,1.863
17,Tue,11.79930,2.814
17,Tue,11.81120,3.826
17,Tue,11.81712,4.574
17,Tue,11.82283,3.154
17,Tue,11.82366,2.645
17,Tue,11.82424,2.847
17,Tue,11.82973,2.262
17,Tue,11.83397,4.712
17,Tue,11.84329,2.564
17,Tue,11.86167,3.866
17,Tue,11.86821,2.713
17,Tue,11.87481,7.560
17,Tue,11.88973,2.837
17,Tue,11.91107,7.749
17,Tue,11.91163,1.863
17,Tue,11.91511,1.191
17,Tue,11.92075,1.691
17,Tue,11.93367,0.873
17,Tue,11.93928,1.668
17,Tue,11.96142,2.000
17,Tue,11.97717,7.672
17,Tue,11.97961,16.703
17,Tue,11.98329,1.074
17,Tue,11.99184,1.152
17,Tue,11.99374,2.894
17,Tue,12.00024,1.623
17,Tue,12.00025,1.947
17,Tue,12.00134,4.559
17,Tue,12.00255,2.683
17,Tue,12.00823,2.465
17,Tue,12.02676,3.104
17,Tue,12.04790,3.423
17,Tue,12.05457,1.101
17,Tue,12.06567,2.727
17,Tue,12.08460,10.177
17,Tue,12.08516,12.925
17,Tue,12.09850,0.393
17,Tue,12.10076,5.145
17,Tue,12.11351,1.278
17,Tue,12.11591,4.459
17,Tue,12.11703,1.501
17,Tue,12.12551,6.296
17,Tue,12.12637,2.519
17,Tue,12.12809,1.954
17,Tue,12.13298,3.794
17,Tue,12.13878,2.094
17,Tue,12.14173,3.105
17,Tue,12.15317,2.208
17,Tue,12.16030,1.576
17,Tue,12.18576,3.190
17,Tue,12.19114,3.065
17,Tue,12.19809,0.783
17,Tue,12.19965,2.793
17,Tue,12.20428,1.951
17,Tue,12.21498,1.878
17,Tue,12.21915,3.683
17,Tue,12.25094,1.792
17,Tue,12.26360,11.809
17,Tue,12.27420,8.161
17,Tue,12.29278,2.388
17,Tue,12.31210,12.024
17,Tue,12.31488,4.249
17,Tue,12.32902,1.166
17,Tue,12.33535,5.790
17,Tue,12.35868,2.613
17,Tue,12.39285,4.846
17,Tue,12.39767,3.153
17,Tue,12.40027,1.880
17,Tue,12.40665,2.490
17,Tue,12.41206,2.819
17,Tue,12.41655,2.430
17,Tue,12.45734,4.658
17,Tue,12.46432,5.144
17,Tue,12.47979,4.101
17,Tue,12.49485,8.081
17,Tue,12.49500,2.881
17,Tue,12.49635,5.797
17,Tue,12.50978,3.611
17,Tue,12.51266,1.171
17,Tue,12.52238,11.673
17,Tue,12.52479,8.364
17,Tue,12.53500,1.801
17,Tue,12.56726,14.284
17,Tue,12.56988,3.543
17,Tue,12.59603,2.371
17,Tue,12.59650,6.433
17,Tue,12.60290,2.526
17,Tue,12.62329,3.593
17,Tue,12.62502,3.425
17,Tue,12.63793,2.801
17,Tue,12.64654,2.795
17,Tue,12.65207,1.939
17,Tue,12.66311,1.717
17,Tue,12.68321,1.694
17,Tue,12.68868,4.056
17,Tue,12.69212,3.879
17,Tue,12.69538,10.462
17,Tue,12.70062,5.979
17,Tue,12.70378,0.771
17,Tue,12.70670,5.197
17,Tue,12.70790,3.850
17,Tue,12.73921,2.912
17,Tue,12.74383,3.037
17,Tue,12.74461,5.455
17,Tue,12.75867,6.206
17,Tue,12.77132,2.526
17,Tue,12.77209,1.262
17,Tue,12.77290,7.295
17,Tue,12.77510,7.370
17,Tue,12.77879,7.821
17,Tue,12.78316,3.314
17,Tue,12.78735,3.049
17,Tue,12.79553,1.763
17,Tue,12.84223,7.454
17,Tue,12.84759,3.126
17,Tue,12.85833,2.355
17,Tue,12.85932,2.680
17,Tue,12.86095,2.164
17,Tue,12.87466,8.854
17,Tue,12.89908,1.324
17,Tue,12.90574,3.214
17,Tue,12.91288,5.756
17,Tue,12.91383,2.633
17,Tue,12.94514,1.663
17,Tue,12.94745,4.909
17,Tue,12.95160,7.169
17,Tue,12.95404,2.206
17,Tue,12.95880,6.029
17,Tue,12.96237,5.344
17,Tue,12.97216,2.922
17,Tue,12.97220,4.723
17,Tue,12.98528,2.413
17,Tue,12.99019,7.443
17,Tue,13.00898,3.993
17,Tue,13.04821,3.525
17,Tue,13.08210,1.805
17,Tue,13.09804,5.656
17,Tue,13.11875,11.615
17,Tue,13.12062,2.814
17,Tue,13.12282,6.417
17,Tue,13.12668,2.595
17,Tue,13.12728,1.349
17,Tue,13.14653,0.909
17,Tue,13.14686,5.610
17,Tue,13.15067,3.280
17,Tue,13.15356,3.337
17,Tue,13.15503,3.144
17,Tue,13.16067,1.283
17,Tue,13.16613,6.955
17,Tue,13.17399,3.134
17,Tue,13.17676,2.692
17,Tue,13.19975,2.184
17,Tue,13.20050,5.022
17,Tue,13.20386,3.008
17,Tue,13.21133,3.467
17,Tue,13.21454,4.234
17,Tue,13.21946,3.812
17,Tue,13.22310,1.592
17,Tue,13.24404,1.923
17,Tue,13.26253,2.972
17,Tue,13.26289,2.618
17,Tue,13.26312,4.919
17,Tue,13.26404,1.008
17,Tue,13.26695,3.660
17,Tue,13.27675,2.959
17,Tue,13.28599,2.473
17,Tue,13.28977,2.317
17,Tue,13.29476,5.229
17,Tue,13.30339,1.370
17,Tue,13.30341,2.281
17,Tue,13.30798,3.055
17,Tue,13.31640,3.965
17,Tue,13.32115,0.681
17,Tue,13.32367,2.958
17,Tue,13.32775,2.646
17,Tue,13.33099,3.257
17,Tue,13.33531,3.145
17,Tue,13.34032,3.718
17,Tue,13.34287,8.048
17,Tue,13.34513,2.116
17,Tue,13.34533,2.547
17,Tue,13.35245,2.760
17,Tue,13.36442,0.915
17,Tue,13.37805,4.170
17,Tue,13.40656,13.484
17,Tue,13.41132,8.235
17,Tue,13.41357,1.271
17,Tue,13.41732,1.387
17,Tue,13.42063,4.877
17,Tue,13.42140,1.871
17,Tue,13.43155,8.081
17,Tue,13.44054,2.930
17,Tue,13.45423,3.233
17,Tue,13.45778,1.463
17,Tue,13.46566,0.786
17,Tue,13.46863,2.939
17,Tue,13.47750,3.415
17,Tue,13.51211,5.841
17,Tue,13.51986,23.373
17,Tue,13.52301,6.506
17,Tue,13.52807,5.644
17,Tue,13.55821,2.338
17,Tue,13.56320,7.407
17,Tue,13.56809,2.427
17,Tue,13.57036,0.568
17,Tue,13.59467,6.081
17,Tue,13.59979,2.733
17,Tue,13.60126,5.067
17,Tue,13.60344,1.945
17,Tue,13.61169,0.842
17,Tue,13.61883,15.700
17,Tue,13.62150,2.999
17,Tue,13.63031,1.096
17,Tue,13.63872,0.881
17,Tue,13.64089,3.047
17,Tue,13.64412,2.266
17,Tue,13.64992,21.983
17,Tue,13.65538,4.385
17,Tue,13.66832,4.894
17,Tue,13.68040,3.939
17,Tue,13.68809,5.590
17,Tue,13.69202,8.154
17,Tue,13.71139,1.344
17,Tue,13.72179,0.846
17,Tue,13.74692,11.325
17,Tue,13.74894,1.443
17,Tue,13.75017,4.586
17,Tue,13.78526,2.343
17,Tue,13.79182,1.989
17,Tue,13.79358,4.650
17,Tue,13.82215,4.898
17,Tue,13.84979,6.588
17,Tue,13.85855,4.600
17,Tue,13.90266,1.717
17,Tue,13.92017,2.121
17,Tue,13.92193,3.248
17,Tue,13.93358,3.339
17,Tue,13.93827,4.215
17,Tue,13.94159,3.563
17,Tue,13.94660,1.566
17,Tue,13.95605,4.901
17,Tue,14.00129,3.250
17,Tue,14.00213,2.339
17,Tue,14.01062,4.814
17,Tue,14.01327,3.694
17,Tue,14.01350,4.135
17,Tue,14.01386,2.906
17,Tue,14.01396,0.964
17,Tue,14.01465,4.888
17,Tue,14.02667,4.366
17,Tue,14.05208,1.329
17,Tue,14.05354,1.655
17,Tue,14.05583,1.392
17,Tue,14.06236,1.591
17,Tue,14.08882,0.652
17,Tue,14.09416,4.944
17,Tue,14.09672,2.881
17,Tue,14.10164,2.017
17,Tue,14.10468,8.322
17,Tue,14.10680,3.192
17,Tue,14.11391,3.231
17,Tue,14.12411,1.461
17,Tue,14.13308,2.375
17,Tue,14.14223,0.471
17,Tue,14.14285,5.794
17,Tue,14.16395,9.252
17,Tue,14.17060,2.320
17,Tue,14.17487,3.461
17,Tue,14.18539,2.671
17,Tue,14.22103,11.212
17,Tue,14.22117,1.595
17,Tue,14.22282,3.865
17,Tue,14.24102,3.396
17,Tue,14.25754,4.497
17,Tue,14.26208,3.239
17,Tue,14.26487,2.318
17,Tue,14.29605,4.792
17,Tue,14.31715,5.312
17,Tue,14.32612,2.959
17,Tue,14.33009,2.918
17,Tue,14.33376,3.123
17,Tue,14.33967,1.474
17,Tue,14.35281,4.639
17,Tue,14.35385,3.888
17,Tue,14.37319,4.870
17,Tue,14.37528,7.559
17,Tue,14.37741,3.650
17,Tue,14.39538,5.052
17,Tue,14.40061,1.406
17,Tue,14.42218,3.445
17,Tue,14.42943,3.638
17,Tue,14.43168,0.764
17,Tue,14.43242,5.429
17,Tue,14.45026,3.956
17,Tue,14.45072,7.093
17,Tue,14.45257,6.298
17,Tue,14.47779,1.903
17,Tue,14.47977,1.566
17,Tue,14.48324,1.027
17,Tue,14.48398,10.595
17,Tue,14.48526,2.870
17,Tue,14.49841,1.740
17,Tue,14.50524,7.996
17,Tue,14.51657,2.498
17,Tue,14.51795,3.264
17,Tue,14.54310,13.010
17,Tue,14.54854,2.890
17,Tue,14.56070,3.828
17,Tue,14.56431,6.221
17,Tue,14.58038,0.977
17,Tue,14.58248,8.296
17,Tue,14.59173,2.869
17,Tue,14.59227,1.312
17,Tue,14.60490,3.669
17,Tue,14.62442,2.448
17,Tue,14.64751,0.845
17,Tue,14.65247,1.443
17,Tue,14.65571,0.921
17,Tue,14.65645,1.832
17,Tue,14.65700,6.350
17,Tue,14.66404,1.928
17,Tue,14.66600,15.428
17,Tue,14.66990,2.043
17,Tue,14.68585,1.792
17,Tue,14.69259,4.234
17,Tue,14.69490,1.532
17,Tue,14.70018,10.351
17,Tue,14.70974,0.610
17,Tue,14.71717,4.232
17,Tue,14.74954,2.517
17,Tue,14.75491,2.307
17,Tue,14.80525,1.576
17,Tue,14.81637,2.963
17,Tue,14.82964,3.261
17,Tue,14.83778,4.183
17,Tue,14.84693,1.123
17,Tue,14.85049,2.546
17,Tue,14.85737,5.044
17,Tue,14.85790,4.045
17,Tue,14.87255,1.156
17,Tue,14.88549,8.387
17,Tue,14.89975,6.358
17,Tue,14.90210,5.081
17,Tue,14.90345,0.374
17,Tue,14.90451,3.061
17,Tue,14.91105,2.194
17,Tue,14.92227,7.568
17,Tue,14.93020,1.537
17,Tue,14.93286,2.545
17,Tue,14.94234,1.565
17,Tue,14.94672,5.479
17,Tue,14.95253,1.172
17,Tue,14.95518,3.223
17,Tue,14.95580,2.394
17,Tue,14.96456,1.491
17,Tue,14.96674,2.705
17,Tue,14.97627,2.944
17,Tue,14.98081,1.941
17,Tue,15.00740,3.967
17,Tue,15.00908,2.717
17,Tue,15.02444,2.764
17,Tue,15.02557,3.841
17,Tue,15.03148,2.389
17,Tue,15.03148,3.453
17,Tue,15.03208,0.744
17,Tue,15.03771,5.503
17,Tue,15.04094,2.355
17,Tue,15.04589,1.112
17,Tue,15.07004,4.423
17,Tue,15.08615,9.304
17,Tue,15.08701,2.411
17,Tue,15.09058,10.708
17,Tue,15.09433,2.249
17,Tue,15.10473,2.807
17,Tue,15.11726,5.238
17,Tue,15.12173,1.968
17,Tue,15.12628,0.336
17,Tue,15.13431,1.939
17,Tue,15.13548,9.050
17,Tue,15.14127,1.982
17,Tue,15.15114,5.042
17,Tue,15.15941,1.192
17,Tue,15.19110,8.763
17,Tue,15.19486,1.979
17,Tue,15.20510,7.648
17,Tue,15.20833,1.850
17,Tue,15.21334,1.090
17,Tue,15.23026,0.831
17,Tue,15.23881,7.869
17,Tue,15.25022,1.490
17,Tue,15.27675,6.842
17,Tue,15.28963,2.117
17,Tue,15.29333,6.083
17,Tue,15.29743,0.779
17,Tue,15.30128,7.964
17,Tue,15.30509,5.388
17,Tue,15.31302,3.636
17,Tue,15.31325,6.330
17,Tue,15.31478,2.372
17,Tue,15.34026,3.338
17,Tue,15.34584,3.661
17,Tue,15.34766,4.631
17,Tue,15.36391,10.813
17,Tue,15.41859,10.654
17,Tue,15.43040,5.273
17,Tue,15.44894,9.467
17,Tue,15.45467,9.596
17,Tue,15.45649,3.063
17,Tue,15.45987,4.275
17,Tue,15.46099,0.703
17,Tue,15.47017,4.971
17,Tue,15.47575,3.061
17,Tue,15.48559,1.003
17,Tue,15.51161,7.076
17,Tue,15.53325,4.698
17,Tue,15.54326,4.558
17,Tue,15.54389,4.697
17,Tue,15.54986,7.379
17,Tue,15.55896,2.599
17,Tue,15.56288,6.035
17,Tue,15.57405,5.473
17,Tue,15.58245,8.512
17,Tue,15.59846,3.060
17,Tue,15.66176,2.419
17,Tue,15.69587,3.226
17,Tue,15.71129,5.160
17,Tue,15.72320,5.447
17,Tue,15.72643,3.269
17,Tue,15.72831,3.541
17,Tue,15.74230,4.383
17,Tue,15.76672,5.406
17,Tue,15.77989,2.346
17,Tue,15.78549,6.811
17,Tue,15.78865,8.883
17,Tue,15.79472,8.600
17,Tue,15.79848,1.740
17,Tue,15.80208,4.618
17,Tue,15.81270,7.390
17,Tue,15.81883,2.407
17,Tue,15.83448,4.054
17,Tue,15.85673,5.155
17,Tue,15.86846,2.059
17,Tue,15.87843,5.490
17,Tue,15.88463,3.484
17,Tue,15.89577,3.178
17,Tue,15.90788,5.048
17,Tue,15.90985,5.476
17,Tue,15.92585,2.469
17,Tue,15.93437,11.606
17,Tue,15.95272,2.665
17,Tue,15.95304,3.080
17,Tue,15.95841,1.729
17,Tue,15.97490,5.223
17,Tue,15.97657,1.068
17,Tue,15.98210,5.634
17,Tue,16.00066,1.549
17,Tue,16.00222,1.406
17,Tue,16.00384,2.830
17,Tue,16.00856,5.737
17,Tue,16.00922,5.890
17,Tue,16.01587,0.825
17,Tue,16.02135,1.376
17,Tue,16.03604,3.250
17,Tue,16.03608,5.204
17,Tue,16.04355,3.175
17,Tue,16.05596,2.684
17,Tue,16.05787,5.463
17,Tue,16.07003,1.666
17,Tue,16.08589,1.406
17,Tue,16.09725,1.413
17,Tue,16.10957,2.737
17,Tue,16.11999,3.798
17,Tue,16.12329,2.181
17,Tue,16.13744,3.021
17,Tue,16.14551,3.042
17,Tue,16.14815,5.103
17,Tue,16.15873,3.835
17,Tue,16.17305,2.922
17,Tue,16.18225,2.055
17,Tue,16.19054,4.412
17,Tue,16.19140,4.273
17,Tue,16.20008,1.630
17,Tue,16.20295,1.521
17,Tue,16.22233,2.719
17,Tue,16.25631,4.611
17,Tue,16.26002,1.439
17,Tue,16.26439,3.488
17,Tue,16.28543,6.462
17,Tue,16.29154,2.077
17,Tue,16.29922,1.186
17,Tue,16.31130,6.349
17,Tue,16.32490,0.741
17,Tue,16.34205,2.748
17,Tue,16.34248,4.794
17,Tue,16.35879,1.847
17,Tue,16.38969,1.850
17,Tue,16.40203,3.365
17,Tue,16.43295,4.112
17,Tue,16.43864,4.366
17,Tue,16.46641,3.123
17,Tue,16.48440,5.958
17,Tue,16.48972,4.075
17,Tue,16.50330,1.300
17,Tue,16.55503,2.062
17,Tue,16.57621,2.398
17,Tue,16.58991,4.811
17,Tue,16.59885,8.177
17,Tue,16.60208,2.074
17,Tue,16.60220,4.958
17,Tue,16.64808,1.640
17,Tue,16.64978,4.303
17,Tue,16.65314,4.230
17,Tue,16.65610,6.378
17,Tue,16.66080,5.740
17,Tue,16.66517,9.630
17,Tue,16.66738,4.317
17,Tue,16.70382,3.365
17,Tue,16.71070,5.069
17,Tue,16.76951,3.107
17,Tue,16.77101,2.109
17,Tue,16.77386,1.623
17,Tue,16.77576,2.272
17,Tue,16.81252,2.210
17,Tue,16.81466,16.506
17,Tue,16.81765,3.018
17,Tue,16.82065,2.899
17,Tue,16.86518,3.335
17,Tue,16.86945,4.199
17,Tue,16.87444,0.970
17,Tue,16.88103,7.625
17,Tue,16.89001,1.256
17,Tue,16.90795,2.729
17,Tue,16.93316,4.165
17,Tue,17.00438,2.006
17,Tue,17.01254,0.895
17,Tue,17.01650,6.254
17,Tue,17.06586,0.535
17,Tue,17.08486,0.492
17,Tue,17.12745,8.387
17,Tue,17.13436,2.975
17,Tue,17.14579,2.505
17,Tue,17.15774,2.031
17,Tue,17.19808,4.809
17,Tue,17.20971,4.567
17,Tue,17.23129,3.256
17,Tue,17.23161,3.200
17,Tue,17.23877,4.179
17,Tue,17.24302,5.814
17,Tue,17.26116,1.881
17,Tue,17.26148,5.321
17,Tue,17.28237,1.035
17,Tue,17.30091,7.306
17,Tue,17.31107,2.963
17,Tue,17.38801,3.274
17,Tue,17.45292,4.073
17,Tue,17.46511,4.764
17,Tue,17.47983,2.706
17,Tue,17.49780,7.636
17,Tue,17.50751,1.569
17,Tue,17.58197,0.793
17,Tue,17.63539,1.907
17,Tue,17.63756,2.332
17,Tue,17.63991,2.530
17,Tue,17.79127,1.556
17,Tue,17.82312,6.107
17,Tue,17.82368,1.572
17,Tue,17.82731,1.663
17,Tue,17.83862,4.314
17,Tue,17.87262,1.217
17,Tue,17.87559,2.414
17,Tue,17.90007,4.066
17,Tue,17.93287,0.519
17,Tue,17.94970,1.505
17,Tue,17.96189,2.098
17,Tue,17.96761,2.015
17,Tue,17.99638,6.952
17,Tue,18.01886,3.934
17,Tue,18.02783,1.115
17,Tue,18.07356,2.234
17,Tue,18.09210,1.807
17,Tue,18.10075,17.665
17,Tue,18.19134,2.294
17,Tue,18.20020,8.370
17,Tue,18.31408,5.642
17,Tue,18.32448,3.188
17,Tue,18.34162,2.770
17,Tue,18.34445,5.214
17,Tue,18.35130,4.605
17,Tue,18.36329,4.601
17,Tue,18.36866,1.864
17,Tue,18.40060,2.324
17,Tue,18.42056,8.257
17,Tue,18.45967,2.968
17,Tue,18.47547,3.206
17,Tue,18.49951,0.984
17,Tue,18.50306,6.590
17,Tue,18.55942,1.829
17,Tue,18.56739,1.449
17,Tue,18.57602,3.288
17,Tue,18.58987,3.226
17,Tue,18.61099,5.625
17,Tue,18.62621,6.108
17,Tue,18.63481,1.707
17,Tue,18.64957,0.929
17,Tue,18.65818,0.943
17,Tue,18.65896,0.569
17,Tue,18.66537,4.779
17,Tue,18.67770,2.150
17,Tue,18.68631,1.734
17,Tue,18.69322,6.351
17,Tue,18.72005,2.266
17,Tue,18.72904,2.169
17,Tue,18.73310,8.691
17,Tue,18.75456,3.540
17,Tue,18.81909,1.710
17,Tue,18.82906,7.267
17,Tue,18.86235,2.659
17,Tue,18.88113,6.978
17,Tue,18.95513,1.898
17,Tue,19.00206,2.891
17,Tue,19.05337,1.270
17,Tue,19.06856,12.341
17,Tue,19.08873,1.391
17,Tue,19.14538,1.509
17,Tue,19.17578,2.474
17,Tue,19.22520,3.080
17,Tue,19.28919,4.331
17,Tue,19.34066,1.087
17,Tue,19.34769,1.436
17,Tue,19.35315,0.985
17,Tue,19.38543,2.754
17,Tue,19.38599,7.568
17,Tue,19.40446,5.162
17,Tue,19.44967,5.909
17,Tue,19.45423,1.973
17,Tue,19.49361,4.453
17,Tue,19.49798,1.119
17,Tue,19.52492,1.137
17,Tue,19.54073,5.947
17,Tue,19.54178,9.709
17,Tue,19.56548,10.229
17,Tue,19.58738,3.474
17,Tue,19.70711,1.732
17,Tue,19.70908,2.831
17,Tue,19.71306,2.861
17,Tue,19.71899,2.120
17,Tue,19.76969,3.842
17,Tue,19.83118,2.695
17,Tue,19.88039,7.041
17,Tue,19.92646,2.526
17,Tue,19.94444,1.238
18,Wed,8.00238,4.632
18,Wed,8.04868,1.467
18,Wed,8.08907,2.826
18,Wed,8.09626,2.378
18,Wed,8.10402,2.170
18,Wed,8.14926,17.121
18,Wed,8.15497,0.770
18,Wed,8.18871,8.261
18,Wed,8.21474,1.401
18,Wed,8.22546,2.785
18,Wed,8.26000,8.531
18,Wed,8.27201,1.063
18,Wed,8.28457,5.663
18,Wed,8.30582,2.051
18,Wed,8.33856,1.114
18,Wed,8.37122,2.632
18,Wed,8.37941,1.610
18,Wed,8.38797,6.759
18,Wed,8.39470,10.117
18,Wed,8.40554,3.688
18,Wed,8.41270,2.682
18,Wed,8.41784,6.430
18,Wed,8.44897,2.000
18,Wed,8.46957,1.983
18,Wed,8.47144,2.188
18,Wed,8.47634,2.131
18,Wed,8.48731,4.739
18,Wed,8.49148,1.731
18,Wed,8.50305,3.124
18,Wed,8.51022,1.518
18,Wed,8.55467,4.117
18,Wed,8.56832,3.511
18,Wed,8.57162,8.424
18,Wed,8.59559,5.187
18,Wed,8.61543,0.574
18,Wed,8.64432,5.534
18,Wed,8.67026,4.938
18,Wed,8.67360,2.467
18,Wed,8.67483,0.615
18,Wed,8.69627,2.131
18,Wed,8.70525,3.472
18,Wed,8.71126,1.396
18,Wed,8.71202,1.902
18,Wed,8.71830,2.504
18,Wed,8.72083,5.702
18,Wed,8.72232,3.103
18,Wed,8.73859,10.498
18,Wed,8.75009,1.884
18,Wed,8.75027,1.448
18,Wed,8.80352,2.945
18,Wed,8.80493,5.740
18,Wed,8.81932,2.227
18,Wed,8.82462,2.828
18,Wed,8.83441,5.624
18,Wed,8.84788,9.615
18,Wed,8.84806,11.444
18,Wed,8.84841,2.899
18,Wed,8.86789,13.751
18,Wed,8.86950,1.258
18,Wed,8.87893,3.544
18,Wed,8.88036,7.702
18,Wed,8.88673,11.004
18,Wed,8.90102,1.233
18,Wed,8.90170,0.796
18,Wed,8.90306,10.186
18,Wed,8.90340,2.077
18,Wed,8.90613,1.283
18,Wed,8.90706,1.601
18,Wed,8.94244,3.517
18,Wed,8.95075,2.902
18,Wed,8.97829,3.955
18,Wed,8.98679,2.408
18,Wed,8.99226,6.581
18,Wed,9.00373,1.810
18,Wed,9.00581,2.995
18,Wed,9.00711,1.910
18,Wed,9.02072,6.518
18,Wed,9.03233,3.856
18,Wed,9.03901,3.247
18,Wed,9.07381,2.331
18,Wed,9.07805,4.282
18,Wed,9.08421,5.376
18,Wed,9.08672,0.981
18,Wed,9.08717,5.288
18,Wed,9.10336,3.361
18,Wed,9.11706,4.621
18,Wed,9.12867,3.312
18,Wed,9.14064,3.560
18,Wed,9.17290,4.957
18,Wed,9.19674,3.735
18,Wed,9.20390,1.235
18,Wed,9.23694,11.432
18,Wed,9.23722,1.036
18,Wed,9.26992,10.295
18,Wed,9.28064,8.078
18,Wed,9.29782,4.860
18,Wed,9.30025,1.178
18,Wed,9.30618,3.525
18,Wed,9.31831,5.762
18,Wed,9.33357,2.518
18,Wed,9.33411,3.750
18,Wed,9.34428,1.880
18,Wed,9.34555,1.838
18,Wed,9.34637,3.686
18,Wed,9.35058,1.321
18,Wed,9.36892,3.454
18,Wed,9.38072,2.344
18,Wed,9.38702,1.951
18,Wed,9.39021,3.104
18,Wed,9.40072,2.495
18,Wed,9.40364,7.217
18,Wed,9.40432,2.762
18,Wed,9.40662,2.137
18,Wed,9.41267,2.456
18,Wed,9.41818,1.034
18,Wed,9.44264,5.970
18,Wed,9.45645,4.533
18,Wed,9.46965,4.276
18,Wed,9.47129,3.787
18,Wed,9.47642,1.966
18,Wed,9.47747,2.702
18,Wed,9.48248,2.621
18,Wed,9.48360,3.853
18,Wed,9.48367,1.967
18,Wed,9.49195,3.220
18,Wed,9.50298,1.700
18,Wed,9.50458,1.337
18,Wed,9.50484,2.575
18,Wed,9.51157,6.358
18,Wed,9.51584,7.811
18,Wed,9.53057,2.814
18,Wed,9.53893,1.989
18,Wed,9.56508,2.408
18,Wed,9.56839,4.184
18,Wed,9.60742,2.228
18,Wed,9.61671,0.873
18,Wed,9.62238,9.364
18,Wed,9.64633,2.691
18,Wed,9.65792,2.353
18,Wed,9.65840,7.773
18,Wed,9.67715,1.145
18,Wed,9.67814,1.733
18,Wed,9.68009,2.719
18,Wed,9.68367,0.802
18,Wed,9.70470,6.036
18,Wed,9.71031,3.389
18,Wed,9.71778,3.943
18,Wed,9.72969,3.092
18,Wed,9.73988,5.304
18,Wed,9.75313,4.999
18,Wed,9.76445,0.793
18,Wed,9.77604,2.002
18,Wed,9.77780,7.759
18,Wed,9.78140,1.575
18,Wed,9.78156,2.991
18,Wed,9.78234,4.130
18,Wed,9.78509,2.450
18,Wed,9.80037,3.234
18,Wed,9.82569,2.048
18,Wed,9.83427,1.427
18,Wed,9.83473,0.811
18,Wed,9.83501,0.329
18,Wed,9.84250,3.045
18,Wed,9.86719,2.446
18,Wed,9.87783,5.008
18,Wed,9.89010,7.706
18,Wed,9.89819,3.750
18,Wed,9.91168,1.620
18,Wed,9.91798,1.196
18,Wed,9.91953,6.967
18,Wed,9.92800,2.652
18,Wed,9.93151,2.110
18,Wed,9.93837,3.512
18,Wed,9.94208,1.243
18,Wed,9.94577,4.982
18,Wed,9.95016,1.743
18,Wed,9.95198,2.294
18,Wed,9.95199,2.937
18,Wed,9.96307,3.369
18,Wed,9.96698,1.759
18,Wed,9.96900,11.240
18,Wed,9.97190,7.783
18,Wed,9.97229,2.727
18,Wed,9.97319,2.683
18,Wed,9.97988,3.030
18,Wed,9.99449,2.918
18,Wed,10.00682,17.150
18,Wed,10.01325,2.145
18,Wed,10.03870,9.262
18,Wed,10.05254,4.959
18,Wed,10.05700,3.381
18,Wed,10.06621,2.202
18,Wed,10.06737,12.552
18,Wed,10.07151,2.812
18,Wed,10.08477,2.654
18,Wed,10.09778,1.670
18,Wed,10.10933,3.112
18,Wed,10.12324,2.263
18,Wed,10.16196,2.983
18,Wed,10.16665,3.539
18,Wed,10.18918,2.917
18,Wed,10.19565,2.273
18,Wed,10.19827,4.052
18,Wed,10.20341,5.995
18,Wed,10.23929,1.835
18,Wed,10.25077,0.707
18,Wed,10.25673,2.690
18,Wed,10.25828,1.546
18,Wed,10.27100,1.580
18,Wed,10.27257,2.018
18,Wed,10.30689,4.859
18,Wed,10.31554,3.336
18,Wed,10.31748,5.429
18,Wed,10.32220,2.086
18,Wed,10.36780,0.990
18,Wed,10.38458,0.928
18,Wed,10.38653,5.237
18,Wed,10.38914,1.225
18,Wed,10.39099,1.526
18,Wed,10.39253,2.317
18,Wed,10.39631,6.520
18,Wed,10.40536,2.754
18,Wed,10.42270,2.955
18,Wed,10.43203,0.932
18,Wed,10.43323,2.003
18,Wed,10.44003,1.716
18,Wed,10.46503,2.518
18,Wed,10.47416,1.709
18,Wed,10.47648,8.582
18,Wed,10.47765,2.790
18,Wed,10.48110,3.615
18,Wed,10.48249,3.778
18,Wed,10.50076,7.357
18,Wed,10.51270,2.462
18,Wed,10.51815,1.207
18,Wed,10.51866,2.182
18,Wed,10.52744,2.462
18,Wed,10.53018,1.988
18,Wed,10.55270,4.048
18,Wed,10.55962,3.660
18,Wed,10.56155,3.358
18,Wed,10.56261,2.845
18,Wed,10.56962,1.668
18,Wed,10.57321,3.207
18,Wed,10.57336,4.861
18,Wed,10.57876,2.899
18,Wed,10.58645,5.786
18,Wed,10.59565,6.134
18,Wed,10.59953,6.064
18,Wed,10.62005,2.441
18,Wed,10.62467,2.624
18,Wed,10.64238,8.280
18,Wed,10.64546,8.121
18,Wed,10.65345,6.385
18,Wed,10.65415,3.208
18,Wed,10.65665,1.545
18,Wed,10.65768,2.674
18,Wed,10.66649,5.542
18,Wed,10.67058,1.707
18,Wed,10.67240,8.732
18,Wed,10.67372,1.107
18,Wed,10.67464,3.388
18,Wed,10.67532,3.080
18,Wed,10.68996,4.939
18,Wed,10.69173,4.929
18,Wed,10.69548,4.671
18,Wed,10.71617,5.943
18,Wed,10.72288,2.426
18,Wed,10.72947,1.687
18,Wed,10.73425,7.572
18,Wed,10.75720,2.083
18,Wed,10.75830,3.939
18,Wed,10.75845,3.173
18,Wed,10.78569,1.631
18,Wed,10.78862,5.495
18,Wed,10.79281,3.602
18,Wed,10.79385,4.958
18,Wed,10.79442,2.030
18,Wed,10.80448,4.256
18,Wed,10.80848,0.889
18,Wed,10.81571,1.776
18,Wed,10.81574,8.107
18,Wed,10.81887,6.833
18,Wed,10.83419,7.439
18,Wed,10.83547,4.096
18,Wed,10.84097,4.157
18,Wed,10.84165,1.563
18,Wed,10.85041,1.025
18,Wed,10.85307,2.426
18,Wed,10.87326,2.646
18,Wed,10.88859,1.637
18,Wed,10.89066,7.507
18,Wed,10.89077,22.399
18,Wed,10.89176,2.924
18,Wed,10.89535,3.288
18,Wed,10.89701,1.653
18,Wed,10.89716,1.855
18,Wed,10.90335,4.010
18,Wed,10.90677,2.572
18,Wed,10.90862,3.010
18,Wed,10.91576,4.760
18,Wed,10.92717,5.998
18,Wed,10.93587,3.472
18,Wed,10.95398,3.316
18,Wed,10.96306,1.634
18,Wed,10.96711,6.620
18,Wed,10.97135,3.231
18,Wed,10.98105,1.179
18,Wed,10.99144,2.470
18,Wed,11.00554,1.958
18,Wed,11.00617,5.391
18,Wed,11.01458,3.381
18,Wed,11.01852,7.087
18,Wed,11.02180,4.488
18,Wed,11.02257,1.554
18,Wed,11.02336,2.032
18,Wed,11.03314,6.117
18,Wed,11.03374,6.013
18,Wed,11.05182,3.533
18,Wed,11.07005,3.058
18,Wed,11.08050,0.713
18,Wed,11.10150,2.325
18,Wed,11.10268,3.445
18,Wed,11.11058,2.265
18,Wed,11.11068,1.290
18,Wed,11.11486,3.734
18,Wed,11.11925,2.000
18,Wed,11.12372,5.120
18,Wed,11.12823,2.539
18,Wed,11.13355,30.398
18,Wed,11.14254,1.172
18,Wed,11.14376,7.351
18,Wed,11.16814,13.737
18,Wed,11.17752,1.674
18,Wed,11.18561,2.544
18,Wed,11.18705,0.676
18,Wed,11.19401,2.980
18,Wed,11.19695,2.075
18,Wed,11.20924,2.090
18,Wed,11.20971,1.521
18,Wed,11.21475,4.982
18,Wed,11.21551,2.333
18,Wed,11.22529,5.323
18,Wed,11.22609,6.682
18,Wed,11.24136,5.621
18,Wed,11.25035,2.551
18,Wed,11.26964,3.030
18,Wed,11.26969,2.268
18,Wed,11.28084,3.366
18,Wed,11.28803,2.621
18,Wed,11.29485,4.444
18,Wed,11.29704,12.356
18,Wed,11.30282,4.626
18,Wed,11.33027,5.467
18,Wed,11.33435,2.004
18,Wed,11.34290,4.673
18,Wed,11.35606,3.540
18,Wed,11.37570,1.452
18,Wed,11.38145,0.955
18,Wed,11.39477,1.745
18,Wed,11.39502,2.208
18,Wed,11.40459,5.209
18,Wed,11.40514,2.205
18,Wed,11.40758,1.959
18,Wed,11.41129,1.680
18,Wed,11.42069,3.089
18,Wed,11.42310,0.677
18,Wed,11.43310,4.004
18,Wed,11.44260,1.770
18,Wed,11.45846,6.668
18,Wed,11.46047,2.540
18,Wed,11.46330,9.510
18,Wed,11.46914,0.791
18,Wed,11.47152,9.566
18,Wed,11.47231,4.036
18,Wed,11.50350,6.244
18,Wed,11.50374,2.157
18,Wed,11.51674,11.628
18,Wed,11.55759,1.692
18,Wed,11.56278,2.046
18,Wed,11.56785,4.943
18,Wed,11.57397,3.548
18,Wed,11.57583,4.373
18,Wed,11.58692,1.539
18,Wed,11.58871,0.870
18,Wed,11.58905,1.092
18,Wed,11.59263,1.150
18,Wed,11.59710,5.080
18,Wed,11.60232,3.832
18,Wed,11.60501,2.626
18,Wed,11.61168,4.278
18,Wed,11.61508,7.209
18,Wed,11.62022,0.841
18,Wed,11.62180,2.024
18,Wed,11.62645,3.538
18,Wed,11.62923,1.480
18,Wed,11.63689,2.692
18,Wed,11.66242,2.806
18,Wed,11.66346,7.769
18,Wed,11.66665,3.315
18,Wed,11.67030,1.411
18,Wed,11.67180,2.463
18,Wed,11.68686,0.919
18,Wed,11.68972,3.578
18,Wed,11.73385,4.248
18,Wed,11.73963,5.949
18,Wed,11.74864,2.802
18,Wed,11.75564,1.865
18,Wed,11.76290,2.684
18,Wed,11.76949,1.952
18,Wed,11.80697,6.594
18,Wed,11.80756,1.744
18,Wed,11.80922,3.610
18,Wed,11.82989,3.341
18,Wed,11.83138,8.125
18,Wed,11.83588,1.368
18,Wed,11.84367,4.070
18,Wed,11.86146,3.152
18,Wed,11.88902,1.247
18,Wed,11.89925,3.015
18,Wed,11.90296,7.661
18,Wed,11.90658,3.958
18,Wed,11.91149,3.021
18,Wed,11.93622,1.265
18,Wed,11.94310,14.160
18,Wed,11.94665,4.321
18,Wed,11.95183,1.409
18,Wed,11.96164,3.624
18,Wed,11.96235,3.157
18,Wed,11.96599,3.208
18,Wed,11.96739,1.653
18,Wed,11.98318,6.349
18,Wed,11.98745,2.724
18,Wed,11.99537,2.480
18,Wed,11.99595,21.417
18,Wed,12.00867,5.810
18,Wed,12.03633,3.280
18,Wed,12.04283,7.444
18,Wed,12.06386,0.917
18,Wed,12.06602,1.282
18,Wed,12.06899,3.164
18,Wed,12.06930,2.051
18,Wed,12.07422,4.246
18,Wed,12.07815,1.915
18,Wed,12.08787,0.573
18,Wed,12.09539,3.155
18,Wed,12.10673,4.370
18,Wed,12.11131,3.595
18,Wed,12.12320,5.363
18,Wed,12.12479,1.697
18,Wed,12.12727,1.323
18,Wed,12.12755,1.168
18,Wed,12.13551,1.635
18,Wed,12.14055,4.873
18,Wed,12.14383,1.376
18,Wed,12.14969,9.128
18,Wed,12.15002,2.228
18,Wed,12.15264,1.014
18,Wed,12.15358,11.489
18,Wed,12.16053,2.958
18,Wed,12.18112,3.082
18,Wed,12.21331,6.342
18,Wed,12.21439,2.902
18,Wed,12.21677,2.412
18,Wed,12.22052,2.461
18,Wed,12.22240,3.364
18,Wed,12.23884,9.782
18,Wed,12.25598,6.883
18,Wed,12.25964,6.690
18,Wed,12.26204,1.164
18,Wed,12.26563,0.756
18,Wed,12.27865,2.353
18,Wed,12.28539,2.078
18,Wed,12.31987,6.696
18,Wed,12.32349,2.737
18,Wed,12.32705,0.855
18,Wed,12.33367,3.691
18,Wed,12.34369,1.448
18,Wed,12.34912,2.081
18,Wed,12.35130,6.720
18,Wed,12.35549,2.976
18,Wed,12.36460,2.909
18,Wed,12.37436,1.853
18,Wed,12.37957,1.568
18,Wed,12.40021,3.148
18,Wed,12.40026,0.917
18,Wed,12.40972,1.608
18,Wed,12.41366,6.584
18,Wed,12.42051,7.326
18,Wed,12.42416,9.949
18,Wed,12.42555,3.891
18,Wed,12.42712,3.162
18,Wed,12.42820,2.285
18,Wed,12.44029,3.804
18,Wed,12.44177,4.255
18,Wed,12.46406,1.532
18,Wed,12.47354,2.381
18,Wed,12.47536,6.955
18,Wed,12.47866,1.377
18,Wed,12.48163,3.442
18,Wed,12.50270,4.681
18,Wed,12.50996,1.473
18,Wed,12.51079,3.385
18,Wed,12.52205,11.981
18,Wed,12.53552,3.336
18,Wed,12.53827,3.250
18,Wed,12.56098,11.246
18,Wed,12.56928,25.662
18,Wed,12.58509,24.304
18,Wed,12.59232,8.778
18,Wed,12.60657,6.347
18,Wed,12.61036,0.000
18,Wed,12.61433,4.069
18,Wed,12.61720,3.454
18,Wed,12.62170,4.566
18,Wed,12.68495,4.995
18,Wed,12.68800,19.436
18,Wed,12.70853,1.800
18,Wed,12.72144,1.915
18,Wed,12.72644,19.038
18,Wed,12.73334,0.908
18,Wed,12.73542,4.124
18,Wed,12.75869,6.156
18,Wed,12.75894,6.280
18,Wed,12.77086,2.025
18,Wed,12.77158,1.704
18,Wed,12.77678,4.417
18,Wed,12.77917,1.728
18,Wed,12.78571,1.707
18,Wed,12.79020,3.555
18,Wed,12.79172,2.295
18,Wed,12.81970,3.237
18,Wed,12.83789,1.409
18,Wed,12.83798,2.562
18,Wed,12.84385,10.481
18,Wed,12.84385,8.491
18,Wed,12.85137,2.271
18,Wed,12.86306,3.254
18,Wed,12.87112,6.224
18,Wed,12.87162,2.894
18,Wed,12.90896,1.083
18,Wed,12.91995,1.997
18,Wed,12.94504,1.789
18,Wed,12.94580,6.539
18,Wed,12.95909,8.672
18,Wed,12.97332,6.404
18,Wed,12.98972,0.737
18,Wed,12.99516,3.038
18,Wed,13.00437,8.243
18,Wed,13.01708,0.972
18,Wed,13.01864,1.103
18,Wed,13.02563,1.353
18,Wed,13.03310,5.358
18,Wed,13.03324,3.558
18,Wed,13.04412,2.957
18,Wed,13.05304,1.636
18,Wed,13.05381,5.444
18,Wed,13.05456,4.515
18,Wed,13.05997,4.615
18,Wed,13.07751,5.597
18,Wed,13.09257,3.636
18,Wed,13.12040,17.941
18,Wed,13.12194,6.932
18,Wed,13.12310,3.770
18,Wed,13.13102,10.512
18,Wed,13.14395,5.986
18,Wed,13.14538,5.650
18,Wed,13.15123,0.000
18,Wed,13.15286,2.030
18,Wed,13.15554,7.802
18,Wed,13.15937,6.419
18,Wed,13.16515,0.576
18,Wed,13.17564,2.334
18,Wed,13.18729,6.276
18,Wed,13.21160,0.734
18,Wed,13.23777,2.006
18,Wed,13.24157,5.356
18,Wed,13.24208,1.586
18,Wed,13.25061,10.070
18,Wed,13.25668,6.562
18,Wed,13.27403,3.192
18,Wed,13.27791,0.000
18,Wed,13.30311,2.147
18,Wed,13.32860,5.634
18,Wed,13.33154,4.539
18,Wed,13.33542,5.889
18,Wed,13.35216,1.273
18,Wed,13.35514,1.815
18,Wed,13.35894,2.529
18,Wed,13.36537,2.355
18,Wed,13.36896,3.251
18,Wed,13.37021,1.430
18,Wed,13.40648,2.021
18,Wed,13.41453,1.722
18,Wed,13.41685,1.841
18,Wed,13.43931,3.635
18,Wed,13.44383,2.675
18,Wed,13.44710,8.427
18,Wed,13.44806,3.833
18,Wed,13.45205,4.821
18,Wed,13.45353,2.377
18,Wed,13.46098,1.845
18,Wed,13.46159,1.127
18,Wed,13.47183,3.683
18,Wed,13.47311,3.294
18,Wed,13.49926,0.997
18,Wed,13.52712,2.873
18,Wed,13.54048,3.208
18,Wed,13.54382,6.093
18,Wed,13.54389,1.479
18,Wed,13.54607,1.025
18,Wed,13.57393,3.387
18,Wed,13.58680,1.898
18,Wed,13.58929,2.869
18,Wed,13.59047,12.586
18,Wed,13.61185,1.678
18,Wed,13.66226,0.967
18,Wed,13.66263,4.546
18,Wed,13.66341,6.589
18,Wed,13.66854,4.334
18,Wed,13.67123,5.566
18,Wed,13.67261,3.264
18,Wed,13.70393,1.566
18,Wed,13.70556,3.648
18,Wed,13.74098,2.904
18,Wed,13.74104,3.433
18,Wed,13.75874,3.171
18,Wed,13.76535,4.666
18,Wed,13.78204,4.038
18,Wed,13.79134,4.595
18,Wed,13.79540,1.241
18,Wed,13.79966,5.242
18,Wed,13.80041,3.533
18,Wed,13.80678,3.347
18,Wed,13.81302,1.446
18,Wed,13.83650,3.904
18,Wed,13.83813,8.902
18,Wed,13.83862,4.306
18,Wed,13.88169,7.718
18,Wed,13.88349,2.805
18,Wed,13.89142,2.270
18,Wed,13.89868,2.518
18,Wed,13.89987,2.143
18,Wed,13.91261,2.594
18,Wed,13.92257,4.675
18,Wed,13.92298,2.382
18,Wed,13.92716,1.213
18,Wed,13.92769,1.629
18,Wed,13.93243,1.705
18,Wed,13.94547,5.218
18,Wed,13.94676,5.203
18,Wed,13.94708,1.949
18,Wed,13.95342,2.023
18,Wed,13.96220,2.364
18,Wed,13.96388,0.843
18,Wed,13.97202,1.970
18,Wed,13.97893,4.991
18,Wed,13.98254,1.440
18,Wed,13.99286,3.401
18,Wed,14.03365,1.981
18,Wed,14.03776,3.531
18,Wed,14.03882,2.752
18,Wed,14.05125,2.689
18,Wed,14.05613,1.268
18,Wed,14.08172,5.294
18,Wed,14.08305,4.517
18,Wed,14.08473,4.324
18,Wed,14.08551,1.149
18,Wed,14.09465,4.226
18,Wed,14.11138,0.621
18,Wed,14.11805,1.966
18,Wed,14.14155,3.030
18,Wed,14.14301,1.286
18,Wed,14.14736,2.802
18,Wed,14.15340,2.451
18,Wed,14.15853,1.186
18,Wed,14.16589,1.885
18,Wed,14.18047,1.382
18,Wed,14.19885,8.076
18,Wed,14.19943,2.752
18,Wed,14.20111,2.524
18,Wed,14.20388,1.129
18,Wed,14.20526,0.701
18,Wed,14.21938,0.867
18,Wed,14.22158,3.726
18,Wed,14.22351,5.845
18,Wed,14.22647,7.530
18,Wed,14.23354,4.326
18,Wed,14.25570,2.192
18,Wed,14.26227,6.232
18,Wed,14.27150,3.373
18,Wed,14.27444,3.269
18,Wed,14.27692,1.067
18,Wed,14.30217,1.095
18,Wed,14.31112,8.285
18,Wed,14.32163,3.383
18,Wed,14.32843,1.475
18,Wed,14.33090,5.178
18,Wed,14.34332,4.714
18,Wed,14.35182,6.249
18,Wed,14.37006,4.466
18,Wed,14.37128,2.315
18,Wed,14.39491,2.465
18,Wed,14.39946,1.058
18,Wed,14.41811,6.477
18,Wed,14.42456,1.068
18,Wed,14.42626,8.462
18,Wed,14.43455,3.142
18,Wed,14.43749,5.343
18,Wed,14.43980,3.439
18,Wed,14.44541,9.202
18,Wed,14.45197,2.904
18,Wed,14.45398,1.396
18,Wed,14.45591,4.079
18,Wed,14.45776,8.415
18,Wed,14.46289,3.190
18,Wed,14.47585,2.677
18,Wed,14.48603,1.198
18,Wed,14.48843,4.257
18,Wed,14.49466,4.194
18,Wed,14.49656,1.193
18,Wed,14.50612,4.177
18,Wed,14.50628,2.965
18,Wed,14.52511,2.477
18,Wed,14.52853,3.030
18,Wed,14.53446,1.123
18,Wed,14.53753,2.534
18,Wed,14.54463,4.940
18,Wed,14.55233,3.492
18,Wed,14.55972,3.333
18,Wed,14.58143,9.010
18,Wed,14.59695,6.802
18,Wed,14.59779,1.285
18,Wed,14.60044,5.368
18,Wed,14.60465,6.863
18,Wed,14.60672,6.061
18,Wed,14.61821,0.365
18,Wed,14.62839,3.807
18,Wed,14.63664,1.473
18,Wed,14.64035,5.921
18,Wed,14.65212,1.591
18,Wed,14.65973,1.998
18,Wed,14.66395,4.553
18,Wed,14.67309,0.656
18,Wed,14.67851,3.610
18,Wed,14.68027,0.931
18,Wed,14.68647,1.599
18,Wed,14.68754,2.303
18,Wed,14.69046,3.356
18,Wed,14.69121,1.399
18,Wed,14.73553,1.335
18,Wed,14.73590,9.031
18,Wed,14.74164,2.917
18,Wed,14.76765,2.035
18,Wed,14.77828,5.376
18,Wed,14.79226,3.237
18,Wed,14.80188,7.773
18,Wed,14.80291,6.726
18,Wed,14.81218,1.356
18,Wed,14.81905,6.128
18,Wed,14.81938,2.506
18,Wed,14.82725,1.979
18,Wed,14.83182,1.364
18,Wed,14.86143,2.073
18,Wed,14.86944,8.969
18,Wed,14.87033,2.938
18,Wed,14.87987,7.295
18,Wed,14.89053,3.154
18,Wed,14.89444,1.429
18,Wed,14.89596,4.911
18,Wed,14.89605,1.974
18,Wed,14.90294,2.752
18,Wed,14.91531,2.526
18,Wed,14.91906,2.377
18,Wed,14.93493,11.435
18,Wed,14.93794,5.070
18,Wed,14.93797,2.043
18,Wed,14.93859,8.924
18,Wed,14.94021,15.237
18,Wed,14.94414,1.591
18,Wed,14.95200,1.807
18,Wed,14.96172,5.970
18,Wed,14.96510,1.018
18,Wed,14.97351,1.247
18,Wed,14.99620,2.360
18,Wed,15.00855,3.813
18,Wed,15.03943,4.306
18,Wed,15.04385,3.307
18,Wed,15.04682,3.319
18,Wed,15.05091,2.167
18,Wed,15.05532,2.376
18,Wed,15.05858,3.946
18,Wed,15.07295,2.714
18,Wed,15.07811,2.171
18,Wed,15.08463,2.708
18,Wed,15.08806,4.370
18,Wed,15.09154,7.068
18,Wed,15.10380,6.602
18,Wed,15.11066,15.672
18,Wed,15.11693,2.703
18,Wed,15.11817,1.603
18,Wed,15.12437,9.228
18,Wed,15.13193,1.820
18,Wed,15.13649,0.608
18,Wed,15.14658,2.043
18,Wed,15.18216,6.335
18,Wed,15.19680,4.082
18,Wed,15.21971,2.005
18,Wed,15.22230,5.580
18,Wed,15.23600,5.109
18,Wed,15.24792,5.606
18,Wed,15.26168,4.678
18,Wed,15.27874,5.721
18,Wed,15.28195,2.582
18,Wed,15.29080,9.383
18,Wed,15.32169,1.890
18,Wed,15.32535,2.884
18,Wed,15.34119,8.095
18,Wed,15.34691,3.215
18,Wed,15.35450,4.799
18,Wed,15.35725,4.224
18,Wed,15.36293,2.115
18,Wed,15.36553,6.110
18,Wed,15.37231,1.935
18,Wed,15.37302,3.792
18,Wed,15.38540,3.093
18,Wed,15.39915,2.526
18,Wed,15.40610,6.418
18,Wed,15.41687,3.241
18,Wed,15.41883,1.477
18,Wed,15.42272,17.745
18,Wed,15.42411,11.568
18,Wed,15.44286,3.236
18,Wed,15.44519,3.107
18,Wed,15.45209,8.014
18,Wed,15.45393,5.477
18,Wed,15.45438,1.678
18,Wed,15.46647,1.985
18,Wed,15.47885,3.444
18,Wed,15.48960,4.463
18,Wed,15.49025,1.107
18,Wed,15.49681,1.418
18,Wed,15.52870,1.424
18,Wed,15.53148,2.699
18,Wed,15.55127,2.891
18,Wed,15.57620,0.790
18,Wed,15.58726,1.454
18,Wed,15.61205,3.714
18,Wed,15.61569,1.869
18,Wed,15.62768,2.479
18,Wed,15.63880,1.963
18,Wed,15.65071,3.182
18,Wed,15.66244,3.102
18,Wed,15.66327,1.496
18,Wed,15.67307,3.962
18,Wed,15.68305,1.824
18,Wed,15.68556,1.214
18,Wed,15.69510,2.408
18,Wed,15.75596,5.698
18,Wed,15.76805,2.240
18,Wed,15.77386,8.256
18,Wed,15.77890,6.425
18,Wed,15.78132,6.330
18,Wed,15.78144,1.124
18,Wed,15.78693,4.943
18,Wed,15.82002,3.252
18,Wed,15.82512,5.705
18,Wed,15.82535,4.923
18,Wed,15.84145,4.537
18,Wed,15.84665,3.164
18,Wed,15.85973,2.378
18,Wed,15.88653,6.379
18,Wed,15.90759,2.701
18,Wed,15.91832,2.030
18,Wed,15.93561,1.615
18,Wed,15.97935,5.967
18,Wed,16.01331,2.627
18,Wed,16.01769,5.286
18,Wed,16.01777,4.232
18,Wed,16.02304,3.855
18,Wed,16.02715,7.089
18,Wed,16.03727,4.436
18,Wed,16.04754,2.322
18,Wed,16.09469,2.334
18,Wed,16.11076,1.626
18,Wed,16.12003,3.272
18,Wed,16.12433,2.713
18,Wed,16.12487,10.017
18,Wed,16.14664,1.503
18,Wed,16.16282,6.050
18,Wed,16.16544,6.031
18,Wed,16.16890,6.093
18,Wed,16.18312,2.845
18,Wed,16.18730,2.029
18,Wed,16.18878,9.721
18,Wed,16.18883,5.122
18,Wed,16.22379,2.680
18,Wed,16.23265,2.047
18,Wed,16.25147,3.538
18,Wed,16.26338,3.512
18,Wed,16.28034,5.858
18,Wed,16.29496,18.461
18,Wed,16.29783,4.836
18,Wed,16.30923,9.494
18,Wed,16.32464,4.871
18,Wed,16.33874,3.250
18,Wed,16.33996,3.365
18,Wed,16.34165,1.847
18,Wed,16.34398,8.165
18,Wed,16.35241,1.395
18,Wed,16.37588,6.107
18,Wed,16.37791,0.990
18,Wed,16.39443,9.081
18,Wed,16.39787,3.471
18,Wed,16.40429,0.638
18,Wed,16.41440,2.003
18,Wed,16.45336,2.771
18,Wed,16.47182,1.263
18,Wed,16.48733,3.913
18,Wed,16.48902,3.291
18,Wed,16.50131,4.972
18,Wed,16.50236,5.915
18,Wed,16.50332,3.116
18,Wed,16.52152,1.483
18,Wed,16.52597,1.024
18,Wed,16.54743,2.650
18,Wed,16.55902,7.173
18,Wed,16.57131,2.435
18,Wed,16.57915,8.583
18,Wed,16.58208,5.729
18,Wed,16.61717,1.880
18,Wed,16.62620,2.455
18,Wed,16.63850,5.104
18,Wed,16.65315,1.652
18,Wed,16.66391,3.546
18,Wed,16.66896,21.877
18,Wed,16.69415,6.020
18,Wed,16.69666,4.665
18,Wed,16.70707,4.012
18,Wed,16.73686,0.779
18,Wed,16.79956,6.841
18,Wed,16.79981,8.208
18,Wed,16.80863,2.499
18,Wed,16.83759,4.535
18,Wed,16.85412,0.829
18,Wed,16.89538,1.684
18,Wed,16.89615,4.148
18,Wed,16.90331,15.501
18,Wed,16.90696,4.544
18,Wed,16.92082,4.150
18,Wed,16.93327,2.287
18,Wed,16.95582,4.192
18,Wed,16.98539,3.906
18,Wed,16.99109,2.374
18,Wed,16.99904,1.947
18,Wed,17.03120,8.213
18,Wed,17.04072,3.289
18,Wed,17.04552,1.246
18,Wed,17.04792,4.348
18,Wed,17.06817,2.875
18,Wed,17.09975,1.495
18,Wed,17.10443,1.042
18,Wed,17.12829,2.901
18,Wed,17.15296,4.518
18,Wed,17.15334,3.947
18,Wed,17.16787,1.443
18,Wed,17.18656,5.149
18,Wed,17.19548,5.785
18,Wed,17.21591,2.898
18,Wed,17.22286,1.824
18,Wed,17.24627,3.600
18,Wed,17.24807,2.678
18,Wed,17.26723,4.180
18,Wed,17.27047,1.658
18,Wed,17.31835,1.377
18,Wed,17.41539,5.587
18,Wed,17.42659,7.712
18,Wed,17.44656,6.305
18,Wed,17.47914,0.929
18,Wed,17.48715,1.184
18,Wed,17.51508,1.256
18,Wed,17.54647,4.755
18,Wed,17.60739,7.646
18,Wed,17.60837,2.113
18,Wed,17.62473,1.754
18,Wed,17.63009,2.604
18,Wed,17.66636,2.048
18,Wed,17.67897,7.315
18,Wed,17.76164,1.552
18,Wed,17.76401,1.636
18,Wed,17.78981,2.634
18,Wed,17.79035,6.433
18,Wed,17.79650,5.477
18,Wed,17.80404,6.818
18,Wed,17.81831,1.931
18,Wed,17.82867,4.499
18,Wed,17.84346,6.157
18,Wed,17.87523,5.006
18,Wed,17.87692,1.855
18,Wed,17.88682,6.940
18,Wed,17.89044,3.018
18,Wed,17.95827,3.631
18,Wed,17.97351,5.312
18,Wed,17.99597,2.274
18,Wed,17.99623,8.753
18,Wed,18.07949,1.459
18,Wed,18.08104,2.034
18,Wed,18.08382,6.284
18,Wed,18.15140,0.874
18,Wed,18.15700,6.102
18,Wed,18.17995,3.166
18,Wed,18.19627,3.285
18,Wed,18.19970,5.412
18,Wed,18.21051,2.505
18,Wed,18.21167,3.980
18,Wed,18.23861,3.071
18,Wed,18.30609,5.931
18,Wed,18.34174,3.540
18,Wed,18.38466,8.552
18,Wed,18.44421,3.301
18,Wed,18.45303,1.969
18,Wed,18.46213,1.520
18,Wed,18.46848,3.314
18,Wed,18.47376,2.063
18,Wed,18.48854,3.311
18,Wed,18.50649,4.894
18,Wed,18.50719,13.403
18,Wed,18.52211,1.151
18,Wed,18.55590,4.992
18,Wed,18.57639,9.137
18,Wed,18.59079,5.088
18,Wed,18.59101,4.901
18,Wed,18.60801,3.993
18,Wed,18.63747,0.799
18,Wed,18.65704,1.552
18,Wed,18.66133,5.482
18,Wed,18.68784,2.503
18,Wed,18.69119,4.559
18,Wed,18.69602,3.877
18,Wed,18.70842,0.959
18,Wed,18.71033,3.212
18,Wed,18.77288,2.988
18,Wed,18.79393,1.626
18,Wed,18.82649,2.143
18,Wed,18.82684,2.900
18,Wed,18.85256,2.615
18,Wed,18.88036,6.839
18,Wed,18.89412,1.705
18,Wed,18.90744,1.297
18,Wed,18.91371,4.927
18,Wed,18.92279,4.218
18,Wed,18.92894,3.771
18,Wed,18.93155,0.724
18,Wed,18.94412,5.897
18,Wed,18.96758,3.716
18,Wed,18.98047,2.046
18,Wed,19.02330,6.696
18,Wed,19.04286,1.440
18,Wed,19.06261,2.641
18,Wed,19.07328,7.428
18,Wed,19.12234,1.971
18,Wed,19.14335,0.942
18,Wed,19.17864,2.196
18,Wed,19.18246,1.025
18,Wed,19.20484,6.631
18,Wed,19.22452,5.329
18,Wed,19.29299,4.933
18,Wed,19.33995,1.856
18,Wed,19.34350,1.794
18,Wed,19.37718,2.978
18,Wed,19.39938,1.703
18,Wed,19.40324,2.390
18,Wed,19.42211,1.117
18,Wed,19.49595,3.821
18,Wed,19.50638,4.171
18,Wed,19.50806,1.965
18,Wed,19.51225,2.046
18,Wed,19.52099,10.199
18,Wed,19.53862,9.352
18,Wed,19.54642,3.216
18,Wed,19.55551,2.684
18,Wed,19.59546,3.417
18,Wed,19.59766,2.744
18,Wed,19.63589,2.392
18,Wed,19.64618,3.921
18,Wed,19.68478,2.480
18,Wed,19.77095,5.434
18,Wed,19.79019,4.330
18,Wed,19.81943,4.541
18,Wed,19.82286,1.238
18,Wed,19.86261,1.080
18,Wed,19.89031,1.302
18,Wed,19.89634,2.073
18,Wed,19.96189,2.831
18,Wed,19.96420,1.941
18,Wed,19.99077,1.238
19,Thu,8.00348,1.749
19,Thu,8.01856,2.269
19,Thu,8.02287,1.761
19,Thu,8.03366,2.667
19,Thu,8.07101,2.183
19,Thu,8.10386,2.056
19,Thu,8.14220,1.332
19,Thu,8.16651,5.033
19,Thu,8.18514,2.455
19,Thu,8.19180,4.536
19,Thu,8.20860,2.397
19,Thu,8.26811,2.117
19,Thu,8.26933,1.874
19,Thu,8.29184,3.856
19,Thu,8.30306,1.375
19,Thu,8.31501,4.400
19,Thu,8.32067,1.599
19,Thu,8.32300,1.664
19,Thu,8.32406,4.172
19,Thu,8.33152,2.293
19,Thu,8.33779,3.789
19,Thu,8.33854,3.806
19,Thu,8.35136,1.318
19,Thu,8.35212,4.306
19,Thu,8.36401,6.082
19,Thu,8.38025,2.451
19,Thu,8.39057,1.276
19,Thu,8.39403,10.510
19,Thu,8.41795,5.729
19,Thu,8.42287,1.678
19,Thu,8.42783,1.124
19,Thu,8.42845,3.106
19,Thu,8.43053,4.505
19,Thu,8.44191,1.103
19,Thu,8.44398,5.649
19,Thu,8.44437,4.614
19,Thu,8.44714,1.011
19,Thu,8.45109,0.929
19,Thu,8.46965,5.785
19,Thu,8.48382,3.364
19,Thu,8.48516,7.668
19,Thu,8.48523,1.958
19,Thu,8.50676,4.470
19,Thu,8.50972,8.886
19,Thu,8.51726,1.813
19,Thu,8.55496,1.979
19,Thu,8.56701,2.171
19,Thu,8.57475,1.030
19,Thu,8.57938,6.861
19,Thu,8.63124,3.867
19,Thu,8.65058,2.928
19,Thu,8.69488,5.332
19,Thu,8.69797,7.961
19,Thu,8.71383,1.381
19,Thu,8.72138,2.514
19,Thu,8.72588,0.645
19,Thu,8.74490,3.311
19,Thu,8.74966,1.601
19,Thu,8.76360,1.602
19,Thu,8.79463,4.662
19,Thu,8.81331,1.717
19,Thu,8.83104,1.716
19,Thu,8.83185,5.684
19,Thu,8.83443,2.982
19,Thu,8.84461,2.356
19,Thu,8.85044,4.843
19,Thu,8.85681,11.636
19,Thu,8.87566,3.355
19,Thu,8.87637,3.243
19,Thu,8.87645,2.211
19,Thu,8.89009,1.102
19,Thu,8.90985,9.514
19,Thu,8.91250,2.269
19,Thu,8.91580,4.049
19,Thu,8.92698,4.596
19,Thu,8.94106,5.670
19,Thu,8.94804,8.883
19,Thu,8.95237,1.032
19,Thu,8.96290,3.874
19,Thu,8.97113,1.395
19,Thu,8.98780,5.140
19,Thu,8.99016,1.803
19,Thu,9.00568,2.362
19,Thu,9.00636,1.695
19,Thu,9.00858,5.121
19,Thu,9.01223,2.216
19,Thu,9.03404,2.598
19,Thu,9.05516,1.939
19,Thu,9.06111,5.532
19,Thu,9.08325,0.506
19,Thu,9.09742,1.184
19,Thu,9.11075,1.500
19,Thu,9.11089,3.570
19,Thu,9.11742,0.973
19,Thu,9.11920,3.336
19,Thu,9.12249,4.464
19,Thu,9.13858,5.483
19,Thu,9.14113,3.577
19,Thu,9.15197,2.495
19,Thu,9.17027,2.336
19,Thu,9.21851,2.794
19,Thu,9.22568,4.824
19,Thu,9.22908,5.404
19,Thu,9.23597,3.876
19,Thu,9.23635,1.152
19,Thu,9.26170,1.991
19,Thu,9.28989,10.960
19,Thu,9.29330,2.320
19,Thu,9.30430,2.103
19,Thu,9.32874,6.608
19,Thu,9.33248,3.000
19,Thu,9.34155,5.420
19,Thu,9.35156,5.317
19,Thu,9.35861,3.182
19,Thu,9.36251,2.968
19,Thu,9.36420,3.370
19,Thu,9.38815,1.349
19,Thu,9.39099,1.900
19,Thu,9.40093,1.613
19,Thu,9.41371,4.908
19,Thu,9.41378,4.197
19,Thu,9.41456,3.436
19,Thu,9.41925,2.977
19,Thu,9.42651,1.614
19,Thu,9.42792,3.057
19,Thu,9.43326,1.607
19,Thu,9.43619,4.119
19,Thu,9.44262,3.741
19,Thu,9.45496,2.516
19,Thu,9.46113,3.309
19,Thu,9.46878,2.357
19,Thu,9.47848,4.713
19,Thu,9.48814,2.134
19,Thu,9.49226,1.359
19,Thu,9.49401,7.982
19,Thu,9.49410,1.228
19,Thu,9.49957,1.440
19,Thu,9.50629,2.136
19,Thu,9.52169,1.808
19,Thu,9.52657,3.141
19,Thu,9.54350,2.471
19,Thu,9.55314,2.093
19,Thu,9.55450,1.880
19,Thu,9.57222,5.731
19,Thu,9.58015,2.665
19,Thu,9.60468,5.790
19,Thu,9.62010,1.987
19,Thu,9.62097,6.239
19,Thu,9.64403,2.042
19,Thu,9.64854,2.713
19,Thu,9.65239,2.924
19,Thu,9.65403,2.454
19,Thu,9.65475,5.341
19,Thu,9.67565,3.860
19,Thu,9.67737,5.583
19,Thu,9.68370,2.750
19,Thu,9.68665,5.774
19,Thu,9.71549,10.289
19,Thu,9.72372,2.740
19,Thu,9.73291,2.494
19,Thu,9.73353,2.474
19,Thu,9.73869,1.997
19,Thu,9.73930,7.050
19,Thu,9.74307,3.712
19,Thu,9.74810,2.468
19,Thu,9.75262,6.737
19,Thu,9.76186,3.060
19,Thu,9.77536,4.975
19,Thu,9.77815,8.570
19,Thu,9.78057,18.634
19,Thu,9.78645,5.291
19,Thu,9.79358,2.275
19,Thu,9.80083,9.526
19,Thu,9.80880,9.640
19,Thu,9.81259,2.766
19,Thu,9.81939,2.511
19,Thu,9.82440,2.161
19,Thu,9.84316,3.298
19,Thu,9.84353,3.501
19,Thu,9.84467,4.491
19,Thu,9.86845,8.185
19,Thu,9.87852,4.676
19,Thu,9.88892,5.700
19,Thu,9.88985,6.157
19,Thu,9.89507,7.514
19,Thu,9.89515,1.093
19,Thu,9.89545,2.385
19,Thu,9.89843,2.529
19,Thu,9.90717,5.550
19,Thu,9.91098,5.025
19,Thu,9.91977,2.671
19,Thu,9.92940,0.000
19,Thu,9.93523,3.897
19,Thu,9.94746,5.407
19,Thu,9.95159,3.207
19,Thu,9.95168,1.695
19,Thu,9.95170,1.505
19,Thu,9.97031,1.742
19,Thu,9.98006,1.925
19,Thu,9.98495,1.360
19,Thu,9.98711,4.924
19,Thu,10.00758,3.307
19,Thu,10.01455,6.952
19,Thu,10.01927,1.460
19,Thu,10.02053,6.769
19,Thu,10.02631,1.538
19,Thu,10.04434,1.747
19,Thu,10.04606,1.012
19,Thu,10.04611,2.664
19,Thu,10.06140,2.926
19,Thu,10.07110,3.829
19,Thu,10.09041,4.943
19,Thu,10.09528,0.647
19,Thu,10.09675,9.969
19,Thu,10.11417,5.345
19,Thu,10.11575,3.503
19,Thu,10.11956,2.040
19,Thu,10.14778,3.490
19,Thu,10.16552,3.300
19,Thu,10.16915,8.391
19,Thu,10.17268,5.230
19,Thu,10.17701,2.390
19,Thu,10.18023,1.787
19,Thu,10.18075,5.970
19,Thu,10.18339,7.780
19,Thu,10.18628,4.390
19,Thu,10.18823,1.032
19,Thu,10.18932,2.068
19,Thu,10.21405,1.231
19,Thu,10.21695,1.542
19,Thu,10.22805,2.347
19,Thu,10.23580,3.443
19,Thu,10.23843,0.866
19,Thu,10.25441,4.925
19,Thu,10.25804,1.023
19,Thu,10.26611,3.358
19,Thu,10.26922,3.414
19,Thu,10.27282,1.982
19,Thu,10.29183,2.367
19,Thu,10.29858,1.216
19,Thu,10.30267,4.102
19,Thu,10.31120,2.677
19,Thu,10.31380,2.995
19,Thu,10.31552,2.540
19,Thu,10.31653,3.014
19,Thu,10.31848,4.808
19,Thu,10.34238,2.732
19,Thu,10.34455,4.246
19,Thu,10.34459,6.143
19,Thu,10.35976,1.179
19,Thu,10.36578,4.456
19,Thu,10.36656,2.362
19,Thu,10.37001,3.711
19,Thu,10.37399,2.660
19,Thu,10.37716,1.301
19,Thu,10.39095,2.049
19,Thu,10.40214,2.338
19,Thu,10.40767,7.243
19,Thu,10.40814,1.586
19,Thu,10.41081,2.499
19,Thu,10.43123,1.763
19,Thu,10.43575,23.446
19,Thu,10.43931,4.127
19,Thu,10.43962,3.541
19,Thu,10.44314,5.190
19,Thu,10.44602,0.761
19,Thu,10.46680,0.947
19,Thu,10.47255,1.191
19,Thu,10.48921,0.683
19,Thu,10.49455,5.348
19,Thu,10.52581,2.233
19,Thu,10.53878,4.948
19,Thu,10.54391,2.129
19,Thu,10.56158,1.647
19,Thu,10.56242,0.770
19,Thu,10.56698,1.954
19,Thu,10.57577,3.415
19,Thu,10.57898,0.555
19,Thu,10.58264,3.373
19,Thu,10.58971,2.441
19,Thu,10.60393,16.781
19,Thu,10.60565,1.764
19,Thu,10.63310,1.649
19,Thu,10.63676,8.062
19,Thu,10.66212,3.653
19,Thu,10.67082,0.569
19,Thu,10.68049,2.708
19,Thu,10.70399,4.053
19,Thu,10.70473,4.864
19,Thu,10.71114,5.958
19,Thu,10.71326,2.050
19,Thu,10.71540,5.430
19,Thu,10.72361,7.269
19,Thu,10.72458,2.202
19,Thu,10.72966,1.596
19,Thu,10.73252,10.600
19,Thu,10.73265,2.715
19,Thu,10.73487,1.505
19,Thu,10.73647,2.917
19,Thu,10.73727,3.148
19,Thu,10.75111,2.462
19,Thu,10.75547,3.605
19,Thu,10.75719,1.439
19,Thu,10.77482,31.350
19,Thu,10.78119,1.540
19,Thu,10.78321,6.651
19,Thu,10.79054,11.398
19,Thu,10.79301,2.064
19,Thu,10.79880,0.855
19,Thu,10.79972,7.360
19,Thu,10.81896,2.098
19,Thu,10.82320,4.091
19,Thu,10.84620,6.475
19,Thu,10.84884,2.905
19,Thu,10.84903,9.967
19,Thu,10.85752,3.000
19,Thu,10.86799,11.137
19,Thu,10.87041,12.274
19,Thu,10.87475,3.858
19,Thu,10.89024,3.378
19,Thu,10.90097,6.387
19,Thu,10.91534,4.731
19,Thu,10.92045,4.714
19,Thu,10.94084,2.828
19,Thu,10.94228,3.594
19,Thu,10.94688,5.427
19,Thu,10.94730,4.727
19,Thu,10.95698,11.478
19,Thu,10.98508,1.317
19,Thu,10.98661,2.012
19,Thu,10.99115,5.261
19,Thu,10.99357,2.157
19,Thu,10.99442,2.085
19,Thu,11.00236,11.497
19,Thu,11.00848,4.658
19,Thu,11.01613,3.925
19,Thu,11.01923,4.080
19,Thu,11.02287,8.289
19,Thu,11.02806,5.515
19,Thu,11.04329,2.539
19,Thu,11.05047,1.409
19,Thu,11.05306,2.054
19,Thu,11.05643,2.195
19,Thu,11.05683,6.069
19,Thu,11.06233,1.922
19,Thu,11.06352,1.030
19,Thu,11.07606,6.089
19,Thu,11.08510,3.408
19,Thu,11.09087,4.096
19,Thu,11.09801,0.689
19,Thu,11.10205,5.291
19,Thu,11.10345,4.958
19,Thu,11.11787,3.625
19,Thu,11.11796,2.839
19,Thu,11.12200,4.575
19,Thu,11.12689,6.254
19,Thu,11.13860,4.321
19,Thu,11.13995,0.952
19,Thu,11.14724,7.360
19,Thu,11.15352,0.900
19,Thu,11.15373,3.998
19,Thu,11.18204,2.762
19,Thu,11.20727,6.902
19,Thu,11.21004,5.757
19,Thu,11.22093,9.155
19,Thu,11.22436,1.633
19,Thu,11.22691,4.405
19,Thu,11.23100,1.360
19,Thu,11.23920,2.110
19,Thu,11.23980,2.636
19,Thu,11.25111,2.586
19,Thu,11.25960,1.691
19,Thu,11.26431,1.694
19,Thu,11.26867,3.260
19,Thu,11.27320,4.224
19,Thu,11.28297,1.988
19,Thu,11.28709,3.546
19,Thu,11.29253,1.640
19,Thu,11.31222,11.145
19,Thu,11.33198,18.187
19,Thu,11.34875,3.084
19,Thu,11.35863,3.270
19,Thu,11.36710,2.109
19,Thu,11.39852,4.153
19,Thu,11.39984,1.786
19,Thu,11.40066,2.288
19,Thu,11.40362,1.243
19,Thu,11.42945,5.659
19,Thu,11.43702,0.467
19,Thu,11.43828,1.741
19,Thu,11.44128,2.540
19,Thu,11.44941,2.433
19,Thu,11.45465,1.285
19,Thu,11.45737,3.270
19,Thu,11.46576,1.481
19,Thu,11.46662,1.725
19,Thu,11.49398,2.703
19,Thu,11.49605,9.356
19,Thu,11.50606,3.497
19,Thu,11.51563,3.915
19,Thu,11.51979,3.552
19,Thu,11.52030,2.135
19,Thu,11.52832,3.429
19,Thu,11.54025,2.632
19,Thu,11.55555,7.713
19,Thu,11.56222,2.849
19,Thu,11.57629,0.000
19,Thu,11.61141,1.071
19,Thu,11.62158,1.997
19,Thu,11.62282,3.354
19,Thu,11.63068,3.080
19,Thu,11.64720,11.786
19,Thu,11.65436,2.977
19,Thu,11.66041,4.017
19,Thu,11.66068,4.123
19,Thu,11.66487,5.155
19,Thu,11.66813,1.952
19,Thu,11.67213,4.493
19,Thu,11.69575,3.401
19,Thu,11.70036,3.495
19,Thu,11.70964,3.117
19,Thu,11.72140,6.835
19,Thu,11.72215,2.778
19,Thu,11.72567,14.425
19,Thu,11.72587,5.048
19,Thu,11.74810,9.262
19,Thu,11.75832,1.956
19,Thu,11.76090,1.100
19,Thu,11.76313,3.706
19,Thu,11.78858,6.554
19,Thu,11.79170,2.611
19,Thu,11.79739,3.380
19,Thu,11.80469,7.146
19,Thu,11.80527,2.991
19,Thu,11.80814,5.179
19,Thu,11.81978,2.637
19,Thu,11.82351,2.551
19,Thu,11.82684,2.320
19,Thu,11.84536,1.987
19,Thu,11.85052,2.851
19,Thu,11.85349,3.011
19,Thu,11.85870,9.467
19,Thu,11.86749,1.602
19,Thu,11.86799,2.876
19,Thu,11.87383,8.237
19,Thu,11.87786,3.647
19,Thu,11.87832,11.831
19,Thu,11.88612,2.285
19,Thu,11.89543,1.166
19,Thu,11.91947,6.902
19,Thu,11.92930,3.069
19,Thu,11.97930,2.864
19,Thu,11.98898,4.081
19,Thu,11.98940,0.903
19,Thu,11.99359,2.393
19,Thu,12.01216,3.436
19,Thu,12.01245,4.205
19,Thu,12.02001,11.729
19,Thu,12.02010,2.958
19,Thu,12.03585,2.832
19,Thu,12.04598,5.687
19,Thu,12.06944,1.626
19,Thu,12.09888,1.846
19,Thu,12.10928,2.968
19,Thu,12.14089,3.642
19,Thu,12.14341,3.344
19,Thu,12.14453,2.914
19,Thu,12.15733,5.828
19,Thu,12.16291,1.760
19,Thu,12.16784,2.859
19,Thu,12.18217,1.410
19,Thu,12.19025,1.307
19,Thu,12.20973,3.717
19,Thu,12.23392,4.350
19,Thu,12.23717,2.437
19,Thu,12.23782,7.238
19,Thu,12.25156,2.666
19,Thu,12.27167,1.265
19,Thu,12.27383,2.071
19,Thu,12.28349,4.611
19,Thu,12.29062,1.639
19,Thu,12.29544,0.712
19,Thu,12.30927,6.172
19,Thu,12.31934,5.871
19,Thu,12.32599,7.005
19,Thu,12.32978,3.465
19,Thu,12.33077,1.677
19,Thu,12.35365,9.488
19,Thu,12.36278,5.159
19,Thu,12.36710,1.558
19,Thu,12.36877,2.859
19,Thu,12.37048,2.392
19,Thu,12.37426,6.108
19,Thu,12.37710,3.973
19,Thu,12.38852,3.283
19,Thu,12.39779,4.383
19,Thu,12.40655,3.052
19,Thu,12.42764,2.154
19,Thu,12.42866,1.491
19,Thu,12.44388,3.333
19,Thu,12.44875,4.864
19,Thu,12.45627,2.619
19,Thu,12.46392,1.679
19,Thu,12.47671,11.544
19,Thu,12.47743,0.478
19,Thu,12.47807,1.521
19,Thu,12.49746,7.378
19,Thu,12.50489,1.036
19,Thu,12.50941,1.353
19,Thu,12.51840,5.914
19,Thu,12.54018,3.558
19,Thu,12.54848,8.462
19,Thu,12.55285,2.068
19,Thu,12.56123,4.679
19,Thu,12.57026,3.490
19,Thu,12.61242,10.068
19,Thu,12.61467,0.881
19,Thu,12.63305,12.736
19,Thu,12.64093,4.189
19,Thu,12.65197,6.289
19,Thu,12.65313,1.608
19,Thu,12.66394,4.013
19,Thu,12.66633,1.239
19,Thu,12.68275,3.464
19,Thu,12.68616,2.997
19,Thu,12.68781,1.362
19,Thu,12.69907,6.583
19,Thu,12.71070,0.256
19,Thu,12.75891,4.976
19,Thu,12.78109,4.693
19,Thu,12.78622,2.840
19,Thu,12.79607,1.047
19,Thu,12.79860,1.902
19,Thu,12.80552,4.280
19,Thu,12.80943,1.605
19,Thu,12.81260,2.402
19,Thu,12.83087,1.991
19,Thu,12.83695,7.092
19,Thu,12.86670,4.511
19,Thu,12.86941,1.825
19,Thu,12.87959,1.718
19,Thu,12.88851,4.414
19,Thu,12.89071,1.148
19,Thu,12.92409,2.817
19,Thu,12.93560,5.996
19,Thu,12.93697,1.888
19,Thu,12.98287,1.171
19,Thu,12.98645,3.450
19,Thu,12.98777,1.433
19,Thu,12.99119,5.074
19,Thu,12.99669,9.972
19,Thu,13.01870,1.759
19,Thu,13.04009,2.789
19,Thu,13.05267,1.050
19,Thu,13.06983,8.959
19,Thu,13.07290,1.810
19,Thu,13.07318,4.146
19,Thu,13.07824,4.072
19,Thu,13.10757,5.030
19,Thu,13.10789,4.105
19,Thu,13.11401,12.410
19,Thu,13.11585,1.093
19,Thu,13.11882,4.642
19,Thu,13.13944,8.514
19,Thu,13.14415,0.742
19,Thu,13.16235,8.771
19,Thu,13.17587,1.169
19,Thu,13.17965,4.311
19,Thu,13.18009,1.995
19,Thu,13.19787,5.043
19,Thu,13.20103,5.139
19,Thu,13.20962,7.117
19,Thu,13.21001,3.378
19,Thu,13.21126,3.324
19,Thu,13.22434,2.272
19,Thu,13.22775,20.441
19,Thu,13.24062,1.507
19,Thu,13.24861,1.902
19,Thu,13.24877,2.792
19,Thu,13.27269,7.319
19,Thu,13.28769,0.764
19,Thu,13.29238,10.655
19,Thu,13.29833,1.347
19,Thu,13.30212,4.385
19,Thu,13.32186,1.680
19,Thu,13.32192,3.804
19,Thu,13.32281,6.111
19,Thu,13.33113,2.751
19,Thu,13.34123,1.321
19,Thu,13.36053,4.377
19,Thu,13.38538,4.316
19,Thu,13.38811,3.684
19,Thu,13.40605,3.853
19,Thu,13.42305,2.311
19,Thu,13.44178,4.057
19,Thu,13.44179,6.136
19,Thu,13.44353,2.791
19,Thu,13.44737,2.087
19,Thu,13.45658,1.906
19,Thu,13.45811,1.337
19,Thu,13.47771,1.669
19,Thu,13.48169,5.383
19,Thu,13.49298,2.810
19,Thu,13.49599,3.887
19,Thu,13.50641,5.186
19,Thu,13.51549,4.597
19,Thu,13.52256,3.378
19,Thu,13.52851,2.017
19,Thu,13.53360,8.138
19,Thu,13.55604,1.445
19,Thu,13.57237,7.512
19,Thu,13.57385,6.301
19,Thu,13.57716,5.462
19,Thu,13.57942,3.209
19,Thu,13.61067,4.346
19,Thu,13.64035,1.513
19,Thu,13.64479,1.275
19,Thu,13.64582,1.463
19,Thu,13.70703,1.131
19,Thu,13.71249,5.189
19,Thu,13.73643,3.059
19,Thu,13.73991,8.498
19,Thu,13.74001,1.715
19,Thu,13.74397,2.471
19,Thu,13.74807,3.694
19,Thu,13.76020,0.719
19,Thu,13.77389,0.970
19,Thu,13.77950,1.210
19,Thu,13.77958,7.061
19,Thu,13.79120,1.150
19,Thu,13.80239,10.786
19,Thu,13.81144,3.294
19,Thu,13.82034,1.245
19,Thu,13.83681,3.983
19,Thu,13.84757,3.323
19,Thu,13.84999,2.347
19,Thu,13.85738,1.245
19,Thu,13.87712,1.151
19,Thu,13.88788,2.938
19,Thu,13.88872,1.600
19,Thu,13.88874,2.894
19,Thu,13.89466,5.720
19,Thu,13.89722,3.696
19,Thu,13.90580,0.724
19,Thu,13.92391,1.764
19,Thu,13.94941,1.465
19,Thu,13.98181,1.374
19,Thu,13.98426,6.510
19,Thu,13.98704,2.223
19,Thu,14.03165,2.414
19,Thu,14.03326,1.672
19,Thu,14.03890,3.077
19,Thu,14.03907,5.529
19,Thu,14.04132,11.192
19,Thu,14.04355,0.403
19,Thu,14.04597,1.006
19,Thu,14.04854,0.766
19,Thu,14.05867,5.933
19,Thu,14.06076,3.080
19,Thu,14.06165,3.293
19,Thu,14.07671,10.360
19,Thu,14.08082,8.669
19,Thu,14.09595,0.626
19,Thu,14.10357,2.978
19,Thu,14.10446,9.342
19,Thu,14.11847,5.592
19,Thu,14.12664,2.895
19,Thu,14.14138,0.923
19,Thu,14.14869,5.461
19,Thu,14.16324,3.681
19,Thu,14.17538,0.000
19,Thu,14.19844,5.225
19,Thu,14.20113,3.710
19,Thu,14.21915,3.079
19,Thu,14.22196,1.661
19,Thu,14.22559,1.941
19,Thu,14.24010,3.652
19,Thu,14.26059,8.613
19,Thu,14.26410,1.227
19,Thu,14.26922,4.632
19,Thu,14.28273,0.904
19,Thu,14.29981,11.984
19,Thu,14.31013,2.051
19,Thu,14.32903,14.466
19,Thu,14.33183,1.029
19,Thu,14.33514,1.783
19,Thu,14.34473,1.364
19,Thu,14.34722,1.811
19,Thu,14.34963,0.674
19,Thu,14.35765,4.720
19,Thu,14.37394,1.388
19,Thu,14.37780,6.955
19,Thu,14.39537,1.789
19,Thu,14.39670,10.576
19,Thu,14.41910,1.767
19,Thu,14.42081,1.757
19,Thu,14.44916,1.541
19,Thu,14.45027,6.996
19,Thu,14.45339,1.782
19,Thu,14.46460,2.934
19,Thu,14.47543,1.143
19,Thu,14.47544,2.421
19,Thu,14.48006,1.679
19,Thu,14.48192,7.126
19,Thu,14.49642,6.135
19,Thu,14.52054,6.619
19,Thu,14.53565,2.470
19,Thu,14.54105,2.834
19,Thu,14.54130,1.481
19,Thu,14.54629,1.720
19,Thu,14.55541,8.027
19,Thu,14.57567,5.191
19,Thu,14.59093,1.189
19,Thu,14.59701,7.213
19,Thu,14.60550,5.928
19,Thu,14.62851,3.627
19,Thu,14.63702,6.731
19,Thu,14.64341,1.253
19,Thu,14.64539,4.333
19,Thu,14.66411,12.972
19,Thu,14.66866,5.762
19,Thu,14.67247,2.222
19,Thu,14.67597,8.847
19,Thu,14.67604,2.305
19,Thu,14.67882,12.196
19,Thu,14.70187,1.753
19,Thu,14.70348,1.842
19,Thu,14.70767,2.104
19,Thu,14.71435,1.960
19,Thu,14.71479,3.280
19,Thu,14.72720,4.427
19,Thu,14.73715,6.130
19,Thu,14.75283,3.316
19,Thu,14.77425,2.127
19,Thu,14.78215,3.043
19,Thu,14.81117,1.529
19,Thu,14.82093,2.611
19,Thu,14.83325,2.960
19,Thu,14.83607,6.083
19,Thu,14.87589,3.181
19,Thu,14.88216,4.938
19,Thu,14.88228,1.665
19,Thu,14.88297,2.540
19,Thu,14.88574,0.830
19,Thu,14.88643,6.094
19,Thu,14.89220,2.798
19,Thu,14.89258,1.820
19,Thu,14.89514,2.743
19,Thu,14.89927,1.099
19,Thu,14.90824,1.885
19,Thu,14.91286,5.384
19,Thu,14.91384,2.266
19,Thu,14.91784,2.248
19,Thu,14.91879,9.709
19,Thu,14.93790,0.646
19,Thu,14.95523,4.369
19,Thu,14.96313,6.083
19,Thu,14.96403,4.843
19,Thu,14.96989,10.104
19,Thu,14.97658,4.705
19,Thu,14.99315,4.882
19,Thu,15.02447,1.867
19,Thu,15.06057,4.237
19,Thu,15.06264,1.815
19,Thu,15.06686,5.620
19,Thu,15.07051,22.275
19,Thu,15.07085,2.023
19,Thu,15.07139,6.524
19,Thu,15.10529,7.138
19,Thu,15.12246,9.713
19,Thu,15.14799,2.143
19,Thu,15.15338,6.704
19,Thu,15.16537,9.310
19,Thu,15.16932,4.983
19,Thu,15.17877,1.389
19,Thu,15.19147,3.357
19,Thu,15.19788,3.101
19,Thu,15.21143,2.695
19,Thu,15.21839,4.376
19,Thu,15.22662,1.218
19,Thu,15.22899,6.583
19,Thu,15.24861,2.247
19,Thu,15.27947,3.351
19,Thu,15.28538,2.121
19,Thu,15.29228,2.435
19,Thu,15.31287,1.306
19,Thu,15.31572,2.034
19,Thu,15.32626,2.055
19,Thu,15.32633,4.466
19,Thu,15.33377,12.226
19,Thu,15.33449,2.924
19,Thu,15.34081,1.954
19,Thu,15.35276,1.481
19,Thu,15.37999,1.108
19,Thu,15.38632,3.570
19,Thu,15.38983,2.911
19,Thu,15.40410,5.870
19,Thu,15.43365,1.409
19,Thu,15.43752,0.943
19,Thu,15.43838,1.643
19,Thu,15.47011,1.051
19,Thu,15.47390,2.448
19,Thu,15.48427,10.906
19,Thu,15.48629,7.789
19,Thu,15.53179,5.534
19,Thu,15.54843,1.751
19,Thu,15.55495,1.137
19,Thu,15.56193,3.948
19,Thu,15.56304,1.444
19,Thu,15.56568,2.172
19,Thu,15.57719,4.235
19,Thu,15.58380,1.306
19,Thu,15.59894,3.811
19,Thu,15.60353,5.116
19,Thu,15.60929,2.336
19,Thu,15.61194,4.743
19,Thu,15.61682,9.028
19,Thu,15.61781,0.774
19,Thu,15.66267,5.799
19,Thu,15.69766,0.666
19,Thu,15.69822,2.071
19,Thu,15.71323,1.952
19,Thu,15.71942,6.554
19,Thu,15.74659,14.320
19,Thu,15.74760,1.006
19,Thu,15.79360,13.054
19,Thu,15.79995,2.014
19,Thu,15.82011,2.123
19,Thu,15.82575,13.731
19,Thu,15.88037,4.963
19,Thu,15.88810,6.870
19,Thu,15.89782,2.135
19,Thu,15.90028,1.431
19,Thu,15.92532,10.544
19,Thu,15.95173,3.857
19,Thu,15.97067,1.387
19,Thu,15.98327,4.146
19,Thu,16.00915,2.117
19,Thu,16.03656,3.835
19,Thu,16.06182,2.917
19,Thu,16.07402,9.875
19,Thu,16.08992,2.126
19,Thu,16.10178,1.395
19,Thu,16.10380,20.876
19,Thu,16.10435,1.089
19,Thu,16.10605,2.793
19,Thu,16.11661,6.181
19,Thu,16.12089,1.453
19,Thu,16.12677,0.374
19,Thu,16.14268,3.884
19,Thu,16.18141,5.170
19,Thu,16.19252,5.694
19,Thu,16.22191,2.346
19,Thu,16.22443,1.753
19,Thu,16.23992,2.055
19,Thu,16.24217,6.352
19,Thu,16.24965,1.724
19,Thu,16.25265,0.869
19,Thu,16.26356,4.401
19,Thu,16.27059,2.838
19,Thu,16.32290,1.986
19,Thu,16.33095,2.032
19,Thu,16.34509,1.109
19,Thu,16.35350,3.814
19,Thu,16.36882,3.141
19,Thu,16.37760,6.864
19,Thu,16.39978,4.189
19,Thu,16.41011,1.304
19,Thu,16.41333,3.740
19,Thu,16.42919,1.800
19,Thu,16.45835,6.428
19,Thu,16.47957,3.163
19,Thu,16.48822,2.998
19,Thu,16.49226,2.389
19,Thu,16.49775,2.807
19,Thu,16.50878,3.181
19,Thu,16.52255,3.291
19,Thu,16.54772,0.684
19,Thu,16.55469,3.156
19,Thu,16.55850,3.952
19,Thu,16.58700,6.306
19,Thu,16.59494,1.016
19,Thu,16.60358,1.830
19,Thu,16.61875,6.349
19,Thu,16.62586,4.453
19,Thu,16.65867,5.402
19,Thu,16.67126,2.379
19,Thu,16.67686,1.667
19,Thu,16.68452,3.320
19,Thu,16.69008,1.946
19,Thu,16.69155,5.162
19,Thu,16.71381,4.084
19,Thu,16.72599,7.091
19,Thu,16.74164,2.428
19,Thu,16.75484,10.339
19,Thu,16.77441,2.898
19,Thu,16.80618,1.338
19,Thu,16.81031,5.727
19,Thu,16.87528,4.694
19,Thu,16.88474,2.725
19,Thu,16.91925,6.217
19,Thu,16.93798,1.357
19,Thu,16.94440,1.968
19,Thu,16.95171,9.406
19,Thu,16.96277,2.178
19,Thu,16.97173,1.873
19,Thu,16.97330,3.227
19,Thu,16.97742,5.964
19,Thu,17.03420,5.663
19,Thu,17.05755,2.350
19,Thu,17.06211,4.884
19,Thu,17.07434,10.507
19,Thu,17.08653,6.570
19,Thu,17.11228,3.493
19,Thu,17.11932,3.015
19,Thu,17.12007,5.287
19,Thu,17.12118,3.088
19,Thu,17.12129,0.796
19,Thu,17.12309,0.788
19,Thu,17.12751,2.555
19,Thu,17.14029,2.408
19,Thu,17.14498,2.607
19,Thu,17.14680,6.365
19,Thu,17.15573,3.242
19,Thu,17.20868,12.389
19,Thu,17.21308,11.320
19,Thu,17.22830,2.824
19,Thu,17.24779,2.671
19,Thu,17.26174,1.777
19,Thu,17.26918,5.797
19,Thu,17.27251,2.855
19,Thu,17.27515,2.057
19,Thu,17.27571,4.297
19,Thu,17.32241,1.885
19,Thu,17.32618,5.767
19,Thu,17.36536,2.895
19,Thu,17.37046,2.559
19,Thu,17.41359,3.488
19,Thu,17.43590,5.596
19,Thu,17.44017,2.189
19,Thu,17.46785,6.108
19,Thu,17.51060,0.991
19,Thu,17.55765,1.010
19,Thu,17.56128,4.500
19,Thu,17.58138,3.182
19,Thu,17.60472,3.447
19,Thu,17.65380,3.678
19,Thu,17.67121,6.898
19,Thu,17.67966,1.054
19,Thu,17.69183,6.984
19,Thu,17.71146,6.038
19,Thu,17.72644,3.145
19,Thu,17.73473,2.994
19,Thu,17.75323,2.027
19,Thu,17.75336,1.790
19,Thu,17.76343,3.878
19,Thu,17.80481,4.149
19,Thu,17.84664,3.431
19,Thu,17.89730,5.864
19,Thu,17.91963,5.184
19,Thu,17.92354,1.575
19,Thu,17.96033,1.608
19,Thu,17.96388,9.903
19,Thu,17.99798,3.401
19,Thu,18.01323,4.353
19,Thu,18.05570,2.432
19,Thu,18.12986,3.898
19,Thu,18.16177,1.757
19,Thu,18.16241,19.164
19,Thu,18.16928,3.427
19,Thu,18.19094,7.979
19,Thu,18.20779,2.437
19,Thu,18.22200,1.841
19,Thu,18.24082,1.568
19,Thu,18.25019,4.456
19,Thu,18.25280,5.867
19,Thu,18.25479,1.179
19,Thu,18.36011,1.985
19,Thu,18.37010,0.880
19,Thu,18.45813,2.420
19,Thu,18.51653,0.704
19,Thu,18.51907,1.153
19,Thu,18.52782,4.981
19,Thu,18.53967,3.903
19,Thu,18.57601,3.280
19,Thu,18.59639,6.990
19,Thu,18.59822,0.797
19,Thu,18.60296,8.356
19,Thu,18.61200,0.811
19,Thu,18.63926,1.826
19,Thu,18.65090,2.520
19,Thu,18.65172,3.979
19,Thu,18.65668,1.845
19,Thu,18.71535,7.045
19,Thu,18.71552,1.982
19,Thu,18.74794,2.366
19,Thu,18.77359,1.859
19,Thu,18.81358,2.342
19,Thu,18.82552,10.746
19,Thu,18.83720,2.806
19,Thu,18.84177,5.713
19,Thu,18.84355,8.230
19,Thu,18.84706,0.971
19,Thu,18.91695,3.569
19,Thu,18.93142,1.369
19,Thu,18.95509,8.349
19,Thu,18.96861,1.108
19,Thu,18.98796,2.667
19,Thu,19.01535,7.467
19,Thu,19.02304,3.112
19,Thu,19.03897,1.820
19,Thu,19.04674,0.867
19,Thu,19.07437,4.334
19,Thu,19.07952,4.460
19,Thu,19.09264,1.272
19,Thu,19.09613,1.956
19,Thu,19.15286,2.133
19,Thu,19.18023,8.635
19,Thu,19.18819,6.187
19,Thu,19.21472,3.613
19,Thu,19.21867,3.670
19,Thu,19.22811,2.568
19,Thu,19.25736,2.364
19,Thu,19.31251,2.449
19,Thu,19.35368,7.652
19,Thu,19.36015,2.723
19,Thu,19.36153,2.934
19,Thu,19.46569,2.971
19,Thu,19.48885,2.745
19,Thu,19.52359,2.254
19,Thu,19.58085,0.882
19,Thu,19.61362,2.695
19,Thu,19.61588,0.960
19,Thu,19.66096,1.581
19,Thu,19.66995,2.768
19,Thu,19.69685,7.911
19,Thu,19.72460,2.782
19,Thu,19.73904,3.428
19,Thu,19.74583,1.456
19,Thu,19.77337,2.781
19,Thu,19.78359,1.904
19,Thu,19.78414,9.170
19,Thu,19.79373,6.675
19,Thu,19.79483,3.039
19,Thu,19.80030,1.244
19,Thu,19.82838,3.068
19,Thu,19.86923,2.718
19,Thu,19.87935,2.145
19,Thu,19.88226,2.039
19,Thu,19.90754,11.400
19,Thu,19.95487,2.539
19,Thu,19.98347,2.728
20,Fri,8.04050,2.569
20,Fri,8.05695,1.968
20,Fri,8.06417,5.131
20,Fri,8.06443,2.825
20,Fri,8.09705,3.884
20,Fri,8.10927,4.423
20,Fri,8.13235,10.218
20,Fri,8.13631,1.671
20,Fri,8.16001,2.903
20,Fri,8.16195,7.421
20,Fri,8.16738,2.199
20,Fri,8.16868,5.587
20,Fri,8.17097,2.193
20,Fri,8.18151,17.321
20,Fri,8.18770,8.745
20,Fri,8.19353,2.066
20,Fri,8.20777,1.387
20,Fri,8.21884,8.347
20,Fri,8.26008,8.853
20,Fri,8.26288,3.850
20,Fri,8.26677,1.924
20,Fri,8.29903,5.350
20,Fri,8.29930,6.778
20,Fri,8.30034,0.851
20,Fri,8.30365,4.335
20,Fri,8.35849,4.237
20,Fri,8.36025,3.395
20,Fri,8.36627,5.397
20,Fri,8.38344,2.083
20,Fri,8.39936,5.300
20,Fri,8.42036,2.382
20,Fri,8.46890,3.586
20,Fri,8.47554,7.915
20,Fri,8.47751,2.734
20,Fri,8.48144,1.759
20,Fri,8.48353,2.584
20,Fri,8.53496,5.627
20,Fri,8.54466,11.196
20,Fri,8.60345,2.317
20,Fri,8.60782,2.795
20,Fri,8.62061,1.550
20,Fri,8.64728,4.238
20,Fri,8.65767,6.171
20,Fri,8.66005,6.428
20,Fri,8.67258,2.144
20,Fri,8.69020,1.180
20,Fri,8.72591,3.890
20,Fri,8.73768,2.989
20,Fri,8.74631,4.918
20,Fri,8.77880,2.370
20,Fri,8.78614,2.822
20,Fri,8.78720,3.239
20,Fri,8.79024,1.334
20,Fri,8.79770,3.329
20,Fri,8.80269,3.836
20,Fri,8.82072,1.687
20,Fri,8.82099,6.435
20,Fri,8.84297,4.918
20,Fri,8.85855,5.885
20,Fri,8.86714,1.950
20,Fri,8.86902,1.345
20,Fri,8.87620,3.943
20,Fri,8.87780,2.931
20,Fri,8.88156,4.775
20,Fri,8.88171,1.721
20,Fri,8.88721,4.134
20,Fri,8.88725,2.647
20,Fri,8.91115,3.128
20,Fri,8.91949,2.953
20,Fri,8.92334,4.457
20,Fri,8.95314,2.246
20,Fri,8.95986,4.903
20,Fri,8.99141,2.486
20,Fri,8.99269,6.723
20,Fri,8.99488,2.931
20,Fri,9.00782,3.515
20,Fri,9.02337,1.068
20,Fri,9.03293,2.287
20,Fri,9.03488,9.872
20,Fri,9.03972,7.190
20,Fri,9.07361,2.556
20,Fri,9.07434,16.283
20,Fri,9.09042,4.288
20,Fri,9.09526,7.815
20,Fri,9.09541,4.124
20,Fri,9.09627,1.906
20,Fri,9.09664,2.697
20,Fri,9.09846,5.809
20,Fri,9.10430,0.873
20,Fri,9.11345,4.460
20,Fri,9.11347,0.584
20,Fri,9.11813,3.631
20,Fri,9.12518,6.136
20,Fri,9.12878,2.559
20,Fri,9.13553,1.273
20,Fri,9.15870,5.354
20,Fri,9.16928,5.619
20,Fri,9.18716,6.243
20,Fri,9.19702,5.325
20,Fri,9.19784,2.257
20,Fri,9.20968,5.496
20,Fri,9.21927,4.854
20,Fri,9.25029,7.291
20,Fri,9.25437,3.993
20,Fri,9.25570,8.653
20,Fri,9.27726,3.949
20,Fri,9.30621,8.290
20,Fri,9.32146,3.473
20,Fri,9.34892,16.077
20,Fri,9.34920,1.138
20,Fri,9.34978,4.313
20,Fri,9.35390,4.430
20,Fri,9.37770,3.083
20,Fri,9.39050,1.472
20,Fri,9.40890,1.633
20,Fri,9.41045,1.889
20,Fri,9.42148,5.183
20,Fri,9.42459,5.156
20,Fri,9.44352,4.053
20,Fri,9.45424,9.177
20,Fri,9.46695,0.675
20,Fri,9.46784,20.728
20,Fri,9.46899,2.674
20,Fri,9.47161,3.813
20,Fri,9.47498,3.190
20,Fri,9.48532,1.320
20,Fri,9.48620,1.844
20,Fri,9.49165,1.491
20,Fri,9.50523,9.914
20,Fri,9.50744,8.841
20,Fri,9.52385,3.512
20,Fri,9.52541,11.916
20,Fri,9.54921,2.575
20,Fri,9.54960,4.934
20,Fri,9.57584,3.701
20,Fri,9.58286,2.517
20,Fri,9.58999,5.105
20,Fri,9.59496,0.743
20,Fri,9.61332,4.237
20,Fri,9.61565,7.395
20,Fri,9.61825,1.612
20,Fri,9.61834,0.642
20,Fri,9.63278,3.209
20,Fri,9.64835,1.388
20,Fri,9.64910,0.920
20,Fri,9.65111,4.220
20,Fri,9.65512,3.762
20,Fri,9.65541,13.953
20,Fri,9.66245,7.361
20,Fri,9.66786,1.473
20,Fri,9.67154,2.829
20,Fri,9.67240,3.619
20,Fri,9.68051,5.921
20,Fri,9.68731,5.114
20,Fri,9.70160,2.427
20,Fri,9.72733,3.727
20,Fri,9.73640,3.662
20,Fri,9.73901,1.581
20,Fri,9.73916,3.781
20,Fri,9.74720,1.913
20,Fri,9.75534,3.392
20,Fri,9.75552,1.916
20,Fri,9.75722,5.611
20,Fri,9.76406,11.848
20,Fri,9.77372,2.246
20,Fri,9.78667,1.893
20,Fri,9.78846,6.197
20,Fri,9.79157,1.621
20,Fri,9.79509,3.744
20,Fri,9.80654,1.932
20,Fri,9.81693,3.934
20,Fri,9.81821,3.360
20,Fri,9.82196,6.112
20,Fri,9.82216,8.396
20,Fri,9.82329,1.697
20,Fri,9.82585,11.952
20,Fri,9.82759,3.803
20,Fri,9.82768,0.600
20,Fri,9.83478,3.861
20,Fri,9.84695,6.638
20,Fri,9.85402,9.959
20,Fri,9.85707,7.725
20,Fri,9.86149,1.176
20,Fri,9.86338,2.484
20,Fri,9.86886,1.981
20,Fri,9.87007,2.494
20,Fri,9.87870,3.540
20,Fri,9.88758,2.899
20,Fri,9.92115,1.348
20,Fri,9.92554,0.926
20,Fri,9.94387,3.769
20,Fri,9.94490,7.144
20,Fri,9.94747,6.686
20,Fri,9.94974,2.708
20,Fri,9.96188,2.579
20,Fri,9.96560,1.329
20,Fri,9.96999,2.678
20,Fri,9.97315,2.055
20,Fri,9.97548,9.580
20,Fri,9.99435,3.655
20,Fri,9.99765,1.692
20,Fri,9.99899,4.237
20,Fri,10.00400,2.304
20,Fri,10.00529,2.299
20,Fri,10.00647,2.210
20,Fri,10.00721,6.704
20,Fri,10.01142,1.548
20,Fri,10.01591,4.927
20,Fri,10.01602,1.929
20,Fri,10.01741,1.534
20,Fri,10.02152,2.628
20,Fri,10.02619,8.912
20,Fri,10.02925,1.173
20,Fri,10.07438,1.332
20,Fri,10.07567,1.508
20,Fri,10.08858,3.075
20,Fri,10.11361,16.449
20,Fri,10.12058,1.758
20,Fri,10.12715,2.434
20,Fri,10.12847,1.982
20,Fri,10.14637,3.001
20,Fri,10.16016,12.660
20,Fri,10.17984,7.992
20,Fri,10.18933,3.019
20,Fri,10.19167,3.342
20,Fri,10.20348,2.679
20,Fri,10.21010,1.345
20,Fri,10.21136,5.464
20,Fri,10.22948,3.926
20,Fri,10.26505,17.512
20,Fri,10.26767,1.927
20,Fri,10.26924,3.341
20,Fri,10.27315,2.272
20,Fri,10.27792,0.993
20,Fri,10.27990,1.812
20,Fri,10.28080,3.875
20,Fri,10.28724,5.403
20,Fri,10.30067,3.478
20,Fri,10.31400,1.465
20,Fri,10.33523,4.033
20,Fri,10.33945,3.982
20,Fri,10.34105,4.442
20,Fri,10.34646,4.350
20,Fri,10.35530,2.375
20,Fri,10.35825,1.827
20,Fri,10.36069,3.123
20,Fri,10.37204,7.944
20,Fri,10.38233,2.091
20,Fri,10.38587,1.283
20,Fri,10.39140,1.160
20,Fri,10.40152,8.895
20,Fri,10.40361,8.141
20,Fri,10.42105,4.567
20,Fri,10.42859,5.977
20,Fri,10.43047,2.020
20,Fri,10.43323,5.109
20,Fri,10.44220,3.415
20,Fri,10.44296,3.457
20,Fri,10.44507,1.814
20,Fri,10.44587,1.960
20,Fri,10.45015,2.443
20,Fri,10.46028,1.944
20,Fri,10.46801,4.746
20,Fri,10.47619,4.035
20,Fri,10.48090,3.688
20,Fri,10.48794,1.361
20,Fri,10.49297,1.242
20,Fri,10.49428,2.574
20,Fri,10.49540,1.916
20,Fri,10.49615,3.045
20,Fri,10.49647,2.314
20,Fri,10.49888,4.540
20,Fri,10.51133,2.404
20,Fri,10.52050,2.234
20,Fri,10.52213,3.122
20,Fri,10.52517,3.316
20,Fri,10.52942,2.778
20,Fri,10.53140,1.301
20,Fri,10.55239,0.490
20,Fri,10.55421,1.461
20,Fri,10.56228,1.367
20,Fri,10.57296,5.990
20,Fri,10.58852,9.587
20,Fri,10.58908,5.757
20,Fri,10.59233,11.214
20,Fri,10.59671,5.279
20,Fri,10.59854,1.180
20,Fri,10.60086,5.413
20,Fri,10.61604,2.876
20,Fri,10.62358,2.583
20,Fri,10.62823,2.087
20,Fri,10.63288,2.463
20,Fri,10.64413,4.852
20,Fri,10.65302,2.897
20,Fri,10.65550,3.540
20,Fri,10.66190,2.601
20,Fri,10.66644,2.091
20,Fri,10.66746,2.805
20,Fri,10.66855,6.521
20,Fri,10.68860,2.730
20,Fri,10.68868,1.021
20,Fri,10.68928,2.489
20,Fri,10.69270,4.279
20,Fri,10.69926,3.838
20,Fri,10.71851,3.897
20,Fri,10.71988,6.515
20,Fri,10.72125,7.590
20,Fri,10.72820,0.967
20,Fri,10.73372,1.294
20,Fri,10.73540,1.409
20,Fri,10.74007,3.112
20,Fri,10.74160,4.057
20,Fri,10.74573,2.171
20,Fri,10.74711,4.137
20,Fri,10.74799,5.392
20,Fri,10.75740,7.380
20,Fri,10.75887,4.856
20,Fri,10.77373,3.100
20,Fri,10.77411,10.892
20,Fri,10.77991,1.865
20,Fri,10.78033,1.029
20,Fri,10.78381,2.198
20,Fri,10.78576,3.438
20,Fri,10.80026,9.610
20,Fri,10.80102,3.075
20,Fri,10.80982,3.451
20,Fri,10.81913,1.620
20,Fri,10.82583,4.305
20,Fri,10.83127,6.385
20,Fri,10.83659,8.947
20,Fri,10.84261,1.633
20,Fri,10.84400,10.529
20,Fri,10.87480,9.164
20,Fri,10.88222,2.832
20,Fri,10.89352,2.999
20,Fri,10.89698,15.012
20,Fri,10.91539,8.552
20,Fri,10.91679,1.871
20,Fri,10.91907,2.301
20,Fri,10.92629,5.896
20,Fri,10.93229,4.588
20,Fri,10.93701,3.648
20,Fri,10.94085,2.667
20,Fri,10.94798,3.781
20,Fri,10.95697,3.116
20,Fri,10.95960,3.310
20,Fri,10.96479,2.961
20,Fri,10.96876,3.192
20,Fri,10.96904,5.760
20,Fri,10.97954,6.161
20,Fri,10.99908,3.207
20,Fri,10.99910,3.093
20,Fri,11.00114,10.897
20,Fri,11.00601,7.453
20,Fri,11.01153,4.233
20,Fri,11.01882,4.795
20,Fri,11.02382,3.888
20,Fri,11.02981,2.779
20,Fri,11.02997,5.869
20,Fri,11.03215,2.632
20,Fri,11.03486,6.813
20,Fri,11.04141,3.860
20,Fri,11.05920,3.521
20,Fri,11.06467,1.801
20,Fri,11.07339,3.514
20,Fri,11.07563,0.693
20,Fri,11.07603,7.946
20,Fri,11.09443,5.286
20,Fri,11.10100,2.870
20,Fri,11.10356,1.318
20,Fri,11.10397,2.639
20,Fri,11.11648,1.101
20,Fri,11.11660,3.589
20,Fri,11.12298,0.238
20,Fri,11.12631,1.771
20,Fri,11.12822,3.500
20,Fri,11.13010,1.555
20,Fri,11.13391,1.495
20,Fri,11.14190,1.708
20,Fri,11.14227,3.952
20,Fri,11.15431,1.160
20,Fri,11.15915,3.876
20,Fri,11.16838,3.011
20,Fri,11.16843,1.332
20,Fri,11.17491,2.087
20,Fri,11.17571,2.237
20,Fri,11.18273,0.000
20,Fri,11.18613,3.290
20,Fri,11.19152,1.033
20,Fri,11.19246,2.625
20,Fri,11.19599,2.936
20,Fri,11.19831,6.965
20,Fri,11.22736,6.630
20,Fri,11.24997,9.778
20,Fri,11.25435,1.690
20,Fri,11.25548,4.966
20,Fri,11.27696,2.850
20,Fri,11.27784,5.308
20,Fri,11.28553,5.314
20,Fri,11.29178,3.984
20,Fri,11.30467,4.586
20,Fri,11.31388,5.866
20,Fri,11.32227,10.946
20,Fri,11.34987,3.454
20,Fri,11.35019,1.924
20,Fri,11.35247,2.013
20,Fri,11.35834,1.010
20,Fri,11.36874,3.976
20,Fri,11.37540,6.776
20,Fri,11.39294,2.671
20,Fri,11.39376,7.606
20,Fri,11.39399,6.071
20,Fri,11.39791,3.079
20,Fri,11.39791,3.470
20,Fri,11.39977,4.193
20,Fri,11.40850,3.023
20,Fri,11.40985,2.242
20,Fri,11.41287,2.820
20,Fri,11.43746,11.817
20,Fri,11.43888,2.910
20,Fri,11.43994,2.798
20,Fri,11.46137,1.584
20,Fri,11.46183,3.379
20,Fri,11.46453,8.207
20,Fri,11.46886,3.817
20,Fri,11.47314,0.546
20,Fri,11.48167,1.595
20,Fri,11.48649,5.449
20,Fri,11.50720,3.040
20,Fri,11.50873,7.461
20,Fri,11.52296,2.390
20,Fri,11.52328,3.492
20,Fri,11.53574,1.792
20,Fri,11.53623,2.012
20,Fri,11.53842,3.691
20,Fri,11.54125,3.204
20,Fri,11.54666,3.273
20,Fri,11.54861,1.713
20,Fri,11.57242,4.128
20,Fri,11.57743,5.674
20,Fri,11.58853,2.233
20,Fri,11.59148,0.761
20,Fri,11.60360,8.578
20,Fri,11.61177,10.632
20,Fri,11.62548,7.869
20,Fri,11.64596,8.924
20,Fri,11.64708,2.509
20,Fri,11.66439,2.155
20,Fri,11.66674,1.281
20,Fri,11.66715,3.945
20,Fri,11.67027,2.044
20,Fri,11.67256,18.142
20,Fri,11.67849,1.363
20,Fri,11.68251,5.665
20,Fri,11.68478,8.151
20,Fri,11.68886,0.000
20,Fri,11.69050,1.043
20,Fri,11.69211,1.721
20,Fri,11.73049,2.521
20,Fri,11.73344,2.482
20,Fri,11.74017,1.214
20,Fri,11.74084,1.065
20,Fri,11.74416,2.249
20,Fri,11.75692,4.845
20,Fri,11.76630,3.519
20,Fri,11.77718,8.605
20,Fri,11.79093,6.318
20,Fri,11.79479,3.979
20,Fri,11.81247,2.356
20,Fri,11.82562,3.550
20,Fri,11.83821,3.667
20,Fri,11.84856,5.820
20,Fri,11.86140,6.653
20,Fri,11.87158,2.569
20,Fri,11.87400,1.450
20,Fri,11.87923,3.216
20,Fri,11.87988,3.532
20,Fri,11.89634,4.719
20,Fri,11.89848,5.223
20,Fri,11.89977,2.685
20,Fri,11.90805,2.937
20,Fri,11.90856,3.111
20,Fri,11.91751,1.291
20,Fri,11.91913,11.016
20,Fri,11.95137,7.162
20,Fri,11.95241,3.526
20,Fri,11.98308,5.579
20,Fri,11.98365,0.655
20,Fri,12.00694,8.675
20,Fri,12.01482,4.092
20,Fri,12.01979,2.980
20,Fri,12.02520,1.169
20,Fri,12.04950,4.002
20,Fri,12.05586,1.683
20,Fri,12.07707,5.320
20,Fri,12.08180,2.130
20,Fri,12.10878,0.972
20,Fri,12.11132,1.898
20,Fri,12.12080,5.559
20,Fri,12.12089,6.139
20,Fri,12.12113,1.917
20,Fri,12.12396,4.697
20,Fri,12.13713,5.815
20,Fri,12.14181,0.684
20,Fri,12.16001,7.391
20,Fri,12.17377,5.600
20,Fri,12.18163,1.522
20,Fri,12.18639,4.918
20,Fri,12.20199,4.900
20,Fri,12.20754,3.794
20,Fri,12.21537,6.017
20,Fri,12.22824,2.330
20,Fri,12.24143,1.381
20,Fri,12.25765,3.968
20,Fri,12.27273,3.743
20,Fri,12.27659,4.591
20,Fri,12.28042,2.610
20,Fri,12.28644,2.449
20,Fri,12.29416,1.453
20,Fri,12.30563,3.456
20,Fri,12.31038,4.856
20,Fri,12.31195,2.967
20,Fri,12.31250,2.307
20,Fri,12.33703,4.017
20,Fri,12.33979,7.130
20,Fri,12.34037,4.532
20,Fri,12.35016,5.477
20,Fri,12.35382,2.876
20,Fri,12.37146,3.643
20,Fri,12.39173,1.709
20,Fri,12.39410,1.984
20,Fri,12.39646,2.451
20,Fri,12.39741,2.683
20,Fri,12.42961,2.086
20,Fri,12.43531,5.260
20,Fri,12.44361,10.900
20,Fri,12.44409,10.352
20,Fri,12.44851,6.652
20,Fri,12.46519,1.070
20,Fri,12.50366,9.629
20,Fri,12.51182,6.071
20,Fri,12.54635,14.303
20,Fri,12.54691,3.010
20,Fri,12.58581,0.609
20,Fri,12.60796,1.298
20,Fri,12.63275,1.614
20,Fri,12.63732,12.817
20,Fri,12.64562,5.369
20,Fri,12.67169,2.653
20,Fri,12.68532,3.395
20,Fri,12.68554,10.599
20,Fri,12.68859,3.002
20,Fri,12.68976,2.055
20,Fri,12.71455,5.606
20,Fri,12.74242,2.973
20,Fri,12.74403,2.825
20,Fri,12.74884,3.056
20,Fri,12.75119,5.009
20,Fri,12.77707,7.175
20,Fri,12.77976,1.980
20,Fri,12.81148,0.913
20,Fri,12.81734,2.633
20,Fri,12.81993,13.503
20,Fri,12.82617,1.989
20,Fri,12.82823,7.570
20,Fri,12.85525,4.963
20,Fri,12.88297,2.774
20,Fri,12.88904,2.602
20,Fri,12.88933,3.600
20,Fri,12.89057,2.452
20,Fri,12.90823,3.584
20,Fri,12.91298,5.712
20,Fri,12.92596,5.365
20,Fri,12.94018,3.929
20,Fri,12.96908,2.609
20,Fri,12.98231,3.479
20,Fri,12.98425,2.983
20,Fri,13.00764,0.981
20,Fri,13.03234,5.153
20,Fri,13.03374,0.813
20,Fri,13.03837,1.360
20,Fri,13.04207,2.934
20,Fri,13.05135,2.396
20,Fri,13.05413,1.022
20,Fri,13.05823,1.741
20,Fri,13.06413,22.363
20,Fri,13.07481,2.670
20,Fri,13.07679,7.856
20,Fri,13.08545,5.247
20,Fri,13.08584,3.670
20,Fri,13.09847,3.915
20,Fri,13.10179,4.080
20,Fri,13.10274,1.866
20,Fri,13.10808,5.361
20,Fri,13.13581,2.169
20,Fri,13.14696,1.934
20,Fri,13.15305,0.983
20,Fri,13.15528,3.045
20,Fri,13.15725,0.808
20,Fri,13.17021,6.427
20,Fri,13.17740,1.726
20,Fri,13.18282,2.735
20,Fri,13.20143,2.964
20,Fri,13.20276,2.977
20,Fri,13.21113,5.478
20,Fri,13.21524,12.235
20,Fri,13.23174,4.181
20,Fri,13.24161,2.218
20,Fri,13.25284,1.926
20,Fri,13.28708,9.546
20,Fri,13.28906,1.191
20,Fri,13.29185,14.620
20,Fri,13.30359,2.789
20,Fri,13.30728,9.881
20,Fri,13.32017,4.103
20,Fri,13.32501,2.033
20,Fri,13.32914,4.681
20,Fri,13.33336,1.347
20,Fri,13.35855,2.851
20,Fri,13.36297,1.885
20,Fri,13.37248,0.762
20,Fri,13.37424,6.151
20,Fri,13.39138,1.890
20,Fri,13.45798,1.517
20,Fri,13.46097,9.589
20,Fri,13.46112,1.675
20,Fri,13.46113,3.382
20,Fri,13.46928,3.110
20,Fri,13.47988,5.797
20,Fri,13.48964,0.759
20,Fri,13.49119,9.539
20,Fri,13.50404,16.359
20,Fri,13.50444,4.237
20,Fri,13.51259,4.618
20,Fri,13.51324,3.910
20,Fri,13.51685,6.105
20,Fri,13.51978,3.908
20,Fri,13.53420,12.718
20,Fri,13.54676,1.421
20,Fri,13.54787,1.118
20,Fri,13.55186,4.688
20,Fri,13.55740,2.966
20,Fri,13.55825,0.850
20,Fri,13.56186,2.766
20,Fri,13.56663,3.163
20,Fri,13.58569,4.331
20,Fri,13.59238,5.547
20,Fri,13.61592,3.395
20,Fri,13.61758,1.407
20,Fri,13.62221,6.698
20,Fri,13.63229,6.435
20,Fri,13.63260,3.402
20,Fri,13.64757,1.367
20,Fri,13.64842,0.671
20,Fri,13.65594,0.921
20,Fri,13.65939,3.143
20,Fri,13.66073,5.969
20,Fri,13.68712,0.849
20,Fri,13.68888,1.907
20,Fri,13.71130,4.038
20,Fri,13.74037,1.726
20,Fri,13.76492,3.031
20,Fri,13.77558,9.946
20,Fri,13.77702,1.847
20,Fri,13.77814,9.123
20,Fri,13.78146,13.531
20,Fri,13.79664,4.247
20,Fri,13.80399,1.450
20,Fri,13.81642,7.017
20,Fri,13.84451,6.457
20,Fri,13.84833,3.240
20,Fri,13.85264,3.463
20,Fri,13.85983,4.325
20,Fri,13.86610,1.352
20,Fri,13.86719,1.415
20,Fri,13.88215,17.375
20,Fri,13.88759,5.323
20,Fri,13.89350,2.761
20,Fri,13.90399,7.617
20,Fri,13.91343,1.477
20,Fri,13.91704,3.845
20,Fri,13.92963,3.507
20,Fri,13.93071,3.170
20,Fri,13.94793,2.946
20,Fri,13.96495,2.776
20,Fri,13.96888,1.672
20,Fri,13.97315,11.228
20,Fri,13.97872,5.112
20,Fri,14.00281,2.644
20,Fri,14.01071,5.021
20,Fri,14.02268,6.088
20,Fri,14.06082,2.103
20,Fri,14.06228,1.951
20,Fri,14.06756,3.469
20,Fri,14.08823,5.957
20,Fri,14.09303,6.476
20,Fri,14.09876,7.330
20,Fri,14.10095,1.689
20,Fri,14.10175,3.755
20,Fri,14.12287,2.044
20,Fri,14.12790,7.341
20,Fri,14.13515,5.613
20,Fri,14.17111,2.024
20,Fri,14.17328,2.177
20,Fri,14.17505,1.831
20,Fri,14.17672,2.470
20,Fri,14.18070,8.933
20,Fri,14.18417,4.687
20,Fri,14.18886,1.994
20,Fri,14.19920,3.061
20,Fri,14.24168,2.877
20,Fri,14.24665,2.997
20,Fri,14.25390,4.760
20,Fri,14.26865,12.107
20,Fri,14.28240,1.071
20,Fri,14.30873,1.431
20,Fri,14.31531,1.592
20,Fri,14.34475,2.840
20,Fri,14.34481,1.310
20,Fri,14.35407,3.573
20,Fri,14.37416,3.899
20,Fri,14.37485,3.165
20,Fri,14.38093,1.048
20,Fri,14.38401,4.757
20,Fri,14.39533,2.444
20,Fri,14.40849,2.554
20,Fri,14.42223,3.118
20,Fri,14.43319,6.677
20,Fri,14.44527,6.874
20,Fri,14.45757,5.231
20,Fri,14.46759,7.055
20,Fri,14.49409,3.387
20,Fri,14.50546,3.479
20,Fri,14.51014,2.115
20,Fri,14.51179,2.643
20,Fri,14.51965,2.478
20,Fri,14.54624,6.375
20,Fri,14.56199,1.654
20,Fri,14.57600,8.061
20,Fri,14.59247,6.609
20,Fri,14.61949,2.676
20,Fri,14.62317,8.934
20,Fri,14.64255,1.370
20,Fri,14.66065,0.656
20,Fri,14.68538,8.170
20,Fri,14.68837,3.394
20,Fri,14.71380,4.291
20,Fri,14.72561,4.677
20,Fri,14.73153,4.939
20,Fri,14.74515,1.393
20,Fri,14.75477,9.493
20,Fri,14.75581,8.521
20,Fri,14.76017,2.663
20,Fri,14.78129,2.584
20,Fri,14.80120,3.249
20,Fri,14.81647,1.308
20,Fri,14.82909,10.693
20,Fri,14.85515,3.843
20,Fri,14.86177,1.658
20,Fri,14.86441,4.593
20,Fri,14.87008,6.252
20,Fri,14.87470,4.941
20,Fri,14.89805,0.844
20,Fri,14.92140,2.679
20,Fri,14.92344,7.005
20,Fri,14.93530,0.653
20,Fri,14.95724,4.253
20,Fri,14.96509,1.479
20,Fri,14.96622,5.007
20,Fri,14.97119,5.197
20,Fri,14.99498,34.973
20,Fri,14.99906,4.743
20,Fri,15.00229,1.749
20,Fri,15.00549,1.246
20,Fri,15.00698,2.496
20,Fri,15.02148,5.295
20,Fri,15.02850,5.538
20,Fri,15.03063,3.349
20,Fri,15.03267,1.914
20,Fri,15.03295,3.233
20,Fri,15.03591,8.330
20,Fri,15.03762,3.371
20,Fri,15.04398,3.281
20,Fri,15.05201,1.668
20,Fri,15.05305,1.005
20,Fri,15.05606,1.643
20,Fri,15.05718,1.865
20,Fri,15.06129,2.097
20,Fri,15.08502,2.130
20,Fri,15.10832,1.347
20,Fri,15.11485,3.874
20,Fri,15.11590,14.213
20,Fri,15.11849,6.819
20,Fri,15.14546,1.113
20,Fri,15.14682,0.803
20,Fri,15.14996,7.511
20,Fri,15.15038,13.902
20,Fri,15.15919,0.640
20,Fri,15.17706,1.984
20,Fri,15.17872,2.083
20,Fri,15.18906,1.865
20,Fri,15.18992,2.238
20,Fri,15.20498,2.451
20,Fri,15.21558,2.035
20,Fri,15.21710,6.658
20,Fri,15.21771,1.716
20,Fri,15.22213,1.053
20,Fri,15.23719,8.290
20,Fri,15.23780,2.522
20,Fri,15.24080,1.293
20,Fri,15.24135,1.265
20,Fri,15.24416,4.137
20,Fri,15.27390,2.290
20,Fri,15.28092,2.963
20,Fri,15.29776,2.054
20,Fri,15.32682,2.649
20,Fri,15.34711,8.310
20,Fri,15.34848,6.454
20,Fri,15.35216,2.353
20,Fri,15.40065,2.269
20,Fri,15.40659,4.032
20,Fri,15.41067,8.548
20,Fri,15.41329,5.621
20,Fri,15.42467,1.446
20,Fri,15.43718,1.397
20,Fri,15.45223,1.311
20,Fri,15.47159,4.109
20,Fri,15.47886,1.706
20,Fri,15.48443,2.234
20,Fri,15.49242,6.301
20,Fri,15.49264,1.588
20,Fri,15.53112,3.093
20,Fri,15.53187,7.093
20,Fri,15.54020,1.541
20,Fri,15.54113,3.056
20,Fri,15.54825,4.051
20,Fri,15.55129,1.347
20,Fri,15.57567,2.844
20,Fri,15.59704,2.659
20,Fri,15.59845,1.694
20,Fri,15.60492,3.471
20,Fri,15.61899,2.922
20,Fri,15.63424,3.526
20,Fri,15.63536,4.491
20,Fri,15.65181,0.000
20,Fri,15.65311,7.854
20,Fri,15.65684,3.308
20,Fri,15.65834,2.617
20,Fri,15.67090,3.757
20,Fri,15.67407,3.333
20,Fri,15.67436,8.090
20,Fri,15.70436,10.441
20,Fri,15.70739,2.942
20,Fri,15.70844,2.601
20,Fri,15.71163,1.947
20,Fri,15.71377,8.236
20,Fri,15.71455,3.096
20,Fri,15.71676,5.909
20,Fri,15.71941,1.860
20,Fri,15.73541,4.067
20,Fri,15.74549,2.465
20,Fri,15.74745,4.168
20,Fri,15.75187,0.500
20,Fri,15.79136,0.723
20,Fri,15.79860,3.111
20,Fri,15.81139,2.773
20,Fri,15.81679,9.552
20,Fri,15.82651,4.245
20,Fri,15.84034,7.419
20,Fri,15.84599,2.356
20,Fri,15.85090,2.544
20,Fri,15.85101,10.308
20,Fri,15.85594,5.078
20,Fri,15.86361,4.089
20,Fri,15.87498,2.828
20,Fri,15.87564,2.042
20,Fri,15.88096,6.336
20,Fri,15.88572,1.037
20,Fri,15.88580,5.159
20,Fri,15.89239,7.363
20,Fri,15.90751,2.910
20,Fri,15.91573,1.000
20,Fri,15.92834,4.426
20,Fri,15.93287,3.698
20,Fri,15.94393,7.140
20,Fri,15.96864,3.819
20,Fri,16.01310,5.237
20,Fri,16.03352,4.771
20,Fri,16.04312,3.765
20,Fri,16.04370,2.153
20,Fri,16.04705,3.063
20,Fri,16.08425,10.719
20,Fri,16.08431,1.288
20,Fri,16.08504,7.447
20,Fri,16.11951,4.327
20,Fri,16.12494,1.588
20,Fri,16.12644,3.237
20,Fri,16.12938,2.401
20,Fri,16.13401,3.298
20,Fri,16.13639,5.327
20,Fri,16.13943,13.167
20,Fri,16.17180,4.919
20,Fri,16.18514,1.937
20,Fri,16.19303,7.668
20,Fri,16.20975,1.920
20,Fri,16.22545,1.307
20,Fri,16.23387,5.554
20,Fri,16.25135,0.893
20,Fri,16.25779,9.371
20,Fri,16.27677,3.196
20,Fri,16.29046,2.305
20,Fri,16.31153,10.189
20,Fri,16.32275,1.286
20,Fri,16.32534,1.379
20,Fri,16.33392,2.600
20,Fri,16.33724,3.119
20,Fri,16.36449,9.425
20,Fri,16.37229,5.867
20,Fri,16.37823,1.732
20,Fri,16.37831,2.000
20,Fri,16.41858,2.288
20,Fri,16.42634,0.879
20,Fri,16.45007,5.476
20,Fri,16.47979,2.864
20,Fri,16.51670,2.026
20,Fri,16.52022,5.210
20,Fri,16.55433,1.983
20,Fri,16.56016,1.631
20,Fri,16.56772,1.076
20,Fri,16.63884,6.251
20,Fri,16.65289,6.110
20,Fri,16.66949,2.032
20,Fri,16.69598,15.761
20,Fri,16.73950,1.477
20,Fri,16.75244,2.470
20,Fri,16.75687,3.280
20,Fri,16.76530,4.239
20,Fri,16.76665,2.921
20,Fri,16.77059,2.031
20,Fri,16.78317,4.864
20,Fri,16.79926,2.361
20,Fri,16.81178,4.932
20,Fri,16.85781,7.258
20,Fri,16.90410,4.549
20,Fri,16.93024,5.911
20,Fri,16.94050,6.652
20,Fri,16.96208,1.979
20,Fri,16.98234,1.410
20,Fri,17.00782,2.680
20,Fri,17.08972,12.150
20,Fri,17.09210,4.888
20,Fri,17.12211,0.646
20,Fri,17.13572,3.069
20,Fri,17.13712,4.292
20,Fri,17.14928,1.458
20,Fri,17.16559,3.781
20,Fri,17.18499,1.997
20,Fri,17.18892,2.641
20,Fri,17.19025,2.241
20,Fri,17.20038,1.830
20,Fri,17.22289,3.674
20,Fri,17.23955,1.473
20,Fri,17.27176,1.760
20,Fri,17.28431,2.450
20,Fri,17.29370,2.519
20,Fri,17.31873,3.395
20,Fri,17.36676,6.553
20,Fri,17.37923,1.383
20,Fri,17.38953,5.495
20,Fri,17.40620,2.244
20,Fri,17.42343,1.641
20,Fri,17.43013,0.651
20,Fri,17.44491,5.174
20,Fri,17.50471,2.649
20,Fri,17.50908,3.793
20,Fri,17.53436,7.222
20,Fri,17.54217,2.295
20,Fri,17.55468,2.664
20,Fri,17.59088,1.567
20,Fri,17.63771,6.284
20,Fri,17.68055,1.888
20,Fri,17.69293,2.203
20,Fri,17.70262,5.963
20,Fri,17.72769,2.754
20,Fri,17.76873,3.819
20,Fri,17.79167,2.900
20,Fri,17.79533,0.758
20,Fri,17.85200,2.211
20,Fri,17.89104,13.438
20,Fri,17.92690,1.078
20,Fri,17.95474,4.694
20,Fri,17.95771,1.830
20,Fri,17.95831,1.079
20,Fri,17.98283,1.332
20,Fri,18.00941,3.813
20,Fri,18.03154,2.586
20,Fri,18.06193,3.895
20,Fri,18.10259,2.377
20,Fri,18.11636,1.709
20,Fri,18.18810,11.637
20,Fri,18.20116,4.535
20,Fri,18.27158,4.064
20,Fri,18.29970,2.260
20,Fri,18.32997,4.446
20,Fri,18.37454,1.467
20,Fri,18.38379,1.154
20,Fri,18.41643,2.485
20,Fri,18.46296,7.304
20,Fri,18.49293,10.091
20,Fri,18.52589,2.104
20,Fri,18.60323,1.315
20,Fri,18.61363,2.570
20,Fri,18.68492,3.601
20,Fri,18.72475,4.268
20,Fri,18.75704,18.054
20,Fri,18.80105,5.893
20,Fri,18.82529,4.162
20,Fri,18.83241,2.072
20,Fri,18.84773,3.913
20,Fri,18.84812,5.286
20,Fri,18.85191,6.548
20,Fri,18.86554,5.134
20,Fri,18.86806,2.968
20,Fri,18.87049,1.159
20,Fri,18.88956,3.127
20,Fri,18.93032,5.099
20,Fri,18.93719,0.837
20,Fri,18.97461,9.068
20,Fri,19.00272,5.142
20,Fri,19.01652,14.415
20,Fri,19.03252,6.104
20,Fri,19.07288,6.398
20,Fri,19.13124,10.146
20,Fri,19.14239,2.838
20,Fri,19.15664,7.198
20,Fri,19.16276,3.593
20,Fri,19.16734,2.229
20,Fri,19.18995,4.200
20,Fri,19.21808,8.859
20,Fri,19.22909,2.057
20,Fri,19.22962,6.501
20,Fri,19.25468,0.534
20,Fri,19.26495,6.449
20,Fri,19.26679,12.056
20,Fri,19.27286,3.867
20,Fri,19.31379,1.976
20,Fri,19.33977,3.975
20,Fri,19.33979,4.182
20,Fri,19.38696,4.270
20,Fri,19.41576,3.527
20,Fri,19.43999,0.838
20,Fri,19.45738,3.712
20,Fri,19.53133,3.519
20,Fri,19.53443,7.849
20,Fri,19.53696,5.519
20,Fri,19.66189,2.807
20,Fri,19.68169,3.353
20,Fri,19.72852,9.846
20,Fri,19.75430,1.956
20,Fri,19.77198,1.910
20,Fri,19.81274,1.744
20,Fri,19.83674,1.634
20,Fri,19.87151,1.249
20,Fri,19.89810,1.217
20,Fri,19.89991,4.573
20,Fri,19.91660,3.896
20,Fri,19.92832,0.578
20,Fri,19.94759,0.490
20,Fri,19.97727,3.913
20,Fri,19.98801,2.274
20,Fri,19.99731,13.124
